<?xml version="1.0"?>
<rdf:RDF
    xmlns:dbpedia="http://dbpedia.org/property/"
    xmlns:skos="http://www.w3.org/2004/02/skos/core#"
    xmlns:oddlinker="http://data.linkedmdb.org/resource/oddlinker/"
    xmlns:db="http://data.linkedmdb.org/resource/"
    xmlns:movie="http://data.linkedmdb.org/resource/movie/"
    xmlns:rdf="http://www.w3.org/1999/02/22-rdf-syntax-ns#"
    xmlns:map="file:/C:/d2r-server-0.4/mapping.n3#"
    xmlns:foaf="http://xmlns.com/foaf/0.1/"
    xmlns:d2r="http://sites.wiwiss.fu-berlin.de/suhl/bizer/d2r-server/config.rdf#"
    xmlns:owl="http://www.w3.org/2002/07/owl#"
    xmlns:dc="http://purl.org/dc/terms/"
    xmlns:xsd="http://www.w3.org/2001/XMLSchema#"
    xmlns:rdfs="http://www.w3.org/2000/01/rdf-schema#">
  <rdf:Description rdf:about="http://www4.wiwiss.fu-berlin.de/flickrwrappr/photos/Peter_Graves_(actor)">
    <rdfs:seeAlso rdf:resource="http://data.linkedmdb.org/sparql?query=DESCRIBE+%3Chttp%3A%2F%2Fwww4.wiwiss.fu-berlin.de%2Fflickrwrappr%2Fphotos%2FPeter_Graves_%28actor%29%3E"/>
  </rdf:Description>
  <rdf:Description rdf:about="http://data.linkedmdb.org/resource/film/11335">
    <movie:actor>
      <foaf:Person rdf:about="http://data.linkedmdb.org/resource/actor/155">
        <movie:performance rdf:resource="http://data.linkedmdb.org/resource/performance/49053"/>
        <movie:performance rdf:resource="http://data.linkedmdb.org/resource/performance/81861"/>
        <movie:performance rdf:resource="http://data.linkedmdb.org/resource/performance/70864"/>
        <movie:performance rdf:resource="http://data.linkedmdb.org/resource/performance/81535"/>
        <dbpedia:hasPhotoCollection rdf:resource="http://www4.wiwiss.fu-berlin.de/flickrwrappr/photos/Peter_Graves_(actor)"/>
        <rdf:type rdf:resource="http://data.linkedmdb.org/resource/movie/actor"/>
        <owl:sameAs>
          <rdf:Description rdf:about="http://mpii.de/yago/resource/Peter_Graves_%28actor%29">
            <rdfs:seeAlso rdf:resource="http://data.linkedmdb.org/sparql?query=DESCRIBE+%3Chttp%3A%2F%2Fmpii.de%2Fyago%2Fresource%2FPeter_Graves_%2528actor%2529%3E"/>
          </rdf:Description>
        </owl:sameAs>
        <movie:performance rdf:resource="http://data.linkedmdb.org/resource/performance/89405"/>
        <owl:sameAs>
          <rdf:Description rdf:about="http://dbpedia.org/resource/Peter_Graves_%28actor%29">
            <rdfs:seeAlso rdf:resource="http://data.linkedmdb.org/sparql?query=DESCRIBE+%3Chttp%3A%2F%2Fdbpedia.org%2Fresource%2FPeter_Graves_%2528actor%2529%3E"/>
          </rdf:Description>
        </owl:sameAs>
        <movie:performance rdf:resource="http://data.linkedmdb.org/resource/performance/56021"/>
        <movie:performance rdf:resource="http://data.linkedmdb.org/resource/performance/64393"/>
        <movie:performance rdf:resource="http://data.linkedmdb.org/resource/performance/1551"/>
        <movie:performance rdf:resource="http://data.linkedmdb.org/resource/performance/88437"/>
        <movie:actor_actorid rdf:datatype="http://www.w3.org/2001/XMLSchema#int"
        >155</movie:actor_actorid>
        <movie:performance rdf:resource="http://data.linkedmdb.org/resource/performance/15533"/>
        <movie:performance rdf:resource="http://data.linkedmdb.org/resource/performance/80512"/>
        <rdfs:label>Peter Graves (Actor)</rdfs:label>
        <movie:performance rdf:resource="http://data.linkedmdb.org/resource/performance/40476"/>
        <movie:performance rdf:resource="http://data.linkedmdb.org/resource/performance/178062"/>
        <movie:performance rdf:resource="http://data.linkedmdb.org/resource/performance/4565"/>
        <movie:actor_name>Peter Graves</movie:actor_name>
        <movie:performance rdf:resource="http://data.linkedmdb.org/resource/performance/116429"/>
        <movie:performance rdf:resource="http://data.linkedmdb.org/resource/performance/118161"/>
        <movie:performance rdf:resource="http://data.linkedmdb.org/resource/performance/68777"/>
        <foaf:page>
          <rdf:Description rdf:about="http://www.freebase.com/view/guid/9202a8c04000641f8000000000281311">
            <rdfs:seeAlso rdf:resource="http://data.linkedmdb.org/sparql?query=DESCRIBE+%3Chttp%3A%2F%2Fwww.freebase.com%2Fview%2Fguid%2F9202a8c04000641f8000000000281311%3E"/>
          </rdf:Description>
        </foaf:page>
        <movie:performance rdf:resource="http://data.linkedmdb.org/resource/performance/181145"/>
      </foaf:Person>
    </movie:actor>
  </rdf:Description>
  <rdf:Description rdf:about="http://data.linkedmdb.org/resource/film/49507">
    <movie:actor rdf:resource="http://data.linkedmdb.org/resource/actor/155"/>
  </rdf:Description>
  <rdf:Description rdf:about="http://data.linkedmdb.org/resource/film/2841">
    <movie:actor rdf:resource="http://data.linkedmdb.org/resource/actor/155"/>
  </rdf:Description>
  <rdf:Description rdf:about="http://data.linkedmdb.org/resource/film/198">
    <movie:actor rdf:resource="http://data.linkedmdb.org/resource/actor/155"/>
  </rdf:Description>
  <rdf:Description rdf:about="http://xmlns.com/foaf/0.1/Person">
    <rdfs:seeAlso rdf:resource="http://data.linkedmdb.org/sparql?query=DESCRIBE+%3Chttp%3A%2F%2Fxmlns.com%2Ffoaf%2F0.1%2FPerson%3E"/>
  </rdf:Description>
  <rdf:Description rdf:about="http://data.linkedmdb.org/resource/film/40226">
    <movie:actor rdf:resource="http://data.linkedmdb.org/resource/actor/155"/>
  </rdf:Description>
  <rdf:Description rdf:about="http://data.linkedmdb.org/resource/film/3649">
    <movie:actor rdf:resource="http://data.linkedmdb.org/resource/actor/155"/>
  </rdf:Description>
  <rdf:Description rdf:about="http://data.linkedmdb.org/resource/film/40390">
    <movie:actor rdf:resource="http://data.linkedmdb.org/resource/actor/155"/>
  </rdf:Description>
  <rdf:Description rdf:about="http://data.linkedmdb.org/resource/film/1327">
    <movie:actor rdf:resource="http://data.linkedmdb.org/resource/actor/155"/>
  </rdf:Description>
  <rdf:Description rdf:about="http://data.linkedmdb.org/resource/film/7992">
    <movie:actor rdf:resource="http://data.linkedmdb.org/resource/actor/155"/>
  </rdf:Description>
  <rdf:Description rdf:about="http://data.linkedmdb.org/resource/film/3855">
    <movie:actor rdf:resource="http://data.linkedmdb.org/resource/actor/155"/>
  </rdf:Description>
  <rdf:Description rdf:about="http://data.linkedmdb.org/resource/film/62">
    <movie:actor rdf:resource="http://data.linkedmdb.org/resource/actor/155"/>
  </rdf:Description>
  <rdf:Description rdf:about="http://data.linkedmdb.org/resource/film/45473">
    <movie:actor rdf:resource="http://data.linkedmdb.org/resource/actor/155"/>
  </rdf:Description>
  <rdf:Description rdf:about="http://data.linkedmdb.org/resource/film/41374">
    <movie:actor rdf:resource="http://data.linkedmdb.org/resource/actor/155"/>
  </rdf:Description>
  <rdf:Description rdf:about="http://data.linkedmdb.org/resource/film/38679">
    <movie:actor rdf:resource="http://data.linkedmdb.org/resource/actor/155"/>
  </rdf:Description>
  <rdf:Description rdf:about="http://data.linkedmdb.org/resource/film/41458">
    <movie:actor rdf:resource="http://data.linkedmdb.org/resource/actor/155"/>
  </rdf:Description>
  <rdf:Description rdf:about="http://data.linkedmdb.org/resource/film/15225">
    <movie:actor rdf:resource="http://data.linkedmdb.org/resource/actor/155"/>
  </rdf:Description>
  <rdf:Description rdf:about="http://data.linkedmdb.org/data/actor/155">
    <rdfs:comment>Contents of this file may include content from 
		      FreeBase (http://www.freebase.com) or Wikipedia 
		      (http://www.wikipedia.org) licensed under CC-BY
		      (http://www.freebase.com/view/common/license/cc_attribution_25)
		      or GFDL (http://en.wikipedia.org/wiki/Wikipedia:Text_of_the_GNU_Free_Documentation_License). 
		      Refer to http://www.linkedmdb.org:8080/Main/Licensing for more details.</rdfs:comment>
    <rdfs:label>RDF Description of Peter Graves (Actor)</rdfs:label>
    <foaf:primaryTopic rdf:resource="http://data.linkedmdb.org/resource/actor/155"/>
  </rdf:Description>
  <rdf:Description rdf:about="http://data.linkedmdb.org/resource/interlink/93959">
    <oddlinker:link_source rdf:resource="http://data.linkedmdb.org/resource/actor/155"/>
  </rdf:Description>
  <rdf:Description rdf:about="http://data.linkedmdb.org/resource/film/65722">
    <movie:actor rdf:resource="http://data.linkedmdb.org/resource/actor/155"/>
  </rdf:Description>
  <rdf:Description rdf:about="http://data.linkedmdb.org/resource/interlink/117601">
    <oddlinker:link_source rdf:resource="http://data.linkedmdb.org/resource/actor/155"/>
  </rdf:Description>
  <rdf:Description rdf:about="http://data.linkedmdb.org/resource/film/4877">
    <movie:actor rdf:resource="http://data.linkedmdb.org/resource/actor/155"/>
  </rdf:Description>
  <rdf:Description rdf:about="http://data.linkedmdb.org/resource/interlink/105780">
    <oddlinker:link_source rdf:resource="http://data.linkedmdb.org/resource/actor/155"/>
  </rdf:Description>
</rdf:RDF>
