<?xml version="1.0"?>
<rdf:RDF
    xmlns:dbpedia="http://dbpedia.org/property/"
    xmlns:skos="http://www.w3.org/2004/02/skos/core#"
    xmlns:oddlinker="http://data.linkedmdb.org/resource/oddlinker/"
    xmlns:db="http://data.linkedmdb.org/resource/"
    xmlns:movie="http://data.linkedmdb.org/resource/movie/"
    xmlns:rdf="http://www.w3.org/1999/02/22-rdf-syntax-ns#"
    xmlns:map="file:/C:/d2r-server-0.4/mapping.n3#"
    xmlns:foaf="http://xmlns.com/foaf/0.1/"
    xmlns:d2r="http://sites.wiwiss.fu-berlin.de/suhl/bizer/d2r-server/config.rdf#"
    xmlns:owl="http://www.w3.org/2002/07/owl#"
    xmlns:dc="http://purl.org/dc/terms/"
    xmlns:xsd="http://www.w3.org/2001/XMLSchema#"
    xmlns:rdfs="http://www.w3.org/2000/01/rdf-schema#">
  <rdf:Description rdf:about="http://dbpedia.org/resource/Donald_O%27Connor">
    <rdfs:seeAlso rdf:resource="http://data.linkedmdb.org/sparql?query=DESCRIBE+%3Chttp%3A%2F%2Fdbpedia.org%2Fresource%2FDonald_O%2527Connor%3E"/>
  </rdf:Description>
  <rdf:Description rdf:about="http://data.linkedmdb.org/resource/film/54581">
    <movie:actor>
      <foaf:Person rdf:about="http://data.linkedmdb.org/resource/actor/111">
        <movie:performance rdf:resource="http://data.linkedmdb.org/resource/performance/156465"/>
        <movie:performance rdf:resource="http://data.linkedmdb.org/resource/performance/91659"/>
        <movie:performance rdf:resource="http://data.linkedmdb.org/resource/performance/92600"/>
        <movie:performance rdf:resource="http://data.linkedmdb.org/resource/performance/132030"/>
        <movie:actor_actorid rdf:datatype="http://www.w3.org/2001/XMLSchema#int"
        >111</movie:actor_actorid>
        <movie:performance rdf:resource="http://data.linkedmdb.org/resource/performance/118983"/>
        <movie:performance rdf:resource="http://data.linkedmdb.org/resource/performance/114209"/>
        <owl:sameAs rdf:resource="http://dbpedia.org/resource/Donald_O%27Connor"/>
        <dbpedia:hasPhotoCollection>
          <rdf:Description rdf:about="http://www4.wiwiss.fu-berlin.de/flickrwrappr/photos/Donald_O&apos;Connor">
            <rdfs:seeAlso rdf:resource="http://data.linkedmdb.org/sparql?query=DESCRIBE+%3Chttp%3A%2F%2Fwww4.wiwiss.fu-berlin.de%2Fflickrwrappr%2Fphotos%2FDonald_O%27Connor%3E"/>
          </rdf:Description>
        </dbpedia:hasPhotoCollection>
        <movie:performance rdf:resource="http://data.linkedmdb.org/resource/performance/114192"/>
        <movie:performance rdf:resource="http://data.linkedmdb.org/resource/performance/36360"/>
        <rdfs:label>Donald O'Connor (Actor)</rdfs:label>
        <movie:performance rdf:resource="http://data.linkedmdb.org/resource/performance/57339"/>
        <movie:performance rdf:resource="http://data.linkedmdb.org/resource/performance/131903"/>
        <movie:performance rdf:resource="http://data.linkedmdb.org/resource/performance/146434"/>
        <movie:performance rdf:resource="http://data.linkedmdb.org/resource/performance/96401"/>
        <owl:sameAs>
          <rdf:Description rdf:about="http://mpii.de/yago/resource/Donald_O%27Connor">
            <rdfs:seeAlso rdf:resource="http://data.linkedmdb.org/sparql?query=DESCRIBE+%3Chttp%3A%2F%2Fmpii.de%2Fyago%2Fresource%2FDonald_O%2527Connor%3E"/>
          </rdf:Description>
        </owl:sameAs>
        <movie:performance rdf:resource="http://data.linkedmdb.org/resource/performance/114064"/>
        <foaf:page>
          <rdf:Description rdf:about="http://www.freebase.com/view/guid/9202a8c04000641f80000000001dde85">
            <rdfs:seeAlso rdf:resource="http://data.linkedmdb.org/sparql?query=DESCRIBE+%3Chttp%3A%2F%2Fwww.freebase.com%2Fview%2Fguid%2F9202a8c04000641f80000000001dde85%3E"/>
          </rdf:Description>
        </foaf:page>
        <rdf:type rdf:resource="http://data.linkedmdb.org/resource/movie/actor"/>
        <movie:performance rdf:resource="http://data.linkedmdb.org/resource/performance/114100"/>
        <movie:performance rdf:resource="http://data.linkedmdb.org/resource/performance/26601"/>
        <movie:actor_name>Donald O'Connor</movie:actor_name>
      </foaf:Person>
    </movie:actor>
  </rdf:Description>
  <rdf:Description rdf:about="http://data.linkedmdb.org/resource/film/18427">
    <movie:actor rdf:resource="http://data.linkedmdb.org/resource/actor/111"/>
  </rdf:Description>
  <rdf:Description rdf:about="http://data.linkedmdb.org/resource/film/999">
    <movie:actor rdf:resource="http://data.linkedmdb.org/resource/actor/111"/>
  </rdf:Description>
  <rdf:Description rdf:about="http://data.linkedmdb.org/resource/film/54441">
    <movie:actor rdf:resource="http://data.linkedmdb.org/resource/actor/111"/>
  </rdf:Description>
  <rdf:Description rdf:about="http://xmlns.com/foaf/0.1/Person">
    <rdfs:seeAlso rdf:resource="http://data.linkedmdb.org/sparql?query=DESCRIBE+%3Chttp%3A%2F%2Fxmlns.com%2Ffoaf%2F0.1%2FPerson%3E"/>
  </rdf:Description>
  <rdf:Description rdf:about="http://data.linkedmdb.org/resource/film/75232">
    <movie:actor rdf:resource="http://data.linkedmdb.org/resource/actor/111"/>
  </rdf:Description>
  <rdf:Description rdf:about="http://data.linkedmdb.org/resource/film/3022">
    <movie:actor rdf:resource="http://data.linkedmdb.org/resource/actor/111"/>
  </rdf:Description>
  <rdf:Description rdf:about="http://data.linkedmdb.org/data/actor/111">
    <rdfs:comment>Contents of this file may include content from 
		      FreeBase (http://www.freebase.com) or Wikipedia 
		      (http://www.wikipedia.org) licensed under CC-BY
		      (http://www.freebase.com/view/common/license/cc_attribution_25)
		      or GFDL (http://en.wikipedia.org/wiki/Wikipedia:Text_of_the_GNU_Free_Documentation_License). 
		      Refer to http://www.linkedmdb.org:8080/Main/Licensing for more details.</rdfs:comment>
    <rdfs:label>RDF Description of Donald O'Connor (Actor)</rdfs:label>
    <foaf:primaryTopic rdf:resource="http://data.linkedmdb.org/resource/actor/111"/>
  </rdf:Description>
  <rdf:Description rdf:about="http://data.linkedmdb.org/resource/film/40264">
    <movie:actor rdf:resource="http://data.linkedmdb.org/resource/actor/111"/>
  </rdf:Description>
  <rdf:Description rdf:about="http://data.linkedmdb.org/resource/film/56789">
    <movie:actor rdf:resource="http://data.linkedmdb.org/resource/actor/111"/>
  </rdf:Description>
  <rdf:Description rdf:about="http://data.linkedmdb.org/resource/interlink/111559">
    <oddlinker:link_source rdf:resource="http://data.linkedmdb.org/resource/actor/111"/>
  </rdf:Description>
  <rdf:Description rdf:about="http://data.linkedmdb.org/resource/film/13141">
    <movie:actor rdf:resource="http://data.linkedmdb.org/resource/actor/111"/>
  </rdf:Description>
  <rdf:Description rdf:about="http://data.linkedmdb.org/resource/film/19717">
    <movie:actor rdf:resource="http://data.linkedmdb.org/resource/actor/111"/>
  </rdf:Description>
  <rdf:Description rdf:about="http://data.linkedmdb.org/resource/film/56904">
    <movie:actor rdf:resource="http://data.linkedmdb.org/resource/actor/111"/>
  </rdf:Description>
  <rdf:Description rdf:about="http://data.linkedmdb.org/resource/interlink/99738">
    <oddlinker:link_source rdf:resource="http://data.linkedmdb.org/resource/actor/111"/>
  </rdf:Description>
  <rdf:Description rdf:about="http://data.linkedmdb.org/resource/film/54601">
    <movie:actor rdf:resource="http://data.linkedmdb.org/resource/actor/111"/>
  </rdf:Description>
  <rdf:Description rdf:about="http://data.linkedmdb.org/resource/film/3176">
    <movie:actor rdf:resource="http://data.linkedmdb.org/resource/actor/111"/>
  </rdf:Description>
  <rdf:Description rdf:about="http://data.linkedmdb.org/resource/film/69646">
    <movie:actor rdf:resource="http://data.linkedmdb.org/resource/actor/111"/>
  </rdf:Description>
  <rdf:Description rdf:about="http://data.linkedmdb.org/resource/film/54390">
    <movie:actor rdf:resource="http://data.linkedmdb.org/resource/actor/111"/>
  </rdf:Description>
  <rdf:Description rdf:about="http://data.linkedmdb.org/resource/interlink/87917">
    <oddlinker:link_source rdf:resource="http://data.linkedmdb.org/resource/actor/111"/>
  </rdf:Description>
</rdf:RDF>
