<?xml version="1.0"?>
<rdf:RDF
    xmlns:dbpedia="http://dbpedia.org/property/"
    xmlns:skos="http://www.w3.org/2004/02/skos/core#"
    xmlns:oddlinker="http://data.linkedmdb.org/resource/oddlinker/"
    xmlns:db="http://data.linkedmdb.org/resource/"
    xmlns:movie="http://data.linkedmdb.org/resource/movie/"
    xmlns:rdf="http://www.w3.org/1999/02/22-rdf-syntax-ns#"
    xmlns:map="file:/C:/d2r-server-0.4/mapping.n3#"
    xmlns:foaf="http://xmlns.com/foaf/0.1/"
    xmlns:d2r="http://sites.wiwiss.fu-berlin.de/suhl/bizer/d2r-server/config.rdf#"
    xmlns:owl="http://www.w3.org/2002/07/owl#"
    xmlns:dc="http://purl.org/dc/terms/"
    xmlns:xsd="http://www.w3.org/2001/XMLSchema#"
    xmlns:rdfs="http://www.w3.org/2000/01/rdf-schema#">
  <rdf:Description rdf:about="http://mpii.de/yago/resource/Edmond_O%27Brien">
    <rdfs:seeAlso rdf:resource="http://data.linkedmdb.org/sparql?query=DESCRIBE+%3Chttp%3A%2F%2Fmpii.de%2Fyago%2Fresource%2FEdmond_O%2527Brien%3E"/>
  </rdf:Description>
  <rdf:Description rdf:about="http://data.linkedmdb.org/resource/film/38181">
    <movie:actor>
      <foaf:Person rdf:about="http://data.linkedmdb.org/resource/actor/263">
        <movie:performance rdf:resource="http://data.linkedmdb.org/resource/performance/89758"/>
        <rdfs:label>Edmond O'Brien (Actor)</rdfs:label>
        <movie:performance rdf:resource="http://data.linkedmdb.org/resource/performance/36110"/>
        <movie:performance rdf:resource="http://data.linkedmdb.org/resource/performance/108234"/>
        <movie:performance rdf:resource="http://data.linkedmdb.org/resource/performance/31635"/>
        <movie:actor_name>Edmond O'Brien</movie:actor_name>
        <movie:performance rdf:resource="http://data.linkedmdb.org/resource/performance/79343"/>
        <movie:performance rdf:resource="http://data.linkedmdb.org/resource/performance/32474"/>
        <movie:performance rdf:resource="http://data.linkedmdb.org/resource/performance/76492"/>
        <movie:performance rdf:resource="http://data.linkedmdb.org/resource/performance/39115"/>
        <movie:performance rdf:resource="http://data.linkedmdb.org/resource/performance/87945"/>
        <movie:performance rdf:resource="http://data.linkedmdb.org/resource/performance/31972"/>
        <movie:performance rdf:resource="http://data.linkedmdb.org/resource/performance/87967"/>
        <movie:performance rdf:resource="http://data.linkedmdb.org/resource/performance/31457"/>
        <movie:performance rdf:resource="http://data.linkedmdb.org/resource/performance/35737"/>
        <movie:performance rdf:resource="http://data.linkedmdb.org/resource/performance/85526"/>
        <movie:performance rdf:resource="http://data.linkedmdb.org/resource/performance/88496"/>
        <movie:performance rdf:resource="http://data.linkedmdb.org/resource/performance/7908"/>
        <movie:performance rdf:resource="http://data.linkedmdb.org/resource/performance/36011"/>
        <movie:performance rdf:resource="http://data.linkedmdb.org/resource/performance/32711"/>
        <movie:performance rdf:resource="http://data.linkedmdb.org/resource/performance/87544"/>
        <owl:sameAs>
          <rdf:Description rdf:about="http://dbpedia.org/resource/Edmond_O%27Brien">
            <rdfs:seeAlso rdf:resource="http://data.linkedmdb.org/sparql?query=DESCRIBE+%3Chttp%3A%2F%2Fdbpedia.org%2Fresource%2FEdmond_O%2527Brien%3E"/>
          </rdf:Description>
        </owl:sameAs>
        <movie:performance rdf:resource="http://data.linkedmdb.org/resource/performance/173864"/>
        <movie:performance rdf:resource="http://data.linkedmdb.org/resource/performance/114142"/>
        <movie:performance rdf:resource="http://data.linkedmdb.org/resource/performance/83908"/>
        <movie:performance rdf:resource="http://data.linkedmdb.org/resource/performance/22646"/>
        <movie:performance rdf:resource="http://data.linkedmdb.org/resource/performance/113218"/>
        <movie:performance rdf:resource="http://data.linkedmdb.org/resource/performance/90132"/>
        <dbpedia:hasPhotoCollection>
          <rdf:Description rdf:about="http://www4.wiwiss.fu-berlin.de/flickrwrappr/photos/Edmond_O&apos;Brien">
            <rdfs:seeAlso rdf:resource="http://data.linkedmdb.org/sparql?query=DESCRIBE+%3Chttp%3A%2F%2Fwww4.wiwiss.fu-berlin.de%2Fflickrwrappr%2Fphotos%2FEdmond_O%27Brien%3E"/>
          </rdf:Description>
        </dbpedia:hasPhotoCollection>
        <movie:performance rdf:resource="http://data.linkedmdb.org/resource/performance/170392"/>
        <movie:performance rdf:resource="http://data.linkedmdb.org/resource/performance/82687"/>
        <movie:performance rdf:resource="http://data.linkedmdb.org/resource/performance/89168"/>
        <owl:sameAs rdf:resource="http://mpii.de/yago/resource/Edmond_O%27Brien"/>
        <rdf:type rdf:resource="http://data.linkedmdb.org/resource/movie/actor"/>
        <movie:performance rdf:resource="http://data.linkedmdb.org/resource/performance/40948"/>
        <movie:performance rdf:resource="http://data.linkedmdb.org/resource/performance/113614"/>
        <foaf:page>
          <rdf:Description rdf:about="http://www.freebase.com/view/guid/9202a8c04000641f8000000000355686">
            <rdfs:seeAlso rdf:resource="http://data.linkedmdb.org/sparql?query=DESCRIBE+%3Chttp%3A%2F%2Fwww.freebase.com%2Fview%2Fguid%2F9202a8c04000641f8000000000355686%3E"/>
          </rdf:Description>
        </foaf:page>
        <movie:performance rdf:resource="http://data.linkedmdb.org/resource/performance/557"/>
        <movie:performance rdf:resource="http://data.linkedmdb.org/resource/performance/122912"/>
        <movie:performance rdf:resource="http://data.linkedmdb.org/resource/performance/86560"/>
        <movie:actor_actorid rdf:datatype="http://www.w3.org/2001/XMLSchema#int"
        >263</movie:actor_actorid>
        <movie:performance rdf:resource="http://data.linkedmdb.org/resource/performance/143020"/>
        <movie:performance rdf:resource="http://data.linkedmdb.org/resource/performance/82988"/>
        <movie:performance rdf:resource="http://data.linkedmdb.org/resource/performance/135850"/>
        <movie:performance rdf:resource="http://data.linkedmdb.org/resource/performance/88131"/>
        <movie:performance rdf:resource="http://data.linkedmdb.org/resource/performance/85469"/>
        <movie:performance rdf:resource="http://data.linkedmdb.org/resource/performance/10701"/>
      </foaf:Person>
    </movie:actor>
  </rdf:Description>
  <rdf:Description rdf:about="http://data.linkedmdb.org/resource/interlink/112058">
    <oddlinker:link_source rdf:resource="http://data.linkedmdb.org/resource/actor/263"/>
  </rdf:Description>
  <rdf:Description rdf:about="http://data.linkedmdb.org/resource/film/50795">
    <movie:actor rdf:resource="http://data.linkedmdb.org/resource/actor/263"/>
  </rdf:Description>
  <rdf:Description rdf:about="http://data.linkedmdb.org/resource/film/91433">
    <movie:actor rdf:resource="http://data.linkedmdb.org/resource/actor/263"/>
  </rdf:Description>
  <rdf:Description rdf:about="http://data.linkedmdb.org/data/actor/263">
    <rdfs:comment>Contents of this file may include content from 
		      FreeBase (http://www.freebase.com) or Wikipedia 
		      (http://www.wikipedia.org) licensed under CC-BY
		      (http://www.freebase.com/view/common/license/cc_attribution_25)
		      or GFDL (http://en.wikipedia.org/wiki/Wikipedia:Text_of_the_GNU_Free_Documentation_License). 
		      Refer to http://www.linkedmdb.org:8080/Main/Licensing for more details.</rdfs:comment>
    <rdfs:label>RDF Description of Edmond O'Brien (Actor)</rdfs:label>
    <foaf:primaryTopic rdf:resource="http://data.linkedmdb.org/resource/actor/263"/>
  </rdf:Description>
  <rdf:Description rdf:about="http://data.linkedmdb.org/resource/film/53321">
    <movie:actor rdf:resource="http://data.linkedmdb.org/resource/actor/263"/>
  </rdf:Description>
  <rdf:Description rdf:about="http://data.linkedmdb.org/resource/film/46381">
    <movie:actor rdf:resource="http://data.linkedmdb.org/resource/actor/263"/>
  </rdf:Description>
  <rdf:Description rdf:about="http://data.linkedmdb.org/resource/film/3208">
    <movie:actor rdf:resource="http://data.linkedmdb.org/resource/actor/263"/>
  </rdf:Description>
  <rdf:Description rdf:about="http://data.linkedmdb.org/resource/film/38456">
    <movie:actor rdf:resource="http://data.linkedmdb.org/resource/actor/263"/>
  </rdf:Description>
  <rdf:Description rdf:about="http://data.linkedmdb.org/resource/film/46598">
    <movie:actor rdf:resource="http://data.linkedmdb.org/resource/actor/263"/>
  </rdf:Description>
  <rdf:Description rdf:about="http://data.linkedmdb.org/resource/film/38377">
    <movie:actor rdf:resource="http://data.linkedmdb.org/resource/actor/263"/>
  </rdf:Description>
  <rdf:Description rdf:about="http://data.linkedmdb.org/resource/interlink/88416">
    <oddlinker:link_source rdf:resource="http://data.linkedmdb.org/resource/actor/263"/>
  </rdf:Description>
  <rdf:Description rdf:about="http://data.linkedmdb.org/resource/film/50652">
    <movie:actor rdf:resource="http://data.linkedmdb.org/resource/actor/263"/>
  </rdf:Description>
  <rdf:Description rdf:about="http://data.linkedmdb.org/resource/film/48612">
    <movie:actor rdf:resource="http://data.linkedmdb.org/resource/actor/263"/>
  </rdf:Description>
  <rdf:Description rdf:about="http://data.linkedmdb.org/resource/film/41151">
    <movie:actor rdf:resource="http://data.linkedmdb.org/resource/actor/263"/>
  </rdf:Description>
  <rdf:Description rdf:about="http://data.linkedmdb.org/resource/film/38658">
    <movie:actor rdf:resource="http://data.linkedmdb.org/resource/actor/263"/>
  </rdf:Description>
  <rdf:Description rdf:about="http://data.linkedmdb.org/resource/film/13750">
    <movie:actor rdf:resource="http://data.linkedmdb.org/resource/actor/263"/>
  </rdf:Description>
  <rdf:Description rdf:about="http://data.linkedmdb.org/resource/film/39396">
    <movie:actor rdf:resource="http://data.linkedmdb.org/resource/actor/263"/>
  </rdf:Description>
  <rdf:Description rdf:about="http://data.linkedmdb.org/resource/film/11223">
    <movie:actor rdf:resource="http://data.linkedmdb.org/resource/actor/263"/>
  </rdf:Description>
  <rdf:Description rdf:about="http://data.linkedmdb.org/resource/film/22344">
    <movie:actor rdf:resource="http://data.linkedmdb.org/resource/actor/263"/>
  </rdf:Description>
  <rdf:Description rdf:about="http://data.linkedmdb.org/resource/film/2587">
    <movie:actor rdf:resource="http://data.linkedmdb.org/resource/actor/263"/>
  </rdf:Description>
  <rdf:Description rdf:about="http://data.linkedmdb.org/resource/film/3710">
    <movie:actor rdf:resource="http://data.linkedmdb.org/resource/actor/263"/>
  </rdf:Description>
  <rdf:Description rdf:about="http://data.linkedmdb.org/resource/film/5645">
    <movie:actor rdf:resource="http://data.linkedmdb.org/resource/actor/263"/>
  </rdf:Description>
  <rdf:Description rdf:about="http://data.linkedmdb.org/resource/film/4000">
    <movie:actor rdf:resource="http://data.linkedmdb.org/resource/actor/263"/>
  </rdf:Description>
  <rdf:Description rdf:about="http://data.linkedmdb.org/resource/film/39145">
    <movie:actor rdf:resource="http://data.linkedmdb.org/resource/actor/263"/>
  </rdf:Description>
  <rdf:Description rdf:about="http://data.linkedmdb.org/resource/film/40539">
    <movie:actor rdf:resource="http://data.linkedmdb.org/resource/actor/263"/>
  </rdf:Description>
  <rdf:Description rdf:about="http://xmlns.com/foaf/0.1/Person">
    <rdfs:seeAlso rdf:resource="http://data.linkedmdb.org/sparql?query=DESCRIBE+%3Chttp%3A%2F%2Fxmlns.com%2Ffoaf%2F0.1%2FPerson%3E"/>
  </rdf:Description>
  <rdf:Description rdf:about="http://data.linkedmdb.org/resource/film/2862">
    <movie:actor rdf:resource="http://data.linkedmdb.org/resource/actor/263"/>
  </rdf:Description>
  <rdf:Description rdf:about="http://data.linkedmdb.org/resource/film/10171">
    <movie:actor rdf:resource="http://data.linkedmdb.org/resource/actor/263"/>
  </rdf:Description>
  <rdf:Description rdf:about="http://data.linkedmdb.org/resource/film/53883">
    <movie:actor rdf:resource="http://data.linkedmdb.org/resource/actor/263"/>
  </rdf:Description>
  <rdf:Description rdf:about="http://data.linkedmdb.org/resource/film/86770">
    <movie:actor rdf:resource="http://data.linkedmdb.org/resource/actor/263"/>
  </rdf:Description>
  <rdf:Description rdf:about="http://data.linkedmdb.org/resource/film/2237">
    <movie:actor rdf:resource="http://data.linkedmdb.org/resource/actor/263"/>
  </rdf:Description>
  <rdf:Description rdf:about="http://data.linkedmdb.org/resource/film/11836">
    <movie:actor rdf:resource="http://data.linkedmdb.org/resource/actor/263"/>
  </rdf:Description>
  <rdf:Description rdf:about="http://data.linkedmdb.org/resource/film/11347">
    <movie:actor rdf:resource="http://data.linkedmdb.org/resource/actor/263"/>
  </rdf:Description>
  <rdf:Description rdf:about="http://data.linkedmdb.org/resource/film/603">
    <movie:actor rdf:resource="http://data.linkedmdb.org/resource/actor/263"/>
  </rdf:Description>
  <rdf:Description rdf:about="http://data.linkedmdb.org/resource/interlink/100237">
    <oddlinker:link_source rdf:resource="http://data.linkedmdb.org/resource/actor/263"/>
  </rdf:Description>
  <rdf:Description rdf:about="http://data.linkedmdb.org/resource/film/4001">
    <movie:actor rdf:resource="http://data.linkedmdb.org/resource/actor/263"/>
  </rdf:Description>
  <rdf:Description rdf:about="http://data.linkedmdb.org/resource/film/305">
    <movie:actor rdf:resource="http://data.linkedmdb.org/resource/actor/263"/>
  </rdf:Description>
  <rdf:Description rdf:about="http://data.linkedmdb.org/resource/film/12536">
    <movie:actor rdf:resource="http://data.linkedmdb.org/resource/actor/263"/>
  </rdf:Description>
  <rdf:Description rdf:about="http://data.linkedmdb.org/resource/film/54532">
    <movie:actor rdf:resource="http://data.linkedmdb.org/resource/actor/263"/>
  </rdf:Description>
  <rdf:Description rdf:about="http://data.linkedmdb.org/resource/film/40494">
    <movie:actor rdf:resource="http://data.linkedmdb.org/resource/actor/263"/>
  </rdf:Description>
  <rdf:Description rdf:about="http://data.linkedmdb.org/resource/film/848">
    <movie:actor rdf:resource="http://data.linkedmdb.org/resource/actor/263"/>
  </rdf:Description>
  <rdf:Description rdf:about="http://data.linkedmdb.org/resource/film/46921">
    <movie:actor rdf:resource="http://data.linkedmdb.org/resource/actor/263"/>
  </rdf:Description>
  <rdf:Description rdf:about="http://data.linkedmdb.org/resource/film/48614">
    <movie:actor rdf:resource="http://data.linkedmdb.org/resource/actor/263"/>
  </rdf:Description>
</rdf:RDF>
