<?xml version="1.0"?>
<rdf:RDF
    xmlns:dbpedia="http://dbpedia.org/property/"
    xmlns:skos="http://www.w3.org/2004/02/skos/core#"
    xmlns:oddlinker="http://data.linkedmdb.org/resource/oddlinker/"
    xmlns:db="http://data.linkedmdb.org/resource/"
    xmlns:movie="http://data.linkedmdb.org/resource/movie/"
    xmlns:rdf="http://www.w3.org/1999/02/22-rdf-syntax-ns#"
    xmlns:map="file:/C:/d2r-server-0.4/mapping.n3#"
    xmlns:foaf="http://xmlns.com/foaf/0.1/"
    xmlns:d2r="http://sites.wiwiss.fu-berlin.de/suhl/bizer/d2r-server/config.rdf#"
    xmlns:owl="http://www.w3.org/2002/07/owl#"
    xmlns:dc="http://purl.org/dc/terms/"
    xmlns:xsd="http://www.w3.org/2001/XMLSchema#"
    xmlns:rdfs="http://www.w3.org/2000/01/rdf-schema#">
  <rdf:Description rdf:about="http://data.linkedmdb.org/resource/film/64420">
    <movie:actor>
      <movie:actor rdf:about="http://data.linkedmdb.org/resource/actor/231">
        <movie:performance rdf:resource="http://data.linkedmdb.org/resource/performance/13133"/>
        <foaf:page>
          <rdf:Description rdf:about="http://www.freebase.com/view/guid/9202a8c04000641f800000000031fc35">
            <rdfs:seeAlso rdf:resource="http://data.linkedmdb.org/sparql?query=DESCRIBE+%3Chttp%3A%2F%2Fwww.freebase.com%2Fview%2Fguid%2F9202a8c04000641f800000000031fc35%3E"/>
          </rdf:Description>
        </foaf:page>
        <movie:performance rdf:resource="http://data.linkedmdb.org/resource/performance/59938"/>
        <movie:performance rdf:resource="http://data.linkedmdb.org/resource/performance/101773"/>
        <movie:performance rdf:resource="http://data.linkedmdb.org/resource/performance/75038"/>
        <movie:performance rdf:resource="http://data.linkedmdb.org/resource/performance/43854"/>
        <movie:performance rdf:resource="http://data.linkedmdb.org/resource/performance/190643"/>
        <movie:performance rdf:resource="http://data.linkedmdb.org/resource/performance/20917"/>
        <movie:actor_actorid rdf:datatype="http://www.w3.org/2001/XMLSchema#int"
        >231</movie:actor_actorid>
        <movie:performance rdf:resource="http://data.linkedmdb.org/resource/performance/48978"/>
        <movie:performance rdf:resource="http://data.linkedmdb.org/resource/performance/119998"/>
        <movie:performance rdf:resource="http://data.linkedmdb.org/resource/performance/98496"/>
        <movie:performance rdf:resource="http://data.linkedmdb.org/resource/performance/125172"/>
        <movie:performance rdf:resource="http://data.linkedmdb.org/resource/performance/112574"/>
        <owl:sameAs>
          <rdf:Description rdf:about="http://dbpedia.org/resource/Beverly_D%27Angelo">
            <rdfs:seeAlso rdf:resource="http://data.linkedmdb.org/sparql?query=DESCRIBE+%3Chttp%3A%2F%2Fdbpedia.org%2Fresource%2FBeverly_D%2527Angelo%3E"/>
          </rdf:Description>
        </owl:sameAs>
        <movie:performance rdf:resource="http://data.linkedmdb.org/resource/performance/101729"/>
        <movie:performance rdf:resource="http://data.linkedmdb.org/resource/performance/61663"/>
        <movie:performance rdf:resource="http://data.linkedmdb.org/resource/performance/197565"/>
        <dbpedia:hasPhotoCollection>
          <rdf:Description rdf:about="http://www4.wiwiss.fu-berlin.de/flickrwrappr/photos/Beverly_D&apos;Angelo">
            <rdfs:seeAlso rdf:resource="http://data.linkedmdb.org/sparql?query=DESCRIBE+%3Chttp%3A%2F%2Fwww4.wiwiss.fu-berlin.de%2Fflickrwrappr%2Fphotos%2FBeverly_D%27Angelo%3E"/>
          </rdf:Description>
        </dbpedia:hasPhotoCollection>
        <movie:performance rdf:resource="http://data.linkedmdb.org/resource/performance/118738"/>
        <movie:performance rdf:resource="http://data.linkedmdb.org/resource/performance/68553"/>
        <rdfs:label>Beverly D'Angelo (Actor)</rdfs:label>
        <movie:performance rdf:resource="http://data.linkedmdb.org/resource/performance/161055"/>
        <movie:performance rdf:resource="http://data.linkedmdb.org/resource/performance/38262"/>
        <movie:performance rdf:resource="http://data.linkedmdb.org/resource/performance/54127"/>
        <owl:sameAs>
          <rdf:Description rdf:about="http://mpii.de/yago/resource/Beverly_D%27Angelo">
            <rdfs:seeAlso rdf:resource="http://data.linkedmdb.org/sparql?query=DESCRIBE+%3Chttp%3A%2F%2Fmpii.de%2Fyago%2Fresource%2FBeverly_D%2527Angelo%3E"/>
          </rdf:Description>
        </owl:sameAs>
        <movie:performance rdf:resource="http://data.linkedmdb.org/resource/performance/127251"/>
        <movie:performance rdf:resource="http://data.linkedmdb.org/resource/performance/2162"/>
        <movie:performance rdf:resource="http://data.linkedmdb.org/resource/performance/152427"/>
        <rdf:type>
          <rdf:Description rdf:about="http://xmlns.com/foaf/0.1/Person">
            <rdfs:seeAlso rdf:resource="http://data.linkedmdb.org/sparql?query=DESCRIBE+%3Chttp%3A%2F%2Fxmlns.com%2Ffoaf%2F0.1%2FPerson%3E"/>
          </rdf:Description>
        </rdf:type>
        <movie:actor_name>Beverly D'Angelo</movie:actor_name>
        <movie:performance rdf:resource="http://data.linkedmdb.org/resource/performance/128695"/>
        <movie:performance rdf:resource="http://data.linkedmdb.org/resource/performance/72190"/>
        <movie:performance rdf:resource="http://data.linkedmdb.org/resource/performance/90299"/>
        <movie:performance rdf:resource="http://data.linkedmdb.org/resource/performance/175833"/>
        <movie:performance rdf:resource="http://data.linkedmdb.org/resource/performance/123832"/>
        <movie:performance rdf:resource="http://data.linkedmdb.org/resource/performance/95675"/>
        <movie:performance rdf:resource="http://data.linkedmdb.org/resource/performance/195837"/>
        <movie:performance rdf:resource="http://data.linkedmdb.org/resource/performance/140101"/>
        <movie:performance rdf:resource="http://data.linkedmdb.org/resource/performance/136142"/>
        <movie:performance rdf:resource="http://data.linkedmdb.org/resource/performance/113710"/>
        <movie:performance rdf:resource="http://data.linkedmdb.org/resource/performance/129547"/>
        <movie:performance rdf:resource="http://data.linkedmdb.org/resource/performance/49339"/>
      </movie:actor>
    </movie:actor>
  </rdf:Description>
  <rdf:Description rdf:about="http://data.linkedmdb.org/resource/film/2976">
    <movie:actor rdf:resource="http://data.linkedmdb.org/resource/actor/231"/>
  </rdf:Description>
  <rdf:Description rdf:about="http://data.linkedmdb.org/resource/film/42867">
    <movie:actor rdf:resource="http://data.linkedmdb.org/resource/actor/231"/>
  </rdf:Description>
  <rdf:Description rdf:about="http://data.linkedmdb.org/resource/film/61392">
    <movie:actor rdf:resource="http://data.linkedmdb.org/resource/actor/231"/>
  </rdf:Description>
  <rdf:Description rdf:about="http://data.linkedmdb.org/resource/interlink/110110">
    <oddlinker:link_source rdf:resource="http://data.linkedmdb.org/resource/actor/231"/>
  </rdf:Description>
  <rdf:Description rdf:about="http://data.linkedmdb.org/resource/film/38777">
    <movie:actor rdf:resource="http://data.linkedmdb.org/resource/actor/231"/>
  </rdf:Description>
  <rdf:Description rdf:about="http://data.linkedmdb.org/resource/film/11508">
    <movie:actor rdf:resource="http://data.linkedmdb.org/resource/actor/231"/>
  </rdf:Description>
  <rdf:Description rdf:about="http://data.linkedmdb.org/resource/film/19783">
    <movie:actor rdf:resource="http://data.linkedmdb.org/resource/actor/231"/>
  </rdf:Description>
  <rdf:Description rdf:about="http://data.linkedmdb.org/resource/interlink/86468">
    <oddlinker:link_source rdf:resource="http://data.linkedmdb.org/resource/actor/231"/>
  </rdf:Description>
  <rdf:Description rdf:about="http://data.linkedmdb.org/resource/interlink/98289">
    <oddlinker:link_source rdf:resource="http://data.linkedmdb.org/resource/actor/231"/>
  </rdf:Description>
  <rdf:Description rdf:about="http://data.linkedmdb.org/resource/film/65858">
    <movie:actor rdf:resource="http://data.linkedmdb.org/resource/actor/231"/>
  </rdf:Description>
  <rdf:Description rdf:about="http://data.linkedmdb.org/resource/film/20336">
    <movie:actor rdf:resource="http://data.linkedmdb.org/resource/actor/231"/>
  </rdf:Description>
  <rdf:Description rdf:about="http://data.linkedmdb.org/resource/film/6078">
    <movie:actor rdf:resource="http://data.linkedmdb.org/resource/actor/231"/>
  </rdf:Description>
  <rdf:Description rdf:about="http://data.linkedmdb.org/resource/film/15424">
    <movie:actor rdf:resource="http://data.linkedmdb.org/resource/actor/231"/>
  </rdf:Description>
  <rdf:Description rdf:about="http://data.linkedmdb.org/resource/film/21388">
    <movie:actor rdf:resource="http://data.linkedmdb.org/resource/actor/231"/>
  </rdf:Description>
  <rdf:Description rdf:about="http://data.linkedmdb.org/resource/film/16525">
    <movie:actor rdf:resource="http://data.linkedmdb.org/resource/actor/231"/>
  </rdf:Description>
  <rdf:Description rdf:about="http://data.linkedmdb.org/resource/film/41859">
    <movie:actor rdf:resource="http://data.linkedmdb.org/resource/actor/231"/>
  </rdf:Description>
  <rdf:Description rdf:about="http://data.linkedmdb.org/resource/film/53979">
    <movie:actor rdf:resource="http://data.linkedmdb.org/resource/actor/231"/>
  </rdf:Description>
  <rdf:Description rdf:about="http://data.linkedmdb.org/resource/film/5555">
    <movie:actor rdf:resource="http://data.linkedmdb.org/resource/actor/231"/>
  </rdf:Description>
  <rdf:Description rdf:about="http://data.linkedmdb.org/resource/film/21358">
    <movie:actor rdf:resource="http://data.linkedmdb.org/resource/actor/231"/>
  </rdf:Description>
  <rdf:Description rdf:about="http://data.linkedmdb.org/resource/film/51242">
    <movie:actor rdf:resource="http://data.linkedmdb.org/resource/actor/231"/>
  </rdf:Description>
  <rdf:Description rdf:about="http://data.linkedmdb.org/resource/film/1365">
    <movie:actor rdf:resource="http://data.linkedmdb.org/resource/actor/231"/>
  </rdf:Description>
  <rdf:Description rdf:about="http://data.linkedmdb.org/resource/film/3441">
    <movie:actor rdf:resource="http://data.linkedmdb.org/resource/actor/231"/>
  </rdf:Description>
  <rdf:Description rdf:about="http://data.linkedmdb.org/resource/film/1020">
    <movie:actor rdf:resource="http://data.linkedmdb.org/resource/actor/231"/>
  </rdf:Description>
  <rdf:Description rdf:about="http://data.linkedmdb.org/resource/film/60434">
    <movie:actor rdf:resource="http://data.linkedmdb.org/resource/actor/231"/>
  </rdf:Description>
  <rdf:Description rdf:about="http://data.linkedmdb.org/resource/film/63843">
    <movie:actor rdf:resource="http://data.linkedmdb.org/resource/actor/231"/>
  </rdf:Description>
  <rdf:Description rdf:about="http://data.linkedmdb.org/resource/film/54424">
    <movie:actor rdf:resource="http://data.linkedmdb.org/resource/actor/231"/>
  </rdf:Description>
  <rdf:Description rdf:about="http://data.linkedmdb.org/resource/film/83068">
    <movie:actor rdf:resource="http://data.linkedmdb.org/resource/actor/231"/>
  </rdf:Description>
  <rdf:Description rdf:about="http://data.linkedmdb.org/resource/film/15063">
    <movie:actor rdf:resource="http://data.linkedmdb.org/resource/actor/231"/>
  </rdf:Description>
  <rdf:Description rdf:about="http://data.linkedmdb.org/resource/film/15301">
    <movie:actor rdf:resource="http://data.linkedmdb.org/resource/actor/231"/>
  </rdf:Description>
  <rdf:Description rdf:about="http://data.linkedmdb.org/resource/film/57686">
    <movie:actor rdf:resource="http://data.linkedmdb.org/resource/actor/231"/>
  </rdf:Description>
  <rdf:Description rdf:about="http://data.linkedmdb.org/data/actor/231">
    <rdfs:comment>Contents of this file may include content from 
		      FreeBase (http://www.freebase.com) or Wikipedia 
		      (http://www.wikipedia.org) licensed under CC-BY
		      (http://www.freebase.com/view/common/license/cc_attribution_25)
		      or GFDL (http://en.wikipedia.org/wiki/Wikipedia:Text_of_the_GNU_Free_Documentation_License). 
		      Refer to http://www.linkedmdb.org:8080/Main/Licensing for more details.</rdfs:comment>
    <rdfs:label>RDF Description of Beverly D'Angelo (Actor)</rdfs:label>
    <foaf:primaryTopic rdf:resource="http://data.linkedmdb.org/resource/actor/231"/>
  </rdf:Description>
  <rdf:Description rdf:about="http://data.linkedmdb.org/resource/film/62849">
    <movie:actor rdf:resource="http://data.linkedmdb.org/resource/actor/231"/>
  </rdf:Description>
  <rdf:Description rdf:about="http://data.linkedmdb.org/resource/film/311">
    <movie:actor rdf:resource="http://data.linkedmdb.org/resource/actor/231"/>
  </rdf:Description>
  <rdf:Description rdf:about="http://data.linkedmdb.org/resource/film/18476">
    <movie:actor rdf:resource="http://data.linkedmdb.org/resource/actor/231"/>
  </rdf:Description>
  <rdf:Description rdf:about="http://data.linkedmdb.org/resource/film/1922">
    <movie:actor rdf:resource="http://data.linkedmdb.org/resource/actor/231"/>
  </rdf:Description>
  <rdf:Description rdf:about="http://data.linkedmdb.org/resource/film/77993">
    <movie:actor rdf:resource="http://data.linkedmdb.org/resource/actor/231"/>
  </rdf:Description>
  <rdf:Description rdf:about="http://data.linkedmdb.org/resource/film/15091">
    <movie:actor rdf:resource="http://data.linkedmdb.org/resource/actor/231"/>
  </rdf:Description>
  <rdf:Description rdf:about="http://data.linkedmdb.org/resource/film/52661">
    <movie:actor rdf:resource="http://data.linkedmdb.org/resource/actor/231"/>
  </rdf:Description>
</rdf:RDF>
