<?xml version="1.0"?>
<rdf:RDF
    xmlns:dbpedia="http://dbpedia.org/property/"
    xmlns:skos="http://www.w3.org/2004/02/skos/core#"
    xmlns:oddlinker="http://data.linkedmdb.org/resource/oddlinker/"
    xmlns:db="http://data.linkedmdb.org/resource/"
    xmlns:movie="http://data.linkedmdb.org/resource/movie/"
    xmlns:rdf="http://www.w3.org/1999/02/22-rdf-syntax-ns#"
    xmlns:map="file:/C:/d2r-server-0.4/mapping.n3#"
    xmlns:foaf="http://xmlns.com/foaf/0.1/"
    xmlns:d2r="http://sites.wiwiss.fu-berlin.de/suhl/bizer/d2r-server/config.rdf#"
    xmlns:owl="http://www.w3.org/2002/07/owl#"
    xmlns:dc="http://purl.org/dc/terms/"
    xmlns:xsd="http://www.w3.org/2001/XMLSchema#"
    xmlns:rdfs="http://www.w3.org/2000/01/rdf-schema#">
  <rdf:Description rdf:about="http://data.linkedmdb.org/data/actor/10646">
    <rdfs:comment>Contents of this file may include content from 
		      FreeBase (http://www.freebase.com) or Wikipedia 
		      (http://www.wikipedia.org) licensed under CC-BY
		      (http://www.freebase.com/view/common/license/cc_attribution_25)
		      or GFDL (http://en.wikipedia.org/wiki/Wikipedia:Text_of_the_GNU_Free_Documentation_License). 
		      Refer to http://www.linkedmdb.org:8080/Main/Licensing for more details.</rdfs:comment>
    <rdfs:label>RDF Description of Susan George (Actor)</rdfs:label>
    <foaf:primaryTopic>
      <foaf:Person rdf:about="http://data.linkedmdb.org/resource/actor/10646">
        <movie:performance rdf:resource="http://data.linkedmdb.org/resource/performance/93706"/>
        <movie:actor_name>Susan George</movie:actor_name>
        <movie:performance rdf:resource="http://data.linkedmdb.org/resource/performance/96933"/>
        <movie:performance rdf:resource="http://data.linkedmdb.org/resource/performance/98642"/>
        <movie:performance rdf:resource="http://data.linkedmdb.org/resource/performance/127165"/>
        <foaf:page>
          <rdf:Description rdf:about="http://www.freebase.com/view/guid/9202a8c04000641f80000000055c1ef6">
            <rdfs:seeAlso rdf:resource="http://data.linkedmdb.org/sparql?query=DESCRIBE+%3Chttp%3A%2F%2Fwww.freebase.com%2Fview%2Fguid%2F9202a8c04000641f80000000055c1ef6%3E"/>
          </rdf:Description>
        </foaf:page>
        <movie:actor_actorid rdf:datatype="http://www.w3.org/2001/XMLSchema#int"
        >10646</movie:actor_actorid>
        <movie:performance rdf:resource="http://data.linkedmdb.org/resource/performance/94420"/>
        <rdfs:label>Susan George (Actor)</rdfs:label>
        <movie:performance rdf:resource="http://data.linkedmdb.org/resource/performance/69845"/>
        <movie:performance rdf:resource="http://data.linkedmdb.org/resource/performance/59940"/>
        <movie:performance rdf:resource="http://data.linkedmdb.org/resource/performance/96533"/>
        <rdf:type rdf:resource="http://data.linkedmdb.org/resource/movie/actor"/>
        <movie:performance rdf:resource="http://data.linkedmdb.org/resource/performance/95989"/>
        <movie:performance rdf:resource="http://data.linkedmdb.org/resource/performance/142754"/>
        <movie:performance rdf:resource="http://data.linkedmdb.org/resource/performance/156460"/>
        <movie:performance rdf:resource="http://data.linkedmdb.org/resource/performance/112213"/>
        <movie:performance rdf:resource="http://data.linkedmdb.org/resource/performance/95565"/>
        <movie:performance rdf:resource="http://data.linkedmdb.org/resource/performance/123688"/>
      </foaf:Person>
    </foaf:primaryTopic>
  </rdf:Description>
  <rdf:Description rdf:about="http://data.linkedmdb.org/resource/film/2230">
    <movie:actor rdf:resource="http://data.linkedmdb.org/resource/actor/10646"/>
  </rdf:Description>
  <rdf:Description rdf:about="http://data.linkedmdb.org/resource/film/62783">
    <movie:actor rdf:resource="http://data.linkedmdb.org/resource/actor/10646"/>
  </rdf:Description>
  <rdf:Description rdf:about="http://data.linkedmdb.org/resource/film/6228">
    <movie:actor rdf:resource="http://data.linkedmdb.org/resource/actor/10646"/>
  </rdf:Description>
  <rdf:Description rdf:about="http://data.linkedmdb.org/resource/film/38885">
    <movie:actor rdf:resource="http://data.linkedmdb.org/resource/actor/10646"/>
  </rdf:Description>
  <rdf:Description rdf:about="http://data.linkedmdb.org/resource/film/47338">
    <movie:actor rdf:resource="http://data.linkedmdb.org/resource/actor/10646"/>
  </rdf:Description>
  <rdf:Description rdf:about="http://data.linkedmdb.org/resource/film/60337">
    <movie:actor rdf:resource="http://data.linkedmdb.org/resource/actor/10646"/>
  </rdf:Description>
  <rdf:Description rdf:about="http://data.linkedmdb.org/resource/film/12038">
    <movie:actor rdf:resource="http://data.linkedmdb.org/resource/actor/10646"/>
  </rdf:Description>
  <rdf:Description rdf:about="http://data.linkedmdb.org/resource/film/5303">
    <movie:actor rdf:resource="http://data.linkedmdb.org/resource/actor/10646"/>
  </rdf:Description>
  <rdf:Description rdf:about="http://data.linkedmdb.org/resource/film/2454">
    <movie:actor rdf:resource="http://data.linkedmdb.org/resource/actor/10646"/>
  </rdf:Description>
  <rdf:Description rdf:about="http://xmlns.com/foaf/0.1/Person">
    <rdfs:seeAlso rdf:resource="http://data.linkedmdb.org/sparql?query=DESCRIBE+%3Chttp%3A%2F%2Fxmlns.com%2Ffoaf%2F0.1%2FPerson%3E"/>
  </rdf:Description>
  <rdf:Description rdf:about="http://data.linkedmdb.org/resource/film/52251">
    <movie:actor rdf:resource="http://data.linkedmdb.org/resource/actor/10646"/>
  </rdf:Description>
  <rdf:Description rdf:about="http://data.linkedmdb.org/resource/film/75225">
    <movie:actor rdf:resource="http://data.linkedmdb.org/resource/actor/10646"/>
  </rdf:Description>
  <rdf:Description rdf:about="http://data.linkedmdb.org/resource/film/3459">
    <movie:actor rdf:resource="http://data.linkedmdb.org/resource/actor/10646"/>
  </rdf:Description>
  <rdf:Description rdf:about="http://data.linkedmdb.org/resource/film/9585">
    <movie:actor rdf:resource="http://data.linkedmdb.org/resource/actor/10646"/>
  </rdf:Description>
  <rdf:Description rdf:about="http://data.linkedmdb.org/resource/film/48244">
    <movie:actor rdf:resource="http://data.linkedmdb.org/resource/actor/10646"/>
  </rdf:Description>
</rdf:RDF>
