<?xml version="1.0"?>
<rdf:RDF
    xmlns:dbpedia="http://dbpedia.org/property/"
    xmlns:skos="http://www.w3.org/2004/02/skos/core#"
    xmlns:oddlinker="http://data.linkedmdb.org/resource/oddlinker/"
    xmlns:db="http://data.linkedmdb.org/resource/"
    xmlns:movie="http://data.linkedmdb.org/resource/movie/"
    xmlns:rdf="http://www.w3.org/1999/02/22-rdf-syntax-ns#"
    xmlns:map="file:/C:/d2r-server-0.4/mapping.n3#"
    xmlns:foaf="http://xmlns.com/foaf/0.1/"
    xmlns:d2r="http://sites.wiwiss.fu-berlin.de/suhl/bizer/d2r-server/config.rdf#"
    xmlns:owl="http://www.w3.org/2002/07/owl#"
    xmlns:dc="http://purl.org/dc/terms/"
    xmlns:xsd="http://www.w3.org/2001/XMLSchema#"
    xmlns:rdfs="http://www.w3.org/2000/01/rdf-schema#">
  <rdf:Description rdf:about="http://data.linkedmdb.org/resource/film/4129">
    <movie:actor>
      <movie:actor rdf:about="http://data.linkedmdb.org/resource/actor/267">
        <movie:performance rdf:resource="http://data.linkedmdb.org/resource/performance/187064"/>
        <movie:performance rdf:resource="http://data.linkedmdb.org/resource/performance/89289"/>
        <rdfs:label>Margaret O'Brien (Actor)</rdfs:label>
        <movie:performance rdf:resource="http://data.linkedmdb.org/resource/performance/86926"/>
        <foaf:page>
          <rdf:Description rdf:about="http://www.freebase.com/view/guid/9202a8c04000641f800000000036271a">
            <rdfs:seeAlso rdf:resource="http://data.linkedmdb.org/sparql?query=DESCRIBE+%3Chttp%3A%2F%2Fwww.freebase.com%2Fview%2Fguid%2F9202a8c04000641f800000000036271a%3E"/>
          </rdf:Description>
        </foaf:page>
        <movie:performance rdf:resource="http://data.linkedmdb.org/resource/performance/53455"/>
        <movie:performance rdf:resource="http://data.linkedmdb.org/resource/performance/19339"/>
        <movie:performance rdf:resource="http://data.linkedmdb.org/resource/performance/89376"/>
        <movie:performance rdf:resource="http://data.linkedmdb.org/resource/performance/71591"/>
        <movie:performance rdf:resource="http://data.linkedmdb.org/resource/performance/106196"/>
        <movie:actor_actorid rdf:datatype="http://www.w3.org/2001/XMLSchema#int"
        >267</movie:actor_actorid>
        <movie:performance rdf:resource="http://data.linkedmdb.org/resource/performance/67650"/>
        <movie:actor_name>Margaret O'Brien</movie:actor_name>
        <owl:sameAs>
          <rdf:Description rdf:about="http://dbpedia.org/resource/Margaret_O%27Brien">
            <rdfs:seeAlso rdf:resource="http://data.linkedmdb.org/sparql?query=DESCRIBE+%3Chttp%3A%2F%2Fdbpedia.org%2Fresource%2FMargaret_O%2527Brien%3E"/>
          </rdf:Description>
        </owl:sameAs>
        <movie:performance rdf:resource="http://data.linkedmdb.org/resource/performance/89407"/>
        <movie:performance rdf:resource="http://data.linkedmdb.org/resource/performance/65676"/>
        <rdf:type>
          <rdf:Description rdf:about="http://xmlns.com/foaf/0.1/Person">
            <rdfs:seeAlso rdf:resource="http://data.linkedmdb.org/sparql?query=DESCRIBE+%3Chttp%3A%2F%2Fxmlns.com%2Ffoaf%2F0.1%2FPerson%3E"/>
          </rdf:Description>
        </rdf:type>
        <movie:performance rdf:resource="http://data.linkedmdb.org/resource/performance/57435"/>
        <movie:performance rdf:resource="http://data.linkedmdb.org/resource/performance/18130"/>
        <dbpedia:hasPhotoCollection>
          <rdf:Description rdf:about="http://www4.wiwiss.fu-berlin.de/flickrwrappr/photos/Margaret_O&apos;Brien">
            <rdfs:seeAlso rdf:resource="http://data.linkedmdb.org/sparql?query=DESCRIBE+%3Chttp%3A%2F%2Fwww4.wiwiss.fu-berlin.de%2Fflickrwrappr%2Fphotos%2FMargaret_O%27Brien%3E"/>
          </rdf:Description>
        </dbpedia:hasPhotoCollection>
        <owl:sameAs>
          <rdf:Description rdf:about="http://mpii.de/yago/resource/Margaret_O%27Brien">
            <rdfs:seeAlso rdf:resource="http://data.linkedmdb.org/sparql?query=DESCRIBE+%3Chttp%3A%2F%2Fmpii.de%2Fyago%2Fresource%2FMargaret_O%2527Brien%3E"/>
          </rdf:Description>
        </owl:sameAs>
      </movie:actor>
    </movie:actor>
  </rdf:Description>
  <rdf:Description rdf:about="http://data.linkedmdb.org/resource/interlink/116096">
    <oddlinker:link_source rdf:resource="http://data.linkedmdb.org/resource/actor/267"/>
  </rdf:Description>
  <rdf:Description rdf:about="http://data.linkedmdb.org/resource/film/24729">
    <movie:actor rdf:resource="http://data.linkedmdb.org/resource/actor/267"/>
  </rdf:Description>
  <rdf:Description rdf:about="http://data.linkedmdb.org/resource/film/38408">
    <movie:actor rdf:resource="http://data.linkedmdb.org/resource/actor/267"/>
  </rdf:Description>
  <rdf:Description rdf:about="http://data.linkedmdb.org/resource/film/50370">
    <movie:actor rdf:resource="http://data.linkedmdb.org/resource/actor/267"/>
  </rdf:Description>
  <rdf:Description rdf:about="http://data.linkedmdb.org/resource/interlink/92454">
    <oddlinker:link_source rdf:resource="http://data.linkedmdb.org/resource/actor/267"/>
  </rdf:Description>
  <rdf:Description rdf:about="http://data.linkedmdb.org/resource/film/45353">
    <movie:actor rdf:resource="http://data.linkedmdb.org/resource/actor/267"/>
  </rdf:Description>
  <rdf:Description rdf:about="http://data.linkedmdb.org/resource/film/16583">
    <movie:actor rdf:resource="http://data.linkedmdb.org/resource/actor/267"/>
  </rdf:Description>
  <rdf:Description rdf:about="http://data.linkedmdb.org/resource/film/41834">
    <movie:actor rdf:resource="http://data.linkedmdb.org/resource/actor/267"/>
  </rdf:Description>
  <rdf:Description rdf:about="http://data.linkedmdb.org/data/actor/267">
    <rdfs:comment>Contents of this file may include content from 
		      FreeBase (http://www.freebase.com) or Wikipedia 
		      (http://www.wikipedia.org) licensed under CC-BY
		      (http://www.freebase.com/view/common/license/cc_attribution_25)
		      or GFDL (http://en.wikipedia.org/wiki/Wikipedia:Text_of_the_GNU_Free_Documentation_License). 
		      Refer to http://www.linkedmdb.org:8080/Main/Licensing for more details.</rdfs:comment>
    <rdfs:label>RDF Description of Margaret O'Brien (Actor)</rdfs:label>
    <foaf:primaryTopic rdf:resource="http://data.linkedmdb.org/resource/actor/267"/>
  </rdf:Description>
  <rdf:Description rdf:about="http://data.linkedmdb.org/resource/interlink/104275">
    <oddlinker:link_source rdf:resource="http://data.linkedmdb.org/resource/actor/267"/>
  </rdf:Description>
  <rdf:Description rdf:about="http://data.linkedmdb.org/resource/film/10219">
    <movie:actor rdf:resource="http://data.linkedmdb.org/resource/actor/267"/>
  </rdf:Description>
  <rdf:Description rdf:about="http://data.linkedmdb.org/resource/film/243">
    <movie:actor rdf:resource="http://data.linkedmdb.org/resource/actor/267"/>
  </rdf:Description>
  <rdf:Description rdf:about="http://data.linkedmdb.org/resource/film/13197">
    <movie:actor rdf:resource="http://data.linkedmdb.org/resource/actor/267"/>
  </rdf:Description>
  <rdf:Description rdf:about="http://data.linkedmdb.org/resource/film/13085">
    <movie:actor rdf:resource="http://data.linkedmdb.org/resource/actor/267"/>
  </rdf:Description>
  <rdf:Description rdf:about="http://data.linkedmdb.org/resource/film/3423">
    <movie:actor rdf:resource="http://data.linkedmdb.org/resource/actor/267"/>
  </rdf:Description>
  <rdf:Description rdf:about="http://data.linkedmdb.org/resource/film/22565">
    <movie:actor rdf:resource="http://data.linkedmdb.org/resource/actor/267"/>
  </rdf:Description>
</rdf:RDF>
