<?xml version="1.0"?>
<rdf:RDF
    xmlns:dbpedia="http://dbpedia.org/property/"
    xmlns:skos="http://www.w3.org/2004/02/skos/core#"
    xmlns:oddlinker="http://data.linkedmdb.org/resource/oddlinker/"
    xmlns:db="http://data.linkedmdb.org/resource/"
    xmlns:movie="http://data.linkedmdb.org/resource/movie/"
    xmlns:rdf="http://www.w3.org/1999/02/22-rdf-syntax-ns#"
    xmlns:map="file:/C:/d2r-server-0.4/mapping.n3#"
    xmlns:foaf="http://xmlns.com/foaf/0.1/"
    xmlns:d2r="http://sites.wiwiss.fu-berlin.de/suhl/bizer/d2r-server/config.rdf#"
    xmlns:owl="http://www.w3.org/2002/07/owl#"
    xmlns:dc="http://purl.org/dc/terms/"
    xmlns:xsd="http://www.w3.org/2001/XMLSchema#"
    xmlns:rdfs="http://www.w3.org/2000/01/rdf-schema#">
  <rdf:Description rdf:about="http://data.linkedmdb.org/resource/film/44674">
    <movie:actor>
      <movie:actor rdf:about="http://data.linkedmdb.org/resource/actor/10191">
        <movie:performance rdf:resource="http://data.linkedmdb.org/resource/performance/70193"/>
        <movie:performance rdf:resource="http://data.linkedmdb.org/resource/performance/90847"/>
        <movie:actor_actorid rdf:datatype="http://www.w3.org/2001/XMLSchema#int"
        >10191</movie:actor_actorid>
        <movie:performance rdf:resource="http://data.linkedmdb.org/resource/performance/57550"/>
        <rdfs:label>Minta Durfee (Actor)</rdfs:label>
        <movie:actor_name>Minta Durfee</movie:actor_name>
        <movie:performance rdf:resource="http://data.linkedmdb.org/resource/performance/76857"/>
        <movie:performance rdf:resource="http://data.linkedmdb.org/resource/performance/47988"/>
        <dbpedia:hasPhotoCollection>
          <rdf:Description rdf:about="http://www4.wiwiss.fu-berlin.de/flickrwrappr/photos/Minta_Durfee">
            <rdfs:seeAlso rdf:resource="http://data.linkedmdb.org/sparql?query=DESCRIBE+%3Chttp%3A%2F%2Fwww4.wiwiss.fu-berlin.de%2Fflickrwrappr%2Fphotos%2FMinta_Durfee%3E"/>
          </rdf:Description>
        </dbpedia:hasPhotoCollection>
        <movie:performance rdf:resource="http://data.linkedmdb.org/resource/performance/78701"/>
        <movie:performance rdf:resource="http://data.linkedmdb.org/resource/performance/42887"/>
        <movie:performance rdf:resource="http://data.linkedmdb.org/resource/performance/77778"/>
        <movie:performance rdf:resource="http://data.linkedmdb.org/resource/performance/50511"/>
        <movie:performance rdf:resource="http://data.linkedmdb.org/resource/performance/65784"/>
        <owl:sameAs>
          <rdf:Description rdf:about="http://mpii.de/yago/resource/Minta_Durfee">
            <rdfs:seeAlso rdf:resource="http://data.linkedmdb.org/sparql?query=DESCRIBE+%3Chttp%3A%2F%2Fmpii.de%2Fyago%2Fresource%2FMinta_Durfee%3E"/>
          </rdf:Description>
        </owl:sameAs>
        <foaf:page>
          <rdf:Description rdf:about="http://www.freebase.com/view/guid/9202a8c04000641f80000000047e864f">
            <rdfs:seeAlso rdf:resource="http://data.linkedmdb.org/sparql?query=DESCRIBE+%3Chttp%3A%2F%2Fwww.freebase.com%2Fview%2Fguid%2F9202a8c04000641f80000000047e864f%3E"/>
          </rdf:Description>
        </foaf:page>
        <movie:performance rdf:resource="http://data.linkedmdb.org/resource/performance/66724"/>
        <movie:performance rdf:resource="http://data.linkedmdb.org/resource/performance/59126"/>
        <rdf:type>
          <rdf:Description rdf:about="http://xmlns.com/foaf/0.1/Person">
            <rdfs:seeAlso rdf:resource="http://data.linkedmdb.org/sparql?query=DESCRIBE+%3Chttp%3A%2F%2Fxmlns.com%2Ffoaf%2F0.1%2FPerson%3E"/>
          </rdf:Description>
        </rdf:type>
        <owl:sameAs>
          <rdf:Description rdf:about="http://dbpedia.org/resource/Minta_Durfee">
            <rdfs:seeAlso rdf:resource="http://data.linkedmdb.org/sparql?query=DESCRIBE+%3Chttp%3A%2F%2Fdbpedia.org%2Fresource%2FMinta_Durfee%3E"/>
          </rdf:Description>
        </owl:sameAs>
        <movie:performance rdf:resource="http://data.linkedmdb.org/resource/performance/83224"/>
      </movie:actor>
    </movie:actor>
  </rdf:Description>
  <rdf:Description rdf:about="http://data.linkedmdb.org/resource/film/16527">
    <movie:actor rdf:resource="http://data.linkedmdb.org/resource/actor/10191"/>
  </rdf:Description>
  <rdf:Description rdf:about="http://data.linkedmdb.org/resource/film/40651">
    <movie:actor rdf:resource="http://data.linkedmdb.org/resource/actor/10191"/>
  </rdf:Description>
  <rdf:Description rdf:about="http://data.linkedmdb.org/resource/interlink/93037">
    <oddlinker:link_source rdf:resource="http://data.linkedmdb.org/resource/actor/10191"/>
  </rdf:Description>
  <rdf:Description rdf:about="http://data.linkedmdb.org/resource/film/18076">
    <movie:actor rdf:resource="http://data.linkedmdb.org/resource/actor/10191"/>
  </rdf:Description>
  <rdf:Description rdf:about="http://data.linkedmdb.org/resource/film/18078">
    <movie:actor rdf:resource="http://data.linkedmdb.org/resource/actor/10191"/>
  </rdf:Description>
  <rdf:Description rdf:about="http://data.linkedmdb.org/resource/interlink/104858">
    <oddlinker:link_source rdf:resource="http://data.linkedmdb.org/resource/actor/10191"/>
  </rdf:Description>
  <rdf:Description rdf:about="http://data.linkedmdb.org/resource/film/14007">
    <movie:actor rdf:resource="http://data.linkedmdb.org/resource/actor/10191"/>
  </rdf:Description>
  <rdf:Description rdf:about="http://data.linkedmdb.org/data/actor/10191">
    <rdfs:comment>Contents of this file may include content from 
		      FreeBase (http://www.freebase.com) or Wikipedia 
		      (http://www.wikipedia.org) licensed under CC-BY
		      (http://www.freebase.com/view/common/license/cc_attribution_25)
		      or GFDL (http://en.wikipedia.org/wiki/Wikipedia:Text_of_the_GNU_Free_Documentation_License). 
		      Refer to http://www.linkedmdb.org:8080/Main/Licensing for more details.</rdfs:comment>
    <rdfs:label>RDF Description of Minta Durfee (Actor)</rdfs:label>
    <foaf:primaryTopic rdf:resource="http://data.linkedmdb.org/resource/actor/10191"/>
  </rdf:Description>
  <rdf:Description rdf:about="http://data.linkedmdb.org/resource/film/600">
    <movie:actor rdf:resource="http://data.linkedmdb.org/resource/actor/10191"/>
  </rdf:Description>
  <rdf:Description rdf:about="http://data.linkedmdb.org/resource/film/233">
    <movie:actor rdf:resource="http://data.linkedmdb.org/resource/actor/10191"/>
  </rdf:Description>
  <rdf:Description rdf:about="http://data.linkedmdb.org/resource/film/40927">
    <movie:actor rdf:resource="http://data.linkedmdb.org/resource/actor/10191"/>
  </rdf:Description>
  <rdf:Description rdf:about="http://data.linkedmdb.org/resource/film/7927">
    <movie:actor rdf:resource="http://data.linkedmdb.org/resource/actor/10191"/>
  </rdf:Description>
  <rdf:Description rdf:about="http://data.linkedmdb.org/resource/film/48167">
    <movie:actor rdf:resource="http://data.linkedmdb.org/resource/actor/10191"/>
  </rdf:Description>
  <rdf:Description rdf:about="http://data.linkedmdb.org/resource/film/13074">
    <movie:actor rdf:resource="http://data.linkedmdb.org/resource/actor/10191"/>
  </rdf:Description>
  <rdf:Description rdf:about="http://data.linkedmdb.org/resource/interlink/116679">
    <oddlinker:link_source rdf:resource="http://data.linkedmdb.org/resource/actor/10191"/>
  </rdf:Description>
  <rdf:Description rdf:about="http://data.linkedmdb.org/resource/film/44122">
    <movie:actor rdf:resource="http://data.linkedmdb.org/resource/actor/10191"/>
  </rdf:Description>
</rdf:RDF>
