<?xml version="1.0"?>
<rdf:RDF
    xmlns:dbpedia="http://dbpedia.org/property/"
    xmlns:skos="http://www.w3.org/2004/02/skos/core#"
    xmlns:oddlinker="http://data.linkedmdb.org/resource/oddlinker/"
    xmlns:db="http://data.linkedmdb.org/resource/"
    xmlns:movie="http://data.linkedmdb.org/resource/movie/"
    xmlns:rdf="http://www.w3.org/1999/02/22-rdf-syntax-ns#"
    xmlns:map="file:/C:/d2r-server-0.4/mapping.n3#"
    xmlns:foaf="http://xmlns.com/foaf/0.1/"
    xmlns:d2r="http://sites.wiwiss.fu-berlin.de/suhl/bizer/d2r-server/config.rdf#"
    xmlns:owl="http://www.w3.org/2002/07/owl#"
    xmlns:dc="http://purl.org/dc/terms/"
    xmlns:xsd="http://www.w3.org/2001/XMLSchema#"
    xmlns:rdfs="http://www.w3.org/2000/01/rdf-schema#">
  <rdf:Description rdf:about="http://data.linkedmdb.org/resource/film/66761">
    <movie:actor>
      <movie:actor rdf:about="http://data.linkedmdb.org/resource/actor/127">
        <movie:performance rdf:resource="http://data.linkedmdb.org/resource/performance/33288"/>
        <movie:performance rdf:resource="http://data.linkedmdb.org/resource/performance/128102"/>
        <movie:performance rdf:resource="http://data.linkedmdb.org/resource/performance/112005"/>
        <owl:sameAs>
          <rdf:Description rdf:about="http://dbpedia.org/resource/Sebastian_Cabot_%28actor%29">
            <rdfs:seeAlso rdf:resource="http://data.linkedmdb.org/sparql?query=DESCRIBE+%3Chttp%3A%2F%2Fdbpedia.org%2Fresource%2FSebastian_Cabot_%2528actor%2529%3E"/>
          </rdf:Description>
        </owl:sameAs>
        <movie:performance rdf:resource="http://data.linkedmdb.org/resource/performance/111663"/>
        <movie:performance rdf:resource="http://data.linkedmdb.org/resource/performance/107810"/>
        <movie:performance rdf:resource="http://data.linkedmdb.org/resource/performance/161730"/>
        <movie:performance rdf:resource="http://data.linkedmdb.org/resource/performance/94946"/>
        <owl:sameAs>
          <rdf:Description rdf:about="http://mpii.de/yago/resource/Sebastian_Cabot_%28actor%29">
            <rdfs:seeAlso rdf:resource="http://data.linkedmdb.org/sparql?query=DESCRIBE+%3Chttp%3A%2F%2Fmpii.de%2Fyago%2Fresource%2FSebastian_Cabot_%2528actor%2529%3E"/>
          </rdf:Description>
        </owl:sameAs>
        <movie:actor_name>Sebastian Cabot</movie:actor_name>
        <movie:performance rdf:resource="http://data.linkedmdb.org/resource/performance/158419"/>
        <dbpedia:hasPhotoCollection>
          <rdf:Description rdf:about="http://www4.wiwiss.fu-berlin.de/flickrwrappr/photos/Sebastian_Cabot_(actor)">
            <rdfs:seeAlso rdf:resource="http://data.linkedmdb.org/sparql?query=DESCRIBE+%3Chttp%3A%2F%2Fwww4.wiwiss.fu-berlin.de%2Fflickrwrappr%2Fphotos%2FSebastian_Cabot_%28actor%29%3E"/>
          </rdf:Description>
        </dbpedia:hasPhotoCollection>
        <movie:performance rdf:resource="http://data.linkedmdb.org/resource/performance/46441"/>
        <movie:performance rdf:resource="http://data.linkedmdb.org/resource/performance/43809"/>
        <foaf:page>
          <rdf:Description rdf:about="http://www.freebase.com/view/guid/9202a8c04000641f800000000021783a">
            <rdfs:seeAlso rdf:resource="http://data.linkedmdb.org/sparql?query=DESCRIBE+%3Chttp%3A%2F%2Fwww.freebase.com%2Fview%2Fguid%2F9202a8c04000641f800000000021783a%3E"/>
          </rdf:Description>
        </foaf:page>
        <movie:performance rdf:resource="http://data.linkedmdb.org/resource/performance/63384"/>
        <movie:performance rdf:resource="http://data.linkedmdb.org/resource/performance/51163"/>
        <rdf:type>
          <rdf:Description rdf:about="http://xmlns.com/foaf/0.1/Person">
            <rdfs:seeAlso rdf:resource="http://data.linkedmdb.org/sparql?query=DESCRIBE+%3Chttp%3A%2F%2Fxmlns.com%2Ffoaf%2F0.1%2FPerson%3E"/>
          </rdf:Description>
        </rdf:type>
        <rdfs:label>Sebastian Cabot (Actor)</rdfs:label>
        <movie:actor_actorid rdf:datatype="http://www.w3.org/2001/XMLSchema#int"
        >127</movie:actor_actorid>
      </movie:actor>
    </movie:actor>
  </rdf:Description>
  <rdf:Description rdf:about="http://data.linkedmdb.org/resource/film/43904">
    <movie:actor rdf:resource="http://data.linkedmdb.org/resource/actor/127"/>
  </rdf:Description>
  <rdf:Description rdf:about="http://data.linkedmdb.org/resource/film/23133">
    <movie:actor rdf:resource="http://data.linkedmdb.org/resource/actor/127"/>
  </rdf:Description>
  <rdf:Description rdf:about="http://data.linkedmdb.org/resource/film/63443">
    <movie:actor rdf:resource="http://data.linkedmdb.org/resource/actor/127"/>
  </rdf:Description>
  <rdf:Description rdf:about="http://data.linkedmdb.org/resource/interlink/119104">
    <oddlinker:link_source rdf:resource="http://data.linkedmdb.org/resource/actor/127"/>
  </rdf:Description>
  <rdf:Description rdf:about="http://data.linkedmdb.org/resource/film/8907">
    <movie:actor rdf:resource="http://data.linkedmdb.org/resource/actor/127"/>
  </rdf:Description>
  <rdf:Description rdf:about="http://data.linkedmdb.org/resource/film/5458">
    <movie:actor rdf:resource="http://data.linkedmdb.org/resource/actor/127"/>
  </rdf:Description>
  <rdf:Description rdf:about="http://data.linkedmdb.org/resource/film/4360">
    <movie:actor rdf:resource="http://data.linkedmdb.org/resource/actor/127"/>
  </rdf:Description>
  <rdf:Description rdf:about="http://data.linkedmdb.org/resource/interlink/107283">
    <oddlinker:link_source rdf:resource="http://data.linkedmdb.org/resource/actor/127"/>
  </rdf:Description>
  <rdf:Description rdf:about="http://data.linkedmdb.org/data/actor/127">
    <rdfs:comment>Contents of this file may include content from 
		      FreeBase (http://www.freebase.com) or Wikipedia 
		      (http://www.wikipedia.org) licensed under CC-BY
		      (http://www.freebase.com/view/common/license/cc_attribution_25)
		      or GFDL (http://en.wikipedia.org/wiki/Wikipedia:Text_of_the_GNU_Free_Documentation_License). 
		      Refer to http://www.linkedmdb.org:8080/Main/Licensing for more details.</rdfs:comment>
    <rdfs:label>RDF Description of Sebastian Cabot (Actor)</rdfs:label>
    <foaf:primaryTopic rdf:resource="http://data.linkedmdb.org/resource/actor/127"/>
  </rdf:Description>
  <rdf:Description rdf:about="http://data.linkedmdb.org/resource/film/41421">
    <movie:actor rdf:resource="http://data.linkedmdb.org/resource/actor/127"/>
  </rdf:Description>
  <rdf:Description rdf:about="http://data.linkedmdb.org/resource/film/24455">
    <movie:actor rdf:resource="http://data.linkedmdb.org/resource/actor/127"/>
  </rdf:Description>
  <rdf:Description rdf:about="http://data.linkedmdb.org/resource/film/1261">
    <movie:actor rdf:resource="http://data.linkedmdb.org/resource/actor/127"/>
  </rdf:Description>
  <rdf:Description rdf:about="http://data.linkedmdb.org/resource/interlink/95462">
    <oddlinker:link_source rdf:resource="http://data.linkedmdb.org/resource/actor/127"/>
  </rdf:Description>
  <rdf:Description rdf:about="http://data.linkedmdb.org/resource/film/15751">
    <movie:actor rdf:resource="http://data.linkedmdb.org/resource/actor/127"/>
  </rdf:Description>
  <rdf:Description rdf:about="http://data.linkedmdb.org/resource/film/8127">
    <movie:actor rdf:resource="http://data.linkedmdb.org/resource/actor/127"/>
  </rdf:Description>
</rdf:RDF>
