<?xml version="1.0"?>
<rdf:RDF
    xmlns:dbpedia="http://dbpedia.org/property/"
    xmlns:skos="http://www.w3.org/2004/02/skos/core#"
    xmlns:oddlinker="http://data.linkedmdb.org/resource/oddlinker/"
    xmlns:db="http://data.linkedmdb.org/resource/"
    xmlns:movie="http://data.linkedmdb.org/resource/movie/"
    xmlns:rdf="http://www.w3.org/1999/02/22-rdf-syntax-ns#"
    xmlns:map="file:/C:/d2r-server-0.4/mapping.n3#"
    xmlns:foaf="http://xmlns.com/foaf/0.1/"
    xmlns:d2r="http://sites.wiwiss.fu-berlin.de/suhl/bizer/d2r-server/config.rdf#"
    xmlns:owl="http://www.w3.org/2002/07/owl#"
    xmlns:dc="http://purl.org/dc/terms/"
    xmlns:xsd="http://www.w3.org/2001/XMLSchema#"
    xmlns:rdfs="http://www.w3.org/2000/01/rdf-schema#">
  <rdf:Description rdf:about="http://www.freebase.com/view/guid/9202a8c04000641f80000000047cac14">
    <rdfs:seeAlso rdf:resource="http://data.linkedmdb.org/sparql?query=DESCRIBE+%3Chttp%3A%2F%2Fwww.freebase.com%2Fview%2Fguid%2F9202a8c04000641f80000000047cac14%3E"/>
  </rdf:Description>
  <rdf:Description rdf:about="http://data.linkedmdb.org/resource/film/2393">
    <movie:actor>
      <movie:actor rdf:about="http://data.linkedmdb.org/resource/actor/10130">
        <owl:sameAs>
          <rdf:Description rdf:about="http://dbpedia.org/resource/Steven_Waddington">
            <rdfs:seeAlso rdf:resource="http://data.linkedmdb.org/sparql?query=DESCRIBE+%3Chttp%3A%2F%2Fdbpedia.org%2Fresource%2FSteven_Waddington%3E"/>
          </rdf:Description>
        </owl:sameAs>
        <dbpedia:hasPhotoCollection>
          <rdf:Description rdf:about="http://www4.wiwiss.fu-berlin.de/flickrwrappr/photos/Steven_Waddington">
            <rdfs:seeAlso rdf:resource="http://data.linkedmdb.org/sparql?query=DESCRIBE+%3Chttp%3A%2F%2Fwww4.wiwiss.fu-berlin.de%2Fflickrwrappr%2Fphotos%2FSteven_Waddington%3E"/>
          </rdf:Description>
        </dbpedia:hasPhotoCollection>
        <foaf:page rdf:resource="http://www.freebase.com/view/guid/9202a8c04000641f80000000047cac14"/>
        <movie:performance rdf:resource="http://data.linkedmdb.org/resource/performance/148500"/>
        <movie:performance rdf:resource="http://data.linkedmdb.org/resource/performance/127379"/>
        <rdf:type>
          <rdf:Description rdf:about="http://xmlns.com/foaf/0.1/Person">
            <rdfs:seeAlso rdf:resource="http://data.linkedmdb.org/sparql?query=DESCRIBE+%3Chttp%3A%2F%2Fxmlns.com%2Ffoaf%2F0.1%2FPerson%3E"/>
          </rdf:Description>
        </rdf:type>
        <movie:actor_actorid rdf:datatype="http://www.w3.org/2001/XMLSchema#int"
        >10130</movie:actor_actorid>
        <movie:performance rdf:resource="http://data.linkedmdb.org/resource/performance/93493"/>
        <owl:sameAs>
          <rdf:Description rdf:about="http://mpii.de/yago/resource/Steven_Waddington">
            <rdfs:seeAlso rdf:resource="http://data.linkedmdb.org/sparql?query=DESCRIBE+%3Chttp%3A%2F%2Fmpii.de%2Fyago%2Fresource%2FSteven_Waddington%3E"/>
          </rdf:Description>
        </owl:sameAs>
        <movie:performance rdf:resource="http://data.linkedmdb.org/resource/performance/59035"/>
        <movie:performance rdf:resource="http://data.linkedmdb.org/resource/performance/55500"/>
        <movie:actor_name>Steven Waddington</movie:actor_name>
        <movie:performance rdf:resource="http://data.linkedmdb.org/resource/performance/64311"/>
        <rdfs:label>Steven Waddington (Actor)</rdfs:label>
        <movie:performance rdf:resource="http://data.linkedmdb.org/resource/performance/156431"/>
        <movie:performance rdf:resource="http://data.linkedmdb.org/resource/performance/135566"/>
        <movie:performance rdf:resource="http://data.linkedmdb.org/resource/performance/46334"/>
      </movie:actor>
    </movie:actor>
  </rdf:Description>
  <rdf:Description rdf:about="http://data.linkedmdb.org/resource/film/7074">
    <movie:actor rdf:resource="http://data.linkedmdb.org/resource/actor/10130"/>
  </rdf:Description>
  <rdf:Description rdf:about="http://data.linkedmdb.org/data/actor/10130">
    <rdfs:comment>Contents of this file may include content from 
		      FreeBase (http://www.freebase.com) or Wikipedia 
		      (http://www.wikipedia.org) licensed under CC-BY
		      (http://www.freebase.com/view/common/license/cc_attribution_25)
		      or GFDL (http://en.wikipedia.org/wiki/Wikipedia:Text_of_the_GNU_Free_Documentation_License). 
		      Refer to http://www.linkedmdb.org:8080/Main/Licensing for more details.</rdfs:comment>
    <rdfs:label>RDF Description of Steven Waddington (Actor)</rdfs:label>
    <foaf:primaryTopic rdf:resource="http://data.linkedmdb.org/resource/actor/10130"/>
  </rdf:Description>
  <rdf:Description rdf:about="http://data.linkedmdb.org/resource/film/8896">
    <movie:actor rdf:resource="http://data.linkedmdb.org/resource/actor/10130"/>
  </rdf:Description>
  <rdf:Description rdf:about="http://data.linkedmdb.org/resource/interlink/96039">
    <oddlinker:link_source rdf:resource="http://data.linkedmdb.org/resource/actor/10130"/>
  </rdf:Description>
  <rdf:Description rdf:about="http://data.linkedmdb.org/resource/film/7609">
    <movie:actor rdf:resource="http://data.linkedmdb.org/resource/actor/10130"/>
  </rdf:Description>
  <rdf:Description rdf:about="http://data.linkedmdb.org/resource/film/62940">
    <movie:actor rdf:resource="http://data.linkedmdb.org/resource/actor/10130"/>
  </rdf:Description>
  <rdf:Description rdf:about="http://data.linkedmdb.org/resource/film/72321">
    <movie:actor rdf:resource="http://data.linkedmdb.org/resource/actor/10130"/>
  </rdf:Description>
  <rdf:Description rdf:about="http://data.linkedmdb.org/resource/film/75170">
    <movie:actor rdf:resource="http://data.linkedmdb.org/resource/actor/10130"/>
  </rdf:Description>
  <rdf:Description rdf:about="http://data.linkedmdb.org/resource/interlink/107860">
    <oddlinker:link_source rdf:resource="http://data.linkedmdb.org/resource/actor/10130"/>
  </rdf:Description>
  <rdf:Description rdf:about="http://data.linkedmdb.org/resource/film/2193">
    <movie:actor rdf:resource="http://data.linkedmdb.org/resource/actor/10130"/>
  </rdf:Description>
  <rdf:Description rdf:about="http://data.linkedmdb.org/resource/interlink/119681">
    <oddlinker:link_source rdf:resource="http://data.linkedmdb.org/resource/actor/10130"/>
  </rdf:Description>
  <rdf:Description rdf:about="http://data.linkedmdb.org/resource/film/45565">
    <movie:actor rdf:resource="http://data.linkedmdb.org/resource/actor/10130"/>
  </rdf:Description>
</rdf:RDF>
