<?xml version="1.0"?>
<rdf:RDF
    xmlns:dbpedia="http://dbpedia.org/property/"
    xmlns:skos="http://www.w3.org/2004/02/skos/core#"
    xmlns:oddlinker="http://data.linkedmdb.org/resource/oddlinker/"
    xmlns:db="http://data.linkedmdb.org/resource/"
    xmlns:movie="http://data.linkedmdb.org/resource/movie/"
    xmlns:rdf="http://www.w3.org/1999/02/22-rdf-syntax-ns#"
    xmlns:map="file:/C:/d2r-server-0.4/mapping.n3#"
    xmlns:foaf="http://xmlns.com/foaf/0.1/"
    xmlns:d2r="http://sites.wiwiss.fu-berlin.de/suhl/bizer/d2r-server/config.rdf#"
    xmlns:owl="http://www.w3.org/2002/07/owl#"
    xmlns:dc="http://purl.org/dc/terms/"
    xmlns:xsd="http://www.w3.org/2001/XMLSchema#"
    xmlns:rdfs="http://www.w3.org/2000/01/rdf-schema#">
  <rdf:Description rdf:about="http://data.linkedmdb.org/resource/film/53580">
    <movie:actor>
      <movie:actor rdf:about="http://data.linkedmdb.org/resource/actor/10246">
        <movie:performance rdf:resource="http://data.linkedmdb.org/resource/performance/51365"/>
        <movie:performance rdf:resource="http://data.linkedmdb.org/resource/performance/62708"/>
        <foaf:page>
          <rdf:Description rdf:about="http://www.freebase.com/view/guid/9202a8c04000641f800000000480b458">
            <rdfs:seeAlso rdf:resource="http://data.linkedmdb.org/sparql?query=DESCRIBE+%3Chttp%3A%2F%2Fwww.freebase.com%2Fview%2Fguid%2F9202a8c04000641f800000000480b458%3E"/>
          </rdf:Description>
        </foaf:page>
        <movie:performance rdf:resource="http://data.linkedmdb.org/resource/performance/43903"/>
        <owl:sameAs>
          <rdf:Description rdf:about="http://dbpedia.org/resource/Walter_Connolly">
            <rdfs:seeAlso rdf:resource="http://data.linkedmdb.org/sparql?query=DESCRIBE+%3Chttp%3A%2F%2Fdbpedia.org%2Fresource%2FWalter_Connolly%3E"/>
          </rdf:Description>
        </owl:sameAs>
        <rdf:type>
          <rdf:Description rdf:about="http://xmlns.com/foaf/0.1/Person">
            <rdfs:seeAlso rdf:resource="http://data.linkedmdb.org/sparql?query=DESCRIBE+%3Chttp%3A%2F%2Fxmlns.com%2Ffoaf%2F0.1%2FPerson%3E"/>
          </rdf:Description>
        </rdf:type>
        <movie:actor_actorid rdf:datatype="http://www.w3.org/2001/XMLSchema#int"
        >10246</movie:actor_actorid>
        <movie:performance rdf:resource="http://data.linkedmdb.org/resource/performance/78016"/>
        <movie:performance rdf:resource="http://data.linkedmdb.org/resource/performance/56477"/>
        <movie:performance rdf:resource="http://data.linkedmdb.org/resource/performance/53161"/>
        <movie:performance rdf:resource="http://data.linkedmdb.org/resource/performance/53854"/>
        <movie:performance rdf:resource="http://data.linkedmdb.org/resource/performance/198519"/>
        <movie:performance rdf:resource="http://data.linkedmdb.org/resource/performance/52687"/>
        <movie:performance rdf:resource="http://data.linkedmdb.org/resource/performance/142408"/>
        <movie:performance rdf:resource="http://data.linkedmdb.org/resource/performance/114018"/>
        <movie:performance rdf:resource="http://data.linkedmdb.org/resource/performance/196282"/>
        <movie:performance rdf:resource="http://data.linkedmdb.org/resource/performance/198030"/>
        <rdfs:label>Walter Connolly (Actor)</rdfs:label>
        <movie:performance rdf:resource="http://data.linkedmdb.org/resource/performance/102250"/>
        <movie:performance rdf:resource="http://data.linkedmdb.org/resource/performance/52148"/>
        <movie:performance rdf:resource="http://data.linkedmdb.org/resource/performance/94100"/>
        <dbpedia:hasPhotoCollection>
          <rdf:Description rdf:about="http://www4.wiwiss.fu-berlin.de/flickrwrappr/photos/Walter_Connolly">
            <rdfs:seeAlso rdf:resource="http://data.linkedmdb.org/sparql?query=DESCRIBE+%3Chttp%3A%2F%2Fwww4.wiwiss.fu-berlin.de%2Fflickrwrappr%2Fphotos%2FWalter_Connolly%3E"/>
          </rdf:Description>
        </dbpedia:hasPhotoCollection>
        <movie:performance rdf:resource="http://data.linkedmdb.org/resource/performance/109490"/>
        <owl:sameAs>
          <rdf:Description rdf:about="http://mpii.de/yago/resource/Walter_Connolly">
            <rdfs:seeAlso rdf:resource="http://data.linkedmdb.org/sparql?query=DESCRIBE+%3Chttp%3A%2F%2Fmpii.de%2Fyago%2Fresource%2FWalter_Connolly%3E"/>
          </rdf:Description>
        </owl:sameAs>
        <movie:actor_name>Walter Connolly</movie:actor_name>
      </movie:actor>
    </movie:actor>
  </rdf:Description>
  <rdf:Description rdf:about="http://data.linkedmdb.org/resource/interlink/96993">
    <oddlinker:link_source rdf:resource="http://data.linkedmdb.org/resource/actor/10246"/>
  </rdf:Description>
  <rdf:Description rdf:about="http://data.linkedmdb.org/resource/film/38204">
    <movie:actor rdf:resource="http://data.linkedmdb.org/resource/actor/10246"/>
  </rdf:Description>
  <rdf:Description rdf:about="http://data.linkedmdb.org/resource/film/98133">
    <movie:actor rdf:resource="http://data.linkedmdb.org/resource/actor/10246"/>
  </rdf:Description>
  <rdf:Description rdf:about="http://data.linkedmdb.org/resource/film/2971">
    <movie:actor rdf:resource="http://data.linkedmdb.org/resource/actor/10246"/>
  </rdf:Description>
  <rdf:Description rdf:about="http://data.linkedmdb.org/resource/film/65067">
    <movie:actor rdf:resource="http://data.linkedmdb.org/resource/actor/10246"/>
  </rdf:Description>
  <rdf:Description rdf:about="http://data.linkedmdb.org/resource/film/569">
    <movie:actor rdf:resource="http://data.linkedmdb.org/resource/actor/10246"/>
  </rdf:Description>
  <rdf:Description rdf:about="http://data.linkedmdb.org/resource/film/13022">
    <movie:actor rdf:resource="http://data.linkedmdb.org/resource/actor/10246"/>
  </rdf:Description>
  <rdf:Description rdf:about="http://data.linkedmdb.org/resource/film/13443">
    <movie:actor rdf:resource="http://data.linkedmdb.org/resource/actor/10246"/>
  </rdf:Description>
  <rdf:Description rdf:about="http://data.linkedmdb.org/resource/interlink/120635">
    <oddlinker:link_source rdf:resource="http://data.linkedmdb.org/resource/actor/10246"/>
  </rdf:Description>
  <rdf:Description rdf:about="http://data.linkedmdb.org/resource/film/13445">
    <movie:actor rdf:resource="http://data.linkedmdb.org/resource/actor/10246"/>
  </rdf:Description>
  <rdf:Description rdf:about="http://data.linkedmdb.org/resource/film/68511">
    <movie:actor rdf:resource="http://data.linkedmdb.org/resource/actor/10246"/>
  </rdf:Description>
  <rdf:Description rdf:about="http://data.linkedmdb.org/resource/film/98522">
    <movie:actor rdf:resource="http://data.linkedmdb.org/resource/actor/10246"/>
  </rdf:Description>
  <rdf:Description rdf:about="http://data.linkedmdb.org/resource/film/54315">
    <movie:actor rdf:resource="http://data.linkedmdb.org/resource/actor/10246"/>
  </rdf:Description>
  <rdf:Description rdf:about="http://data.linkedmdb.org/resource/film/38270">
    <movie:actor rdf:resource="http://data.linkedmdb.org/resource/actor/10246"/>
  </rdf:Description>
  <rdf:Description rdf:about="http://data.linkedmdb.org/resource/film/21764">
    <movie:actor rdf:resource="http://data.linkedmdb.org/resource/actor/10246"/>
  </rdf:Description>
  <rdf:Description rdf:about="http://data.linkedmdb.org/resource/interlink/108814">
    <oddlinker:link_source rdf:resource="http://data.linkedmdb.org/resource/actor/10246"/>
  </rdf:Description>
  <rdf:Description rdf:about="http://data.linkedmdb.org/resource/film/48401">
    <movie:actor rdf:resource="http://data.linkedmdb.org/resource/actor/10246"/>
  </rdf:Description>
  <rdf:Description rdf:about="http://data.linkedmdb.org/resource/film/85">
    <movie:actor rdf:resource="http://data.linkedmdb.org/resource/actor/10246"/>
  </rdf:Description>
  <rdf:Description rdf:about="http://data.linkedmdb.org/resource/film/13434">
    <movie:actor rdf:resource="http://data.linkedmdb.org/resource/actor/10246"/>
  </rdf:Description>
  <rdf:Description rdf:about="http://data.linkedmdb.org/data/actor/10246">
    <rdfs:comment>Contents of this file may include content from 
		      FreeBase (http://www.freebase.com) or Wikipedia 
		      (http://www.wikipedia.org) licensed under CC-BY
		      (http://www.freebase.com/view/common/license/cc_attribution_25)
		      or GFDL (http://en.wikipedia.org/wiki/Wikipedia:Text_of_the_GNU_Free_Documentation_License). 
		      Refer to http://www.linkedmdb.org:8080/Main/Licensing for more details.</rdfs:comment>
    <rdfs:label>RDF Description of Walter Connolly (Actor)</rdfs:label>
    <foaf:primaryTopic rdf:resource="http://data.linkedmdb.org/resource/actor/10246"/>
  </rdf:Description>
</rdf:RDF>
