<?xml version="1.0"?>
<rdf:RDF
    xmlns:dbpedia="http://dbpedia.org/property/"
    xmlns:skos="http://www.w3.org/2004/02/skos/core#"
    xmlns:oddlinker="http://data.linkedmdb.org/resource/oddlinker/"
    xmlns:db="http://data.linkedmdb.org/resource/"
    xmlns:movie="http://data.linkedmdb.org/resource/movie/"
    xmlns:rdf="http://www.w3.org/1999/02/22-rdf-syntax-ns#"
    xmlns:map="file:/C:/d2r-server-0.4/mapping.n3#"
    xmlns:foaf="http://xmlns.com/foaf/0.1/"
    xmlns:d2r="http://sites.wiwiss.fu-berlin.de/suhl/bizer/d2r-server/config.rdf#"
    xmlns:owl="http://www.w3.org/2002/07/owl#"
    xmlns:dc="http://purl.org/dc/terms/"
    xmlns:xsd="http://www.w3.org/2001/XMLSchema#"
    xmlns:rdfs="http://www.w3.org/2000/01/rdf-schema#">
  <rdf:Description rdf:about="http://data.linkedmdb.org/resource/film/38211">
    <movie:actor>
      <movie:actor rdf:about="http://data.linkedmdb.org/resource/actor/10117">
        <movie:performance rdf:resource="http://data.linkedmdb.org/resource/performance/72559"/>
        <movie:performance rdf:resource="http://data.linkedmdb.org/resource/performance/72205"/>
        <movie:performance rdf:resource="http://data.linkedmdb.org/resource/performance/51178"/>
        <rdf:type>
          <rdf:Description rdf:about="http://xmlns.com/foaf/0.1/Person">
            <rdfs:seeAlso rdf:resource="http://data.linkedmdb.org/sparql?query=DESCRIBE+%3Chttp%3A%2F%2Fxmlns.com%2Ffoaf%2F0.1%2FPerson%3E"/>
          </rdf:Description>
        </rdf:type>
        <movie:performance rdf:resource="http://data.linkedmdb.org/resource/performance/89648"/>
        <rdfs:label>J.C. Quinn (Actor)</rdfs:label>
        <movie:performance rdf:resource="http://data.linkedmdb.org/resource/performance/43701"/>
        <foaf:page>
          <rdf:Description rdf:about="http://www.freebase.com/view/guid/9202a8c04000641f80000000047c09bb">
            <rdfs:seeAlso rdf:resource="http://data.linkedmdb.org/sparql?query=DESCRIBE+%3Chttp%3A%2F%2Fwww.freebase.com%2Fview%2Fguid%2F9202a8c04000641f80000000047c09bb%3E"/>
          </rdf:Description>
        </foaf:page>
        <movie:performance rdf:resource="http://data.linkedmdb.org/resource/performance/86735"/>
        <movie:actor_actorid rdf:datatype="http://www.w3.org/2001/XMLSchema#int"
        >10117</movie:actor_actorid>
        <movie:performance rdf:resource="http://data.linkedmdb.org/resource/performance/68098"/>
        <movie:performance rdf:resource="http://data.linkedmdb.org/resource/performance/58703"/>
        <movie:performance rdf:resource="http://data.linkedmdb.org/resource/performance/48700"/>
        <movie:performance rdf:resource="http://data.linkedmdb.org/resource/performance/45861"/>
        <movie:actor_name>J.C. Quinn</movie:actor_name>
        <movie:performance rdf:resource="http://data.linkedmdb.org/resource/performance/71732"/>
      </movie:actor>
    </movie:actor>
  </rdf:Description>
  <rdf:Description rdf:about="http://data.linkedmdb.org/resource/film/42777">
    <movie:actor rdf:resource="http://data.linkedmdb.org/resource/actor/10117"/>
  </rdf:Description>
  <rdf:Description rdf:about="http://data.linkedmdb.org/resource/film/15684">
    <movie:actor rdf:resource="http://data.linkedmdb.org/resource/actor/10117"/>
  </rdf:Description>
  <rdf:Description rdf:about="http://data.linkedmdb.org/resource/film/12710">
    <movie:actor rdf:resource="http://data.linkedmdb.org/resource/actor/10117"/>
  </rdf:Description>
  <rdf:Description rdf:about="http://data.linkedmdb.org/resource/film/48109">
    <movie:actor rdf:resource="http://data.linkedmdb.org/resource/actor/10117"/>
  </rdf:Description>
  <rdf:Description rdf:about="http://data.linkedmdb.org/resource/film/2192">
    <movie:actor rdf:resource="http://data.linkedmdb.org/resource/actor/10117"/>
  </rdf:Description>
  <rdf:Description rdf:about="http://data.linkedmdb.org/resource/film/39829">
    <movie:actor rdf:resource="http://data.linkedmdb.org/resource/actor/10117"/>
  </rdf:Description>
  <rdf:Description rdf:about="http://data.linkedmdb.org/data/actor/10117">
    <rdfs:comment>Contents of this file may include content from 
		      FreeBase (http://www.freebase.com) or Wikipedia 
		      (http://www.wikipedia.org) licensed under CC-BY
		      (http://www.freebase.com/view/common/license/cc_attribution_25)
		      or GFDL (http://en.wikipedia.org/wiki/Wikipedia:Text_of_the_GNU_Free_Documentation_License). 
		      Refer to http://www.linkedmdb.org:8080/Main/Licensing for more details.</rdfs:comment>
    <rdfs:label>RDF Description of J.C. Quinn (Actor)</rdfs:label>
    <foaf:primaryTopic rdf:resource="http://data.linkedmdb.org/resource/actor/10117"/>
  </rdf:Description>
  <rdf:Description rdf:about="http://data.linkedmdb.org/resource/film/2789">
    <movie:actor rdf:resource="http://data.linkedmdb.org/resource/actor/10117"/>
  </rdf:Description>
  <rdf:Description rdf:about="http://data.linkedmdb.org/resource/film/43506">
    <movie:actor rdf:resource="http://data.linkedmdb.org/resource/actor/10117"/>
  </rdf:Description>
  <rdf:Description rdf:about="http://data.linkedmdb.org/resource/film/39502">
    <movie:actor rdf:resource="http://data.linkedmdb.org/resource/actor/10117"/>
  </rdf:Description>
  <rdf:Description rdf:about="http://data.linkedmdb.org/resource/film/2787">
    <movie:actor rdf:resource="http://data.linkedmdb.org/resource/actor/10117"/>
  </rdf:Description>
</rdf:RDF>
