<?xml version="1.0"?>
<rdf:RDF
    xmlns:dbpedia="http://dbpedia.org/property/"
    xmlns:skos="http://www.w3.org/2004/02/skos/core#"
    xmlns:oddlinker="http://data.linkedmdb.org/resource/oddlinker/"
    xmlns:db="http://data.linkedmdb.org/resource/"
    xmlns:movie="http://data.linkedmdb.org/resource/movie/"
    xmlns:rdf="http://www.w3.org/1999/02/22-rdf-syntax-ns#"
    xmlns:map="file:/C:/d2r-server-0.4/mapping.n3#"
    xmlns:foaf="http://xmlns.com/foaf/0.1/"
    xmlns:d2r="http://sites.wiwiss.fu-berlin.de/suhl/bizer/d2r-server/config.rdf#"
    xmlns:owl="http://www.w3.org/2002/07/owl#"
    xmlns:dc="http://purl.org/dc/terms/"
    xmlns:xsd="http://www.w3.org/2001/XMLSchema#"
    xmlns:rdfs="http://www.w3.org/2000/01/rdf-schema#">
  <rdf:Description rdf:about="http://data.linkedmdb.org/resource/film/44842">
    <movie:actor>
      <foaf:Person rdf:about="http://data.linkedmdb.org/resource/actor/166">
        <foaf:page>
          <rdf:Description rdf:about="http://www.freebase.com/view/guid/9202a8c04000641f8000000000295820">
            <rdfs:seeAlso rdf:resource="http://data.linkedmdb.org/sparql?query=DESCRIBE+%3Chttp%3A%2F%2Fwww.freebase.com%2Fview%2Fguid%2F9202a8c04000641f8000000000295820%3E"/>
          </rdf:Description>
        </foaf:page>
        <dbpedia:hasPhotoCollection>
          <rdf:Description rdf:about="http://www4.wiwiss.fu-berlin.de/flickrwrappr/photos/Michael_York_(actor)">
            <rdfs:seeAlso rdf:resource="http://data.linkedmdb.org/sparql?query=DESCRIBE+%3Chttp%3A%2F%2Fwww4.wiwiss.fu-berlin.de%2Fflickrwrappr%2Fphotos%2FMichael_York_%28actor%29%3E"/>
          </rdf:Description>
        </dbpedia:hasPhotoCollection>
        <movie:performance rdf:resource="http://data.linkedmdb.org/resource/performance/89536"/>
        <movie:performance rdf:resource="http://data.linkedmdb.org/resource/performance/142476"/>
        <movie:performance rdf:resource="http://data.linkedmdb.org/resource/performance/127909"/>
        <movie:performance rdf:resource="http://data.linkedmdb.org/resource/performance/63389"/>
        <movie:performance rdf:resource="http://data.linkedmdb.org/resource/performance/119610"/>
        <movie:performance rdf:resource="http://data.linkedmdb.org/resource/performance/43591"/>
        <movie:performance rdf:resource="http://data.linkedmdb.org/resource/performance/126610"/>
        <movie:performance rdf:resource="http://data.linkedmdb.org/resource/performance/31774"/>
        <movie:performance rdf:resource="http://data.linkedmdb.org/resource/performance/126170"/>
        <rdf:type rdf:resource="http://data.linkedmdb.org/resource/movie/actor"/>
        <rdfs:label>Michael York (Actor)</rdfs:label>
        <movie:performance rdf:resource="http://data.linkedmdb.org/resource/performance/5805"/>
        <movie:performance rdf:resource="http://data.linkedmdb.org/resource/performance/80591"/>
        <movie:performance rdf:resource="http://data.linkedmdb.org/resource/performance/79314"/>
        <movie:performance rdf:resource="http://data.linkedmdb.org/resource/performance/119431"/>
        <movie:performance rdf:resource="http://data.linkedmdb.org/resource/performance/122208"/>
        <movie:performance rdf:resource="http://data.linkedmdb.org/resource/performance/48067"/>
        <movie:performance rdf:resource="http://data.linkedmdb.org/resource/performance/87073"/>
        <movie:performance rdf:resource="http://data.linkedmdb.org/resource/performance/59054"/>
        <movie:performance rdf:resource="http://data.linkedmdb.org/resource/performance/91084"/>
        <movie:performance rdf:resource="http://data.linkedmdb.org/resource/performance/50376"/>
        <movie:performance rdf:resource="http://data.linkedmdb.org/resource/performance/135150"/>
        <movie:performance rdf:resource="http://data.linkedmdb.org/resource/performance/115861"/>
        <owl:sameAs>
          <rdf:Description rdf:about="http://dbpedia.org/resource/Michael_York_%28actor%29">
            <rdfs:seeAlso rdf:resource="http://data.linkedmdb.org/sparql?query=DESCRIBE+%3Chttp%3A%2F%2Fdbpedia.org%2Fresource%2FMichael_York_%2528actor%2529%3E"/>
          </rdf:Description>
        </owl:sameAs>
        <movie:performance rdf:resource="http://data.linkedmdb.org/resource/performance/142739"/>
        <movie:performance rdf:resource="http://data.linkedmdb.org/resource/performance/121679"/>
        <movie:actor_name>Michael York</movie:actor_name>
        <movie:performance rdf:resource="http://data.linkedmdb.org/resource/performance/173094"/>
        <movie:performance rdf:resource="http://data.linkedmdb.org/resource/performance/84469"/>
        <movie:performance rdf:resource="http://data.linkedmdb.org/resource/performance/142955"/>
        <movie:performance rdf:resource="http://data.linkedmdb.org/resource/performance/50108"/>
        <movie:performance rdf:resource="http://data.linkedmdb.org/resource/performance/70112"/>
        <movie:performance rdf:resource="http://data.linkedmdb.org/resource/performance/61951"/>
        <movie:performance rdf:resource="http://data.linkedmdb.org/resource/performance/47609"/>
        <movie:performance rdf:resource="http://data.linkedmdb.org/resource/performance/123961"/>
        <movie:performance rdf:resource="http://data.linkedmdb.org/resource/performance/102726"/>
        <movie:performance rdf:resource="http://data.linkedmdb.org/resource/performance/83021"/>
        <movie:performance rdf:resource="http://data.linkedmdb.org/resource/performance/117046"/>
        <movie:performance rdf:resource="http://data.linkedmdb.org/resource/performance/18222"/>
        <movie:actor_actorid rdf:datatype="http://www.w3.org/2001/XMLSchema#int"
        >166</movie:actor_actorid>
        <movie:performance rdf:resource="http://data.linkedmdb.org/resource/performance/91573"/>
        <movie:performance rdf:resource="http://data.linkedmdb.org/resource/performance/3112"/>
        <movie:performance rdf:resource="http://data.linkedmdb.org/resource/performance/143227"/>
        <movie:performance rdf:resource="http://data.linkedmdb.org/resource/performance/115054"/>
        <movie:performance rdf:resource="http://data.linkedmdb.org/resource/performance/99885"/>
        <owl:sameAs>
          <rdf:Description rdf:about="http://mpii.de/yago/resource/Michael_York_%28actor%29">
            <rdfs:seeAlso rdf:resource="http://data.linkedmdb.org/sparql?query=DESCRIBE+%3Chttp%3A%2F%2Fmpii.de%2Fyago%2Fresource%2FMichael_York_%2528actor%2529%3E"/>
          </rdf:Description>
        </owl:sameAs>
        <movie:performance rdf:resource="http://data.linkedmdb.org/resource/performance/142759"/>
        <movie:performance rdf:resource="http://data.linkedmdb.org/resource/performance/3118"/>
        <movie:performance rdf:resource="http://data.linkedmdb.org/resource/performance/131965"/>
        <movie:performance rdf:resource="http://data.linkedmdb.org/resource/performance/142500"/>
        <movie:performance rdf:resource="http://data.linkedmdb.org/resource/performance/61494"/>
        <movie:performance rdf:resource="http://data.linkedmdb.org/resource/performance/71333"/>
        <movie:performance rdf:resource="http://data.linkedmdb.org/resource/performance/130085"/>
        <movie:performance rdf:resource="http://data.linkedmdb.org/resource/performance/155818"/>
        <movie:performance rdf:resource="http://data.linkedmdb.org/resource/performance/173027"/>
        <movie:performance rdf:resource="http://data.linkedmdb.org/resource/performance/77407"/>
      </foaf:Person>
    </movie:actor>
  </rdf:Description>
  <rdf:Description rdf:about="http://data.linkedmdb.org/resource/film/43239">
    <movie:actor rdf:resource="http://data.linkedmdb.org/resource/actor/166"/>
  </rdf:Description>
  <rdf:Description rdf:about="http://data.linkedmdb.org/resource/film/14357">
    <movie:actor rdf:resource="http://data.linkedmdb.org/resource/actor/166"/>
  </rdf:Description>
  <rdf:Description rdf:about="http://data.linkedmdb.org/resource/film/17152">
    <movie:actor rdf:resource="http://data.linkedmdb.org/resource/actor/166"/>
  </rdf:Description>
  <rdf:Description rdf:about="http://data.linkedmdb.org/resource/film/2046">
    <movie:actor rdf:resource="http://data.linkedmdb.org/resource/actor/166"/>
  </rdf:Description>
  <rdf:Description rdf:about="http://data.linkedmdb.org/resource/film/56862">
    <movie:actor rdf:resource="http://data.linkedmdb.org/resource/actor/166"/>
  </rdf:Description>
  <rdf:Description rdf:about="http://data.linkedmdb.org/resource/film/8116">
    <movie:actor rdf:resource="http://data.linkedmdb.org/resource/actor/166"/>
  </rdf:Description>
  <rdf:Description rdf:about="http://data.linkedmdb.org/resource/film/9464">
    <movie:actor rdf:resource="http://data.linkedmdb.org/resource/actor/166"/>
  </rdf:Description>
  <rdf:Description rdf:about="http://data.linkedmdb.org/resource/film/11630">
    <movie:actor rdf:resource="http://data.linkedmdb.org/resource/actor/166"/>
  </rdf:Description>
  <rdf:Description rdf:about="http://data.linkedmdb.org/resource/film/56767">
    <movie:actor rdf:resource="http://data.linkedmdb.org/resource/actor/166"/>
  </rdf:Description>
  <rdf:Description rdf:about="http://data.linkedmdb.org/resource/film/366">
    <movie:actor rdf:resource="http://data.linkedmdb.org/resource/actor/166"/>
  </rdf:Description>
  <rdf:Description rdf:about="http://data.linkedmdb.org/resource/film/18288">
    <movie:actor rdf:resource="http://data.linkedmdb.org/resource/actor/166"/>
  </rdf:Description>
  <rdf:Description rdf:about="http://data.linkedmdb.org/resource/film/18664">
    <movie:actor rdf:resource="http://data.linkedmdb.org/resource/actor/166"/>
  </rdf:Description>
  <rdf:Description rdf:about="http://data.linkedmdb.org/resource/film/367">
    <movie:actor rdf:resource="http://data.linkedmdb.org/resource/actor/166"/>
  </rdf:Description>
  <rdf:Description rdf:about="http://data.linkedmdb.org/resource/film/13159">
    <movie:actor rdf:resource="http://data.linkedmdb.org/resource/actor/166"/>
  </rdf:Description>
  <rdf:Description rdf:about="http://data.linkedmdb.org/resource/film/892">
    <movie:actor rdf:resource="http://data.linkedmdb.org/resource/actor/166"/>
  </rdf:Description>
  <rdf:Description rdf:about="http://data.linkedmdb.org/resource/film/62089">
    <movie:actor rdf:resource="http://data.linkedmdb.org/resource/actor/166"/>
  </rdf:Description>
  <rdf:Description rdf:about="http://data.linkedmdb.org/resource/film/86752">
    <movie:actor rdf:resource="http://data.linkedmdb.org/resource/actor/166"/>
  </rdf:Description>
  <rdf:Description rdf:about="http://data.linkedmdb.org/resource/film/47085">
    <movie:actor rdf:resource="http://data.linkedmdb.org/resource/actor/166"/>
  </rdf:Description>
  <rdf:Description rdf:about="http://data.linkedmdb.org/resource/film/42093">
    <movie:actor rdf:resource="http://data.linkedmdb.org/resource/actor/166"/>
  </rdf:Description>
  <rdf:Description rdf:about="http://data.linkedmdb.org/resource/interlink/104780">
    <oddlinker:link_source rdf:resource="http://data.linkedmdb.org/resource/actor/166"/>
  </rdf:Description>
  <rdf:Description rdf:about="http://data.linkedmdb.org/resource/film/86699">
    <movie:actor rdf:resource="http://data.linkedmdb.org/resource/actor/166"/>
  </rdf:Description>
  <rdf:Description rdf:about="http://data.linkedmdb.org/resource/film/58900">
    <movie:actor rdf:resource="http://data.linkedmdb.org/resource/actor/166"/>
  </rdf:Description>
  <rdf:Description rdf:about="http://data.linkedmdb.org/resource/film/3034">
    <movie:actor rdf:resource="http://data.linkedmdb.org/resource/actor/166"/>
  </rdf:Description>
  <rdf:Description rdf:about="http://data.linkedmdb.org/data/actor/166">
    <rdfs:comment>Contents of this file may include content from 
		      FreeBase (http://www.freebase.com) or Wikipedia 
		      (http://www.wikipedia.org) licensed under CC-BY
		      (http://www.freebase.com/view/common/license/cc_attribution_25)
		      or GFDL (http://en.wikipedia.org/wiki/Wikipedia:Text_of_the_GNU_Free_Documentation_License). 
		      Refer to http://www.linkedmdb.org:8080/Main/Licensing for more details.</rdfs:comment>
    <rdfs:label>RDF Description of Michael York (Actor)</rdfs:label>
    <foaf:primaryTopic rdf:resource="http://data.linkedmdb.org/resource/actor/166"/>
  </rdf:Description>
  <rdf:Description rdf:about="http://data.linkedmdb.org/resource/film/60525">
    <movie:actor rdf:resource="http://data.linkedmdb.org/resource/actor/166"/>
  </rdf:Description>
  <rdf:Description rdf:about="http://data.linkedmdb.org/resource/film/597">
    <movie:actor rdf:resource="http://data.linkedmdb.org/resource/actor/166"/>
  </rdf:Description>
  <rdf:Description rdf:about="http://data.linkedmdb.org/resource/interlink/92959">
    <oddlinker:link_source rdf:resource="http://data.linkedmdb.org/resource/actor/166"/>
  </rdf:Description>
  <rdf:Description rdf:about="http://data.linkedmdb.org/resource/film/7571">
    <movie:actor rdf:resource="http://data.linkedmdb.org/resource/actor/166"/>
  </rdf:Description>
  <rdf:Description rdf:about="http://data.linkedmdb.org/resource/film/13113">
    <movie:actor rdf:resource="http://data.linkedmdb.org/resource/actor/166"/>
  </rdf:Description>
  <rdf:Description rdf:about="http://data.linkedmdb.org/resource/film/6959">
    <movie:actor rdf:resource="http://data.linkedmdb.org/resource/actor/166"/>
  </rdf:Description>
  <rdf:Description rdf:about="http://data.linkedmdb.org/resource/film/989">
    <movie:actor rdf:resource="http://data.linkedmdb.org/resource/actor/166"/>
  </rdf:Description>
  <rdf:Description rdf:about="http://data.linkedmdb.org/resource/film/17310">
    <movie:actor rdf:resource="http://data.linkedmdb.org/resource/actor/166"/>
  </rdf:Description>
  <rdf:Description rdf:about="http://data.linkedmdb.org/resource/film/6921">
    <movie:actor rdf:resource="http://data.linkedmdb.org/resource/actor/166"/>
  </rdf:Description>
  <rdf:Description rdf:about="http://data.linkedmdb.org/resource/film/22112">
    <movie:actor rdf:resource="http://data.linkedmdb.org/resource/actor/166"/>
  </rdf:Description>
  <rdf:Description rdf:about="http://xmlns.com/foaf/0.1/Person">
    <rdfs:seeAlso rdf:resource="http://data.linkedmdb.org/sparql?query=DESCRIBE+%3Chttp%3A%2F%2Fxmlns.com%2Ffoaf%2F0.1%2FPerson%3E"/>
  </rdf:Description>
  <rdf:Description rdf:about="http://data.linkedmdb.org/resource/film/10306">
    <movie:actor rdf:resource="http://data.linkedmdb.org/resource/actor/166"/>
  </rdf:Description>
  <rdf:Description rdf:about="http://data.linkedmdb.org/resource/film/52037">
    <movie:actor rdf:resource="http://data.linkedmdb.org/resource/actor/166"/>
  </rdf:Description>
  <rdf:Description rdf:about="http://data.linkedmdb.org/resource/film/16900">
    <movie:actor rdf:resource="http://data.linkedmdb.org/resource/actor/166"/>
  </rdf:Description>
  <rdf:Description rdf:about="http://data.linkedmdb.org/resource/film/6265">
    <movie:actor rdf:resource="http://data.linkedmdb.org/resource/actor/166"/>
  </rdf:Description>
  <rdf:Description rdf:about="http://data.linkedmdb.org/resource/film/55710">
    <movie:actor rdf:resource="http://data.linkedmdb.org/resource/actor/166"/>
  </rdf:Description>
  <rdf:Description rdf:about="http://data.linkedmdb.org/resource/film/1271">
    <movie:actor rdf:resource="http://data.linkedmdb.org/resource/actor/166"/>
  </rdf:Description>
  <rdf:Description rdf:about="http://data.linkedmdb.org/resource/film/5194">
    <movie:actor rdf:resource="http://data.linkedmdb.org/resource/actor/166"/>
  </rdf:Description>
  <rdf:Description rdf:about="http://data.linkedmdb.org/resource/film/287">
    <movie:actor rdf:resource="http://data.linkedmdb.org/resource/actor/166"/>
  </rdf:Description>
  <rdf:Description rdf:about="http://data.linkedmdb.org/resource/film/64792">
    <movie:actor rdf:resource="http://data.linkedmdb.org/resource/actor/166"/>
  </rdf:Description>
  <rdf:Description rdf:about="http://data.linkedmdb.org/resource/interlink/116601">
    <oddlinker:link_source rdf:resource="http://data.linkedmdb.org/resource/actor/166"/>
  </rdf:Description>
  <rdf:Description rdf:about="http://data.linkedmdb.org/resource/film/909">
    <movie:actor rdf:resource="http://data.linkedmdb.org/resource/actor/166"/>
  </rdf:Description>
  <rdf:Description rdf:about="http://data.linkedmdb.org/resource/film/49651">
    <movie:actor rdf:resource="http://data.linkedmdb.org/resource/actor/166"/>
  </rdf:Description>
  <rdf:Description rdf:about="http://data.linkedmdb.org/resource/film/62392">
    <movie:actor rdf:resource="http://data.linkedmdb.org/resource/actor/166"/>
  </rdf:Description>
  <rdf:Description rdf:about="http://data.linkedmdb.org/resource/film/7026">
    <movie:actor rdf:resource="http://data.linkedmdb.org/resource/actor/166"/>
  </rdf:Description>
  <rdf:Description rdf:about="http://data.linkedmdb.org/resource/film/63318">
    <movie:actor rdf:resource="http://data.linkedmdb.org/resource/actor/166"/>
  </rdf:Description>
  <rdf:Description rdf:about="http://data.linkedmdb.org/resource/film/59271">
    <movie:actor rdf:resource="http://data.linkedmdb.org/resource/actor/166"/>
  </rdf:Description>
  <rdf:Description rdf:about="http://data.linkedmdb.org/resource/film/20123">
    <movie:actor rdf:resource="http://data.linkedmdb.org/resource/actor/166"/>
  </rdf:Description>
  <rdf:Description rdf:about="http://data.linkedmdb.org/resource/film/71587">
    <movie:actor rdf:resource="http://data.linkedmdb.org/resource/actor/166"/>
  </rdf:Description>
  <rdf:Description rdf:about="http://data.linkedmdb.org/resource/film/618">
    <movie:actor rdf:resource="http://data.linkedmdb.org/resource/actor/166"/>
  </rdf:Description>
</rdf:RDF>
