<?xml version="1.0"?>
<rdf:RDF
    xmlns:dbpedia="http://dbpedia.org/property/"
    xmlns:skos="http://www.w3.org/2004/02/skos/core#"
    xmlns:oddlinker="http://data.linkedmdb.org/resource/oddlinker/"
    xmlns:db="http://data.linkedmdb.org/resource/"
    xmlns:movie="http://data.linkedmdb.org/resource/movie/"
    xmlns:rdf="http://www.w3.org/1999/02/22-rdf-syntax-ns#"
    xmlns:map="file:/C:/d2r-server-0.4/mapping.n3#"
    xmlns:foaf="http://xmlns.com/foaf/0.1/"
    xmlns:d2r="http://sites.wiwiss.fu-berlin.de/suhl/bizer/d2r-server/config.rdf#"
    xmlns:owl="http://www.w3.org/2002/07/owl#"
    xmlns:dc="http://purl.org/dc/terms/"
    xmlns:xsd="http://www.w3.org/2001/XMLSchema#"
    xmlns:rdfs="http://www.w3.org/2000/01/rdf-schema#">
  <rdf:Description rdf:about="http://data.linkedmdb.org/data/actor/237">
    <rdfs:comment>Contents of this file may include content from 
		      FreeBase (http://www.freebase.com) or Wikipedia 
		      (http://www.wikipedia.org) licensed under CC-BY
		      (http://www.freebase.com/view/common/license/cc_attribution_25)
		      or GFDL (http://en.wikipedia.org/wiki/Wikipedia:Text_of_the_GNU_Free_Documentation_License). 
		      Refer to http://www.linkedmdb.org:8080/Main/Licensing for more details.</rdfs:comment>
    <rdfs:label>RDF Description of Jason Lee (Actor)</rdfs:label>
    <foaf:primaryTopic>
      <foaf:Person rdf:about="http://data.linkedmdb.org/resource/actor/237">
        <movie:performance rdf:resource="http://data.linkedmdb.org/resource/performance/149680"/>
        <movie:performance rdf:resource="http://data.linkedmdb.org/resource/performance/177624"/>
        <movie:performance rdf:resource="http://data.linkedmdb.org/resource/performance/154350"/>
        <movie:performance rdf:resource="http://data.linkedmdb.org/resource/performance/169044"/>
        <movie:actor_name>Jason Lee</movie:actor_name>
        <movie:performance rdf:resource="http://data.linkedmdb.org/resource/performance/91371"/>
        <movie:performance rdf:resource="http://data.linkedmdb.org/resource/performance/115789"/>
        <movie:performance rdf:resource="http://data.linkedmdb.org/resource/performance/72198"/>
        <movie:performance rdf:resource="http://data.linkedmdb.org/resource/performance/57173"/>
        <movie:performance rdf:resource="http://data.linkedmdb.org/resource/performance/41380"/>
        <movie:performance rdf:resource="http://data.linkedmdb.org/resource/performance/41379"/>
        <movie:performance rdf:resource="http://data.linkedmdb.org/resource/performance/118726"/>
        <movie:performance rdf:resource="http://data.linkedmdb.org/resource/performance/61290"/>
        <movie:performance rdf:resource="http://data.linkedmdb.org/resource/performance/118702"/>
        <movie:performance rdf:resource="http://data.linkedmdb.org/resource/performance/188893"/>
        <movie:performance rdf:resource="http://data.linkedmdb.org/resource/performance/142574"/>
        <rdfs:label>Jason Lee (Actor)</rdfs:label>
        <movie:performance rdf:resource="http://data.linkedmdb.org/resource/performance/133694"/>
        <movie:performance rdf:resource="http://data.linkedmdb.org/resource/performance/108630"/>
        <movie:performance rdf:resource="http://data.linkedmdb.org/resource/performance/9103"/>
        <movie:performance rdf:resource="http://data.linkedmdb.org/resource/performance/168627"/>
        <movie:performance rdf:resource="http://data.linkedmdb.org/resource/performance/101986"/>
        <foaf:page>
          <rdf:Description rdf:about="http://www.freebase.com/view/guid/9202a8c04000641f80000000003252a8">
            <rdfs:seeAlso rdf:resource="http://data.linkedmdb.org/sparql?query=DESCRIBE+%3Chttp%3A%2F%2Fwww.freebase.com%2Fview%2Fguid%2F9202a8c04000641f80000000003252a8%3E"/>
          </rdf:Description>
        </foaf:page>
        <movie:performance rdf:resource="http://data.linkedmdb.org/resource/performance/108602"/>
        <movie:performance rdf:resource="http://data.linkedmdb.org/resource/performance/101298"/>
        <movie:performance rdf:resource="http://data.linkedmdb.org/resource/performance/112113"/>
        <movie:performance rdf:resource="http://data.linkedmdb.org/resource/performance/174209"/>
        <movie:performance rdf:resource="http://data.linkedmdb.org/resource/performance/32213"/>
        <movie:performance rdf:resource="http://data.linkedmdb.org/resource/performance/71606"/>
        <rdf:type rdf:resource="http://data.linkedmdb.org/resource/movie/actor"/>
        <movie:performance rdf:resource="http://data.linkedmdb.org/resource/performance/20329"/>
        <movie:performance rdf:resource="http://data.linkedmdb.org/resource/performance/75825"/>
        <movie:actor_actorid rdf:datatype="http://www.w3.org/2001/XMLSchema#int"
        >237</movie:actor_actorid>
      </foaf:Person>
    </foaf:primaryTopic>
  </rdf:Description>
  <rdf:Description rdf:about="http://data.linkedmdb.org/resource/film/44513">
    <movie:actor rdf:resource="http://data.linkedmdb.org/resource/actor/237"/>
  </rdf:Description>
  <rdf:Description rdf:about="http://data.linkedmdb.org/resource/film/38237">
    <movie:actor rdf:resource="http://data.linkedmdb.org/resource/actor/237"/>
  </rdf:Description>
  <rdf:Description rdf:about="http://data.linkedmdb.org/resource/film/39026">
    <movie:actor rdf:resource="http://data.linkedmdb.org/resource/actor/237"/>
  </rdf:Description>
  <rdf:Description rdf:about="http://data.linkedmdb.org/resource/film/39391">
    <movie:actor rdf:resource="http://data.linkedmdb.org/resource/actor/237"/>
  </rdf:Description>
  <rdf:Description rdf:about="http://data.linkedmdb.org/resource/film/41825">
    <movie:actor rdf:resource="http://data.linkedmdb.org/resource/actor/237"/>
  </rdf:Description>
  <rdf:Description rdf:about="http://data.linkedmdb.org/resource/film/85807">
    <movie:actor rdf:resource="http://data.linkedmdb.org/resource/actor/237"/>
  </rdf:Description>
  <rdf:Description rdf:about="http://xmlns.com/foaf/0.1/Person">
    <rdfs:seeAlso rdf:resource="http://data.linkedmdb.org/sparql?query=DESCRIBE+%3Chttp%3A%2F%2Fxmlns.com%2Ffoaf%2F0.1%2FPerson%3E"/>
  </rdf:Description>
  <rdf:Description rdf:about="http://data.linkedmdb.org/resource/film/38225">
    <movie:actor rdf:resource="http://data.linkedmdb.org/resource/actor/237"/>
  </rdf:Description>
  <rdf:Description rdf:about="http://data.linkedmdb.org/resource/film/21009">
    <movie:actor rdf:resource="http://data.linkedmdb.org/resource/actor/237"/>
  </rdf:Description>
  <rdf:Description rdf:about="http://data.linkedmdb.org/resource/film/2758">
    <movie:actor rdf:resource="http://data.linkedmdb.org/resource/actor/237"/>
  </rdf:Description>
  <rdf:Description rdf:about="http://data.linkedmdb.org/resource/film/83141">
    <movie:actor rdf:resource="http://data.linkedmdb.org/resource/actor/237"/>
  </rdf:Description>
  <rdf:Description rdf:about="http://data.linkedmdb.org/resource/film/1265">
    <movie:actor rdf:resource="http://data.linkedmdb.org/resource/actor/237"/>
  </rdf:Description>
  <rdf:Description rdf:about="http://data.linkedmdb.org/resource/film/7378">
    <movie:actor rdf:resource="http://data.linkedmdb.org/resource/actor/237"/>
  </rdf:Description>
  <rdf:Description rdf:about="http://data.linkedmdb.org/resource/film/42416">
    <movie:actor rdf:resource="http://data.linkedmdb.org/resource/actor/237"/>
  </rdf:Description>
  <rdf:Description rdf:about="http://data.linkedmdb.org/resource/film/41009">
    <movie:actor rdf:resource="http://data.linkedmdb.org/resource/actor/237"/>
  </rdf:Description>
  <rdf:Description rdf:about="http://data.linkedmdb.org/resource/film/285">
    <movie:actor rdf:resource="http://data.linkedmdb.org/resource/actor/237"/>
  </rdf:Description>
  <rdf:Description rdf:about="http://data.linkedmdb.org/resource/film/39654">
    <movie:actor rdf:resource="http://data.linkedmdb.org/resource/actor/237"/>
  </rdf:Description>
  <rdf:Description rdf:about="http://data.linkedmdb.org/resource/film/43780">
    <movie:actor rdf:resource="http://data.linkedmdb.org/resource/actor/237"/>
  </rdf:Description>
  <rdf:Description rdf:about="http://data.linkedmdb.org/resource/film/39111">
    <movie:actor rdf:resource="http://data.linkedmdb.org/resource/actor/237"/>
  </rdf:Description>
  <rdf:Description rdf:about="http://data.linkedmdb.org/resource/film/21545">
    <movie:actor rdf:resource="http://data.linkedmdb.org/resource/actor/237"/>
  </rdf:Description>
  <rdf:Description rdf:about="http://data.linkedmdb.org/resource/film/44786">
    <movie:actor rdf:resource="http://data.linkedmdb.org/resource/actor/237"/>
  </rdf:Description>
  <rdf:Description rdf:about="http://data.linkedmdb.org/resource/film/44965">
    <movie:actor rdf:resource="http://data.linkedmdb.org/resource/actor/237"/>
  </rdf:Description>
  <rdf:Description rdf:about="http://data.linkedmdb.org/resource/film/17735">
    <movie:actor rdf:resource="http://data.linkedmdb.org/resource/actor/237"/>
  </rdf:Description>
  <rdf:Description rdf:about="http://data.linkedmdb.org/resource/film/87615">
    <movie:actor rdf:resource="http://data.linkedmdb.org/resource/actor/237"/>
  </rdf:Description>
  <rdf:Description rdf:about="http://data.linkedmdb.org/resource/film/4425">
    <movie:actor rdf:resource="http://data.linkedmdb.org/resource/actor/237"/>
  </rdf:Description>
  <rdf:Description rdf:about="http://data.linkedmdb.org/resource/film/6447">
    <movie:actor rdf:resource="http://data.linkedmdb.org/resource/actor/237"/>
  </rdf:Description>
  <rdf:Description rdf:about="http://data.linkedmdb.org/resource/film/41238">
    <movie:actor rdf:resource="http://data.linkedmdb.org/resource/actor/237"/>
  </rdf:Description>
  <rdf:Description rdf:about="http://data.linkedmdb.org/resource/film/52157">
    <movie:actor rdf:resource="http://data.linkedmdb.org/resource/actor/237"/>
  </rdf:Description>
  <rdf:Description rdf:about="http://data.linkedmdb.org/resource/film/38539">
    <movie:actor rdf:resource="http://data.linkedmdb.org/resource/actor/237"/>
  </rdf:Description>
</rdf:RDF>
