<?xml version="1.0"?>
<rdf:RDF
    xmlns:dbpedia="http://dbpedia.org/property/"
    xmlns:skos="http://www.w3.org/2004/02/skos/core#"
    xmlns:oddlinker="http://data.linkedmdb.org/resource/oddlinker/"
    xmlns:db="http://data.linkedmdb.org/resource/"
    xmlns:movie="http://data.linkedmdb.org/resource/movie/"
    xmlns:rdf="http://www.w3.org/1999/02/22-rdf-syntax-ns#"
    xmlns:map="file:/C:/d2r-server-0.4/mapping.n3#"
    xmlns:foaf="http://xmlns.com/foaf/0.1/"
    xmlns:d2r="http://sites.wiwiss.fu-berlin.de/suhl/bizer/d2r-server/config.rdf#"
    xmlns:owl="http://www.w3.org/2002/07/owl#"
    xmlns:dc="http://purl.org/dc/terms/"
    xmlns:xsd="http://www.w3.org/2001/XMLSchema#"
    xmlns:rdfs="http://www.w3.org/2000/01/rdf-schema#">
  <rdf:Description rdf:about="http://data.linkedmdb.org/resource/film/1990">
    <movie:actor>
      <movie:actor rdf:about="http://data.linkedmdb.org/resource/actor/110">
        <rdfs:label>John C. McGinley (Actor)</rdfs:label>
        <movie:performance rdf:resource="http://data.linkedmdb.org/resource/performance/57501"/>
        <movie:performance rdf:resource="http://data.linkedmdb.org/resource/performance/53334"/>
        <movie:performance rdf:resource="http://data.linkedmdb.org/resource/performance/81032"/>
        <owl:sameAs>
          <rdf:Description rdf:about="http://dbpedia.org/resource/John_C._McGinley">
            <rdfs:seeAlso rdf:resource="http://data.linkedmdb.org/sparql?query=DESCRIBE+%3Chttp%3A%2F%2Fdbpedia.org%2Fresource%2FJohn_C._McGinley%3E"/>
          </rdf:Description>
        </owl:sameAs>
        <movie:performance rdf:resource="http://data.linkedmdb.org/resource/performance/41267"/>
        <movie:performance rdf:resource="http://data.linkedmdb.org/resource/performance/167253"/>
        <movie:performance rdf:resource="http://data.linkedmdb.org/resource/performance/28547"/>
        <movie:performance rdf:resource="http://data.linkedmdb.org/resource/performance/123629"/>
        <movie:performance rdf:resource="http://data.linkedmdb.org/resource/performance/114378"/>
        <movie:performance rdf:resource="http://data.linkedmdb.org/resource/performance/20077"/>
        <movie:performance rdf:resource="http://data.linkedmdb.org/resource/performance/81793"/>
        <movie:performance rdf:resource="http://data.linkedmdb.org/resource/performance/29213"/>
        <movie:performance rdf:resource="http://data.linkedmdb.org/resource/performance/98139"/>
        <foaf:page>
          <rdf:Description rdf:about="http://www.freebase.com/view/guid/9202a8c04000641f80000000001dc2f4">
            <rdfs:seeAlso rdf:resource="http://data.linkedmdb.org/sparql?query=DESCRIBE+%3Chttp%3A%2F%2Fwww.freebase.com%2Fview%2Fguid%2F9202a8c04000641f80000000001dc2f4%3E"/>
          </rdf:Description>
        </foaf:page>
        <movie:performance rdf:resource="http://data.linkedmdb.org/resource/performance/93374"/>
        <movie:performance rdf:resource="http://data.linkedmdb.org/resource/performance/187280"/>
        <movie:performance rdf:resource="http://data.linkedmdb.org/resource/performance/82379"/>
        <movie:performance rdf:resource="http://data.linkedmdb.org/resource/performance/87569"/>
        <movie:performance rdf:resource="http://data.linkedmdb.org/resource/performance/83327"/>
        <movie:performance rdf:resource="http://data.linkedmdb.org/resource/performance/73881"/>
        <dbpedia:hasPhotoCollection>
          <rdf:Description rdf:about="http://www4.wiwiss.fu-berlin.de/flickrwrappr/photos/John_C._McGinley">
            <rdfs:seeAlso rdf:resource="http://data.linkedmdb.org/sparql?query=DESCRIBE+%3Chttp%3A%2F%2Fwww4.wiwiss.fu-berlin.de%2Fflickrwrappr%2Fphotos%2FJohn_C._McGinley%3E"/>
          </rdf:Description>
        </dbpedia:hasPhotoCollection>
        <movie:performance rdf:resource="http://data.linkedmdb.org/resource/performance/87550"/>
        <rdf:type>
          <rdf:Description rdf:about="http://xmlns.com/foaf/0.1/Person">
            <rdfs:seeAlso rdf:resource="http://data.linkedmdb.org/sparql?query=DESCRIBE+%3Chttp%3A%2F%2Fxmlns.com%2Ffoaf%2F0.1%2FPerson%3E"/>
          </rdf:Description>
        </rdf:type>
        <movie:performance rdf:resource="http://data.linkedmdb.org/resource/performance/127544"/>
        <movie:performance rdf:resource="http://data.linkedmdb.org/resource/performance/83827"/>
        <movie:performance rdf:resource="http://data.linkedmdb.org/resource/performance/62408"/>
        <movie:performance rdf:resource="http://data.linkedmdb.org/resource/performance/86853"/>
        <movie:performance rdf:resource="http://data.linkedmdb.org/resource/performance/21750"/>
        <movie:performance rdf:resource="http://data.linkedmdb.org/resource/performance/22998"/>
        <movie:performance rdf:resource="http://data.linkedmdb.org/resource/performance/87575"/>
        <movie:performance rdf:resource="http://data.linkedmdb.org/resource/performance/74053"/>
        <movie:performance rdf:resource="http://data.linkedmdb.org/resource/performance/22941"/>
        <movie:performance rdf:resource="http://data.linkedmdb.org/resource/performance/75319"/>
        <movie:performance rdf:resource="http://data.linkedmdb.org/resource/performance/172629"/>
        <movie:performance rdf:resource="http://data.linkedmdb.org/resource/performance/81764"/>
        <movie:performance rdf:resource="http://data.linkedmdb.org/resource/performance/107811"/>
        <movie:performance rdf:resource="http://data.linkedmdb.org/resource/performance/83831"/>
        <movie:actor_actorid rdf:datatype="http://www.w3.org/2001/XMLSchema#int"
        >110</movie:actor_actorid>
        <movie:actor_name>John C. McGinley</movie:actor_name>
        <movie:performance rdf:resource="http://data.linkedmdb.org/resource/performance/70646"/>
        <movie:performance rdf:resource="http://data.linkedmdb.org/resource/performance/76527"/>
        <movie:performance rdf:resource="http://data.linkedmdb.org/resource/performance/88532"/>
        <movie:performance rdf:resource="http://data.linkedmdb.org/resource/performance/87725"/>
        <movie:performance rdf:resource="http://data.linkedmdb.org/resource/performance/81661"/>
        <owl:sameAs>
          <rdf:Description rdf:about="http://mpii.de/yago/resource/John_C._McGinley">
            <rdfs:seeAlso rdf:resource="http://data.linkedmdb.org/sparql?query=DESCRIBE+%3Chttp%3A%2F%2Fmpii.de%2Fyago%2Fresource%2FJohn_C._McGinley%3E"/>
          </rdf:Description>
        </owl:sameAs>
        <movie:performance rdf:resource="http://data.linkedmdb.org/resource/performance/43761"/>
      </movie:actor>
    </movie:actor>
  </rdf:Description>
  <rdf:Description rdf:about="http://data.linkedmdb.org/resource/film/38308">
    <movie:actor rdf:resource="http://data.linkedmdb.org/resource/actor/110"/>
  </rdf:Description>
  <rdf:Description rdf:about="http://data.linkedmdb.org/resource/film/32">
    <movie:actor rdf:resource="http://data.linkedmdb.org/resource/actor/110"/>
  </rdf:Description>
  <rdf:Description rdf:about="http://data.linkedmdb.org/resource/film/39901">
    <movie:actor rdf:resource="http://data.linkedmdb.org/resource/actor/110"/>
  </rdf:Description>
  <rdf:Description rdf:about="http://data.linkedmdb.org/resource/film/14269">
    <movie:actor rdf:resource="http://data.linkedmdb.org/resource/actor/110"/>
  </rdf:Description>
  <rdf:Description rdf:about="http://data.linkedmdb.org/resource/film/47333">
    <movie:actor rdf:resource="http://data.linkedmdb.org/resource/actor/110"/>
  </rdf:Description>
  <rdf:Description rdf:about="http://data.linkedmdb.org/resource/film/44438">
    <movie:actor rdf:resource="http://data.linkedmdb.org/resource/actor/110"/>
  </rdf:Description>
  <rdf:Description rdf:about="http://data.linkedmdb.org/resource/film/48285">
    <movie:actor rdf:resource="http://data.linkedmdb.org/resource/actor/110"/>
  </rdf:Description>
  <rdf:Description rdf:about="http://data.linkedmdb.org/resource/film/38974">
    <movie:actor rdf:resource="http://data.linkedmdb.org/resource/actor/110"/>
  </rdf:Description>
  <rdf:Description rdf:about="http://data.linkedmdb.org/resource/film/6432">
    <movie:actor rdf:resource="http://data.linkedmdb.org/resource/actor/110"/>
  </rdf:Description>
  <rdf:Description rdf:about="http://data.linkedmdb.org/resource/film/40091">
    <movie:actor rdf:resource="http://data.linkedmdb.org/resource/actor/110"/>
  </rdf:Description>
  <rdf:Description rdf:about="http://data.linkedmdb.org/resource/film/50786">
    <movie:actor rdf:resource="http://data.linkedmdb.org/resource/actor/110"/>
  </rdf:Description>
  <rdf:Description rdf:about="http://data.linkedmdb.org/resource/film/42453">
    <movie:actor rdf:resource="http://data.linkedmdb.org/resource/actor/110"/>
  </rdf:Description>
  <rdf:Description rdf:about="http://data.linkedmdb.org/data/actor/110">
    <rdfs:comment>Contents of this file may include content from 
		      FreeBase (http://www.freebase.com) or Wikipedia 
		      (http://www.wikipedia.org) licensed under CC-BY
		      (http://www.freebase.com/view/common/license/cc_attribution_25)
		      or GFDL (http://en.wikipedia.org/wiki/Wikipedia:Text_of_the_GNU_Free_Documentation_License). 
		      Refer to http://www.linkedmdb.org:8080/Main/Licensing for more details.</rdfs:comment>
    <rdfs:label>RDF Description of John C. McGinley (Actor)</rdfs:label>
    <foaf:primaryTopic rdf:resource="http://data.linkedmdb.org/resource/actor/110"/>
  </rdf:Description>
  <rdf:Description rdf:about="http://data.linkedmdb.org/resource/film/6399">
    <movie:actor rdf:resource="http://data.linkedmdb.org/resource/actor/110"/>
  </rdf:Description>
  <rdf:Description rdf:about="http://data.linkedmdb.org/resource/film/44951">
    <movie:actor rdf:resource="http://data.linkedmdb.org/resource/actor/110"/>
  </rdf:Description>
  <rdf:Description rdf:about="http://data.linkedmdb.org/resource/film/47585">
    <movie:actor rdf:resource="http://data.linkedmdb.org/resource/actor/110"/>
  </rdf:Description>
  <rdf:Description rdf:about="http://data.linkedmdb.org/resource/film/5957">
    <movie:actor rdf:resource="http://data.linkedmdb.org/resource/actor/110"/>
  </rdf:Description>
  <rdf:Description rdf:about="http://data.linkedmdb.org/resource/film/985">
    <movie:actor rdf:resource="http://data.linkedmdb.org/resource/actor/110"/>
  </rdf:Description>
  <rdf:Description rdf:about="http://data.linkedmdb.org/resource/interlink/102286">
    <oddlinker:link_source rdf:resource="http://data.linkedmdb.org/resource/actor/110"/>
  </rdf:Description>
  <rdf:Description rdf:about="http://data.linkedmdb.org/resource/film/84">
    <movie:actor rdf:resource="http://data.linkedmdb.org/resource/actor/110"/>
  </rdf:Description>
  <rdf:Description rdf:about="http://data.linkedmdb.org/resource/film/54869">
    <movie:actor rdf:resource="http://data.linkedmdb.org/resource/actor/110"/>
  </rdf:Description>
  <rdf:Description rdf:about="http://data.linkedmdb.org/resource/film/2743">
    <movie:actor rdf:resource="http://data.linkedmdb.org/resource/actor/110"/>
  </rdf:Description>
  <rdf:Description rdf:about="http://data.linkedmdb.org/resource/film/81008">
    <movie:actor rdf:resource="http://data.linkedmdb.org/resource/actor/110"/>
  </rdf:Description>
  <rdf:Description rdf:about="http://data.linkedmdb.org/resource/film/82952">
    <movie:actor rdf:resource="http://data.linkedmdb.org/resource/actor/110"/>
  </rdf:Description>
  <rdf:Description rdf:about="http://data.linkedmdb.org/resource/film/63062">
    <movie:actor rdf:resource="http://data.linkedmdb.org/resource/actor/110"/>
  </rdf:Description>
  <rdf:Description rdf:about="http://data.linkedmdb.org/resource/film/38523">
    <movie:actor rdf:resource="http://data.linkedmdb.org/resource/actor/110"/>
  </rdf:Description>
  <rdf:Description rdf:about="http://data.linkedmdb.org/resource/film/42416">
    <movie:actor rdf:resource="http://data.linkedmdb.org/resource/actor/110"/>
  </rdf:Description>
  <rdf:Description rdf:about="http://data.linkedmdb.org/resource/film/38909">
    <movie:actor rdf:resource="http://data.linkedmdb.org/resource/actor/110"/>
  </rdf:Description>
  <rdf:Description rdf:about="http://data.linkedmdb.org/resource/interlink/90465">
    <oddlinker:link_source rdf:resource="http://data.linkedmdb.org/resource/actor/110"/>
  </rdf:Description>
  <rdf:Description rdf:about="http://data.linkedmdb.org/resource/film/20547">
    <movie:actor rdf:resource="http://data.linkedmdb.org/resource/actor/110"/>
  </rdf:Description>
  <rdf:Description rdf:about="http://data.linkedmdb.org/resource/film/43629">
    <movie:actor rdf:resource="http://data.linkedmdb.org/resource/actor/110"/>
  </rdf:Description>
  <rdf:Description rdf:about="http://data.linkedmdb.org/resource/film/6267">
    <movie:actor rdf:resource="http://data.linkedmdb.org/resource/actor/110"/>
  </rdf:Description>
  <rdf:Description rdf:about="http://data.linkedmdb.org/resource/film/38627">
    <movie:actor rdf:resource="http://data.linkedmdb.org/resource/actor/110"/>
  </rdf:Description>
  <rdf:Description rdf:about="http://data.linkedmdb.org/resource/interlink/114107">
    <oddlinker:link_source rdf:resource="http://data.linkedmdb.org/resource/actor/110"/>
  </rdf:Description>
  <rdf:Description rdf:about="http://data.linkedmdb.org/resource/film/5142">
    <movie:actor rdf:resource="http://data.linkedmdb.org/resource/actor/110"/>
  </rdf:Description>
  <rdf:Description rdf:about="http://data.linkedmdb.org/resource/film/319">
    <movie:actor rdf:resource="http://data.linkedmdb.org/resource/actor/110"/>
  </rdf:Description>
  <rdf:Description rdf:about="http://data.linkedmdb.org/resource/film/8945">
    <movie:actor rdf:resource="http://data.linkedmdb.org/resource/actor/110"/>
  </rdf:Description>
  <rdf:Description rdf:about="http://data.linkedmdb.org/resource/film/3591">
    <movie:actor rdf:resource="http://data.linkedmdb.org/resource/actor/110"/>
  </rdf:Description>
  <rdf:Description rdf:about="http://data.linkedmdb.org/resource/film/6583">
    <movie:actor rdf:resource="http://data.linkedmdb.org/resource/actor/110"/>
  </rdf:Description>
  <rdf:Description rdf:about="http://data.linkedmdb.org/resource/film/60292">
    <movie:actor rdf:resource="http://data.linkedmdb.org/resource/actor/110"/>
  </rdf:Description>
  <rdf:Description rdf:about="http://data.linkedmdb.org/resource/film/48174">
    <movie:actor rdf:resource="http://data.linkedmdb.org/resource/actor/110"/>
  </rdf:Description>
  <rdf:Description rdf:about="http://data.linkedmdb.org/resource/film/15035">
    <movie:actor rdf:resource="http://data.linkedmdb.org/resource/actor/110"/>
  </rdf:Description>
</rdf:RDF>
