<?xml version="1.0"?>
<rdf:RDF
    xmlns:dbpedia="http://dbpedia.org/property/"
    xmlns:skos="http://www.w3.org/2004/02/skos/core#"
    xmlns:oddlinker="http://data.linkedmdb.org/resource/oddlinker/"
    xmlns:db="http://data.linkedmdb.org/resource/"
    xmlns:movie="http://data.linkedmdb.org/resource/movie/"
    xmlns:rdf="http://www.w3.org/1999/02/22-rdf-syntax-ns#"
    xmlns:map="file:/C:/d2r-server-0.4/mapping.n3#"
    xmlns:foaf="http://xmlns.com/foaf/0.1/"
    xmlns:d2r="http://sites.wiwiss.fu-berlin.de/suhl/bizer/d2r-server/config.rdf#"
    xmlns:owl="http://www.w3.org/2002/07/owl#"
    xmlns:dc="http://purl.org/dc/terms/"
    xmlns:xsd="http://www.w3.org/2001/XMLSchema#"
    xmlns:rdfs="http://www.w3.org/2000/01/rdf-schema#">
  <rdf:Description rdf:about="http://www.freebase.com/view/guid/9202a8c04000641f80000000001ef9f4">
    <rdfs:seeAlso rdf:resource="http://data.linkedmdb.org/sparql?query=DESCRIBE+%3Chttp%3A%2F%2Fwww.freebase.com%2Fview%2Fguid%2F9202a8c04000641f80000000001ef9f4%3E"/>
  </rdf:Description>
  <foaf:Person rdf:about="http://data.linkedmdb.org/resource/actor/117">
    <movie:performance rdf:resource="http://data.linkedmdb.org/resource/performance/163137"/>
    <movie:performance rdf:resource="http://data.linkedmdb.org/resource/performance/163116"/>
    <movie:performance rdf:resource="http://data.linkedmdb.org/resource/performance/116303"/>
    <movie:performance rdf:resource="http://data.linkedmdb.org/resource/performance/49163"/>
    <foaf:page rdf:resource="http://www.freebase.com/view/guid/9202a8c04000641f80000000001ef9f4"/>
    <movie:performance rdf:resource="http://data.linkedmdb.org/resource/performance/39991"/>
    <owl:sameAs>
      <rdf:Description rdf:about="http://mpii.de/yago/resource/George_Hamilton_%28actor%29">
        <rdfs:seeAlso rdf:resource="http://data.linkedmdb.org/sparql?query=DESCRIBE+%3Chttp%3A%2F%2Fmpii.de%2Fyago%2Fresource%2FGeorge_Hamilton_%2528actor%2529%3E"/>
      </rdf:Description>
    </owl:sameAs>
    <movie:performance rdf:resource="http://data.linkedmdb.org/resource/performance/184072"/>
    <movie:performance rdf:resource="http://data.linkedmdb.org/resource/performance/177575"/>
    <movie:performance rdf:resource="http://data.linkedmdb.org/resource/performance/163131"/>
    <movie:actor_name>George Hamilton</movie:actor_name>
    <movie:performance rdf:resource="http://data.linkedmdb.org/resource/performance/125877"/>
    <dbpedia:hasPhotoCollection>
      <rdf:Description rdf:about="http://www4.wiwiss.fu-berlin.de/flickrwrappr/photos/George_Hamilton_(actor)">
        <rdfs:seeAlso rdf:resource="http://data.linkedmdb.org/sparql?query=DESCRIBE+%3Chttp%3A%2F%2Fwww4.wiwiss.fu-berlin.de%2Fflickrwrappr%2Fphotos%2FGeorge_Hamilton_%28actor%29%3E"/>
      </rdf:Description>
    </dbpedia:hasPhotoCollection>
    <movie:performance rdf:resource="http://data.linkedmdb.org/resource/performance/163114"/>
    <movie:performance rdf:resource="http://data.linkedmdb.org/resource/performance/163132"/>
    <movie:performance rdf:resource="http://data.linkedmdb.org/resource/performance/163135"/>
    <movie:performance rdf:resource="http://data.linkedmdb.org/resource/performance/14175"/>
    <movie:performance rdf:resource="http://data.linkedmdb.org/resource/performance/163117"/>
    <movie:performance rdf:resource="http://data.linkedmdb.org/resource/performance/163127"/>
    <movie:performance rdf:resource="http://data.linkedmdb.org/resource/performance/122582"/>
    <movie:performance rdf:resource="http://data.linkedmdb.org/resource/performance/163136"/>
    <owl:sameAs>
      <rdf:Description rdf:about="http://dbpedia.org/resource/George_Hamilton_%28actor%29">
        <rdfs:seeAlso rdf:resource="http://data.linkedmdb.org/sparql?query=DESCRIBE+%3Chttp%3A%2F%2Fdbpedia.org%2Fresource%2FGeorge_Hamilton_%2528actor%2529%3E"/>
      </rdf:Description>
    </owl:sameAs>
    <rdfs:label>George Hamilton (Actor)</rdfs:label>
    <movie:performance rdf:resource="http://data.linkedmdb.org/resource/performance/163128"/>
    <movie:actor_actorid rdf:datatype="http://www.w3.org/2001/XMLSchema#int"
    >117</movie:actor_actorid>
    <movie:performance rdf:resource="http://data.linkedmdb.org/resource/performance/39058"/>
    <movie:performance rdf:resource="http://data.linkedmdb.org/resource/performance/198000"/>
    <movie:performance rdf:resource="http://data.linkedmdb.org/resource/performance/163133"/>
    <movie:performance rdf:resource="http://data.linkedmdb.org/resource/performance/163130"/>
    <movie:performance rdf:resource="http://data.linkedmdb.org/resource/performance/163129"/>
    <movie:performance rdf:resource="http://data.linkedmdb.org/resource/performance/90969"/>
    <rdf:type rdf:resource="http://data.linkedmdb.org/resource/movie/actor"/>
    <movie:performance rdf:resource="http://data.linkedmdb.org/resource/performance/163134"/>
  </foaf:Person>
  <rdf:Description rdf:about="http://data.linkedmdb.org/resource/film/45505">
    <movie:actor rdf:resource="http://data.linkedmdb.org/resource/actor/117"/>
  </rdf:Description>
  <rdf:Description rdf:about="http://data.linkedmdb.org/resource/film/16830">
    <movie:actor rdf:resource="http://data.linkedmdb.org/resource/actor/117"/>
  </rdf:Description>
  <rdf:Description rdf:about="http://data.linkedmdb.org/resource/interlink/88923">
    <oddlinker:link_source rdf:resource="http://data.linkedmdb.org/resource/actor/117"/>
  </rdf:Description>
  <rdf:Description rdf:about="http://data.linkedmdb.org/resource/film/40961">
    <movie:actor rdf:resource="http://data.linkedmdb.org/resource/actor/117"/>
  </rdf:Description>
  <rdf:Description rdf:about="http://data.linkedmdb.org/resource/film/8015">
    <movie:actor rdf:resource="http://data.linkedmdb.org/resource/actor/117"/>
  </rdf:Description>
  <rdf:Description rdf:about="http://data.linkedmdb.org/resource/film/16836">
    <movie:actor rdf:resource="http://data.linkedmdb.org/resource/actor/117"/>
  </rdf:Description>
  <rdf:Description rdf:about="http://data.linkedmdb.org/resource/film/22634">
    <movie:actor rdf:resource="http://data.linkedmdb.org/resource/actor/117"/>
  </rdf:Description>
  <rdf:Description rdf:about="http://data.linkedmdb.org/resource/film/48563">
    <movie:actor rdf:resource="http://data.linkedmdb.org/resource/actor/117"/>
  </rdf:Description>
  <rdf:Description rdf:about="http://data.linkedmdb.org/resource/film/46345">
    <movie:actor rdf:resource="http://data.linkedmdb.org/resource/actor/117"/>
  </rdf:Description>
  <rdf:Description rdf:about="http://xmlns.com/foaf/0.1/Person">
    <rdfs:seeAlso rdf:resource="http://data.linkedmdb.org/sparql?query=DESCRIBE+%3Chttp%3A%2F%2Fxmlns.com%2Ffoaf%2F0.1%2FPerson%3E"/>
  </rdf:Description>
  <rdf:Description rdf:about="http://data.linkedmdb.org/resource/interlink/112565">
    <oddlinker:link_source rdf:resource="http://data.linkedmdb.org/resource/actor/117"/>
  </rdf:Description>
  <rdf:Description rdf:about="http://data.linkedmdb.org/resource/interlink/100744">
    <oddlinker:link_source rdf:resource="http://data.linkedmdb.org/resource/actor/117"/>
  </rdf:Description>
  <rdf:Description rdf:about="http://data.linkedmdb.org/resource/film/70464">
    <movie:actor rdf:resource="http://data.linkedmdb.org/resource/actor/117"/>
  </rdf:Description>
  <rdf:Description rdf:about="http://data.linkedmdb.org/resource/film/4976">
    <movie:actor rdf:resource="http://data.linkedmdb.org/resource/actor/117"/>
  </rdf:Description>
  <rdf:Description rdf:about="http://data.linkedmdb.org/resource/film/1772">
    <movie:actor rdf:resource="http://data.linkedmdb.org/resource/actor/117"/>
  </rdf:Description>
  <rdf:Description rdf:about="http://data.linkedmdb.org/resource/film/56864">
    <movie:actor rdf:resource="http://data.linkedmdb.org/resource/actor/117"/>
  </rdf:Description>
  <rdf:Description rdf:about="http://data.linkedmdb.org/resource/film/19676">
    <movie:actor rdf:resource="http://data.linkedmdb.org/resource/actor/117"/>
  </rdf:Description>
  <rdf:Description rdf:about="http://data.linkedmdb.org/resource/film/39499">
    <movie:actor rdf:resource="http://data.linkedmdb.org/resource/actor/117"/>
  </rdf:Description>
  <rdf:Description rdf:about="http://data.linkedmdb.org/resource/film/14389">
    <movie:actor rdf:resource="http://data.linkedmdb.org/resource/actor/117"/>
  </rdf:Description>
  <rdf:Description rdf:about="http://data.linkedmdb.org/resource/film/59538">
    <movie:actor rdf:resource="http://data.linkedmdb.org/resource/actor/117"/>
  </rdf:Description>
  <rdf:Description rdf:about="http://data.linkedmdb.org/resource/film/21563">
    <movie:actor rdf:resource="http://data.linkedmdb.org/resource/actor/117"/>
  </rdf:Description>
  <rdf:Description rdf:about="http://data.linkedmdb.org/resource/film/61880">
    <movie:actor rdf:resource="http://data.linkedmdb.org/resource/actor/117"/>
  </rdf:Description>
  <rdf:Description rdf:about="http://data.linkedmdb.org/resource/film/98114">
    <movie:actor rdf:resource="http://data.linkedmdb.org/resource/actor/117"/>
  </rdf:Description>
  <rdf:Description rdf:about="http://data.linkedmdb.org/resource/film/68669">
    <movie:actor rdf:resource="http://data.linkedmdb.org/resource/actor/117"/>
  </rdf:Description>
  <rdf:Description rdf:about="http://data.linkedmdb.org/resource/film/41981">
    <movie:actor rdf:resource="http://data.linkedmdb.org/resource/actor/117"/>
  </rdf:Description>
  <rdf:Description rdf:about="http://data.linkedmdb.org/resource/film/51188">
    <movie:actor rdf:resource="http://data.linkedmdb.org/resource/actor/117"/>
  </rdf:Description>
  <rdf:Description rdf:about="http://data.linkedmdb.org/resource/film/329">
    <movie:actor rdf:resource="http://data.linkedmdb.org/resource/actor/117"/>
  </rdf:Description>
  <rdf:Description rdf:about="http://data.linkedmdb.org/resource/film/42434">
    <movie:actor rdf:resource="http://data.linkedmdb.org/resource/actor/117"/>
  </rdf:Description>
  <rdf:Description rdf:about="http://data.linkedmdb.org/data/actor/117">
    <rdfs:comment>Contents of this file may include content from 
		      FreeBase (http://www.freebase.com) or Wikipedia 
		      (http://www.wikipedia.org) licensed under CC-BY
		      (http://www.freebase.com/view/common/license/cc_attribution_25)
		      or GFDL (http://en.wikipedia.org/wiki/Wikipedia:Text_of_the_GNU_Free_Documentation_License). 
		      Refer to http://www.linkedmdb.org:8080/Main/Licensing for more details.</rdfs:comment>
    <rdfs:label>RDF Description of George Hamilton (Actor)</rdfs:label>
    <foaf:primaryTopic rdf:resource="http://data.linkedmdb.org/resource/actor/117"/>
  </rdf:Description>
  <rdf:Description rdf:about="http://data.linkedmdb.org/resource/film/3449">
    <movie:actor rdf:resource="http://data.linkedmdb.org/resource/actor/117"/>
  </rdf:Description>
</rdf:RDF>
