<?xml version="1.0"?>
<rdf:RDF
    xmlns:dbpedia="http://dbpedia.org/property/"
    xmlns:skos="http://www.w3.org/2004/02/skos/core#"
    xmlns:oddlinker="http://data.linkedmdb.org/resource/oddlinker/"
    xmlns:db="http://data.linkedmdb.org/resource/"
    xmlns:movie="http://data.linkedmdb.org/resource/movie/"
    xmlns:rdf="http://www.w3.org/1999/02/22-rdf-syntax-ns#"
    xmlns:map="file:/C:/d2r-server-0.4/mapping.n3#"
    xmlns:foaf="http://xmlns.com/foaf/0.1/"
    xmlns:d2r="http://sites.wiwiss.fu-berlin.de/suhl/bizer/d2r-server/config.rdf#"
    xmlns:owl="http://www.w3.org/2002/07/owl#"
    xmlns:dc="http://purl.org/dc/terms/"
    xmlns:xsd="http://www.w3.org/2001/XMLSchema#"
    xmlns:rdfs="http://www.w3.org/2000/01/rdf-schema#">
  <rdf:Description rdf:about="http://data.linkedmdb.org/resource/film/44344">
    <movie:actor>
      <movie:actor rdf:about="http://data.linkedmdb.org/resource/actor/199">
        <movie:performance rdf:resource="http://data.linkedmdb.org/resource/performance/33829"/>
        <movie:performance rdf:resource="http://data.linkedmdb.org/resource/performance/52920"/>
        <movie:actor_name>Anne Hathaway</movie:actor_name>
        <movie:performance rdf:resource="http://data.linkedmdb.org/resource/performance/42643"/>
        <movie:performance rdf:resource="http://data.linkedmdb.org/resource/performance/13553"/>
        <movie:performance rdf:resource="http://data.linkedmdb.org/resource/performance/176120"/>
        <movie:performance rdf:resource="http://data.linkedmdb.org/resource/performance/14276"/>
        <rdf:type>
          <rdf:Description rdf:about="http://xmlns.com/foaf/0.1/Person">
            <rdfs:seeAlso rdf:resource="http://data.linkedmdb.org/sparql?query=DESCRIBE+%3Chttp%3A%2F%2Fxmlns.com%2Ffoaf%2F0.1%2FPerson%3E"/>
          </rdf:Description>
        </rdf:type>
        <movie:performance rdf:resource="http://data.linkedmdb.org/resource/performance/117579"/>
        <movie:performance rdf:resource="http://data.linkedmdb.org/resource/performance/101045"/>
        <rdfs:label>Anne Hathaway (Actor)</rdfs:label>
        <movie:performance rdf:resource="http://data.linkedmdb.org/resource/performance/140132"/>
        <movie:performance rdf:resource="http://data.linkedmdb.org/resource/performance/110682"/>
        <movie:performance rdf:resource="http://data.linkedmdb.org/resource/performance/186503"/>
        <movie:performance rdf:resource="http://data.linkedmdb.org/resource/performance/34253"/>
        <movie:performance rdf:resource="http://data.linkedmdb.org/resource/performance/105809"/>
        <movie:performance rdf:resource="http://data.linkedmdb.org/resource/performance/53680"/>
        <movie:performance rdf:resource="http://data.linkedmdb.org/resource/performance/30724"/>
        <movie:actor_actorid rdf:datatype="http://www.w3.org/2001/XMLSchema#int"
        >199</movie:actor_actorid>
        <movie:performance rdf:resource="http://data.linkedmdb.org/resource/performance/5400"/>
        <movie:performance rdf:resource="http://data.linkedmdb.org/resource/performance/131797"/>
        <movie:performance rdf:resource="http://data.linkedmdb.org/resource/performance/51280"/>
        <movie:performance rdf:resource="http://data.linkedmdb.org/resource/performance/59905"/>
        <foaf:page>
          <rdf:Description rdf:about="http://www.freebase.com/view/guid/9202a8c04000641f80000000002d5330">
            <rdfs:seeAlso rdf:resource="http://data.linkedmdb.org/sparql?query=DESCRIBE+%3Chttp%3A%2F%2Fwww.freebase.com%2Fview%2Fguid%2F9202a8c04000641f80000000002d5330%3E"/>
          </rdf:Description>
        </foaf:page>
      </movie:actor>
    </movie:actor>
  </rdf:Description>
  <rdf:Description rdf:about="http://data.linkedmdb.org/resource/film/40505">
    <movie:actor rdf:resource="http://data.linkedmdb.org/resource/actor/199"/>
  </rdf:Description>
  <rdf:Description rdf:about="http://data.linkedmdb.org/resource/film/1093">
    <movie:actor rdf:resource="http://data.linkedmdb.org/resource/actor/199"/>
  </rdf:Description>
  <rdf:Description rdf:about="http://data.linkedmdb.org/resource/film/65505">
    <movie:actor rdf:resource="http://data.linkedmdb.org/resource/actor/199"/>
  </rdf:Description>
  <rdf:Description rdf:about="http://data.linkedmdb.org/resource/film/11074">
    <movie:actor rdf:resource="http://data.linkedmdb.org/resource/actor/199"/>
  </rdf:Description>
  <rdf:Description rdf:about="http://data.linkedmdb.org/data/actor/199">
    <rdfs:comment>Contents of this file may include content from 
		      FreeBase (http://www.freebase.com) or Wikipedia 
		      (http://www.wikipedia.org) licensed under CC-BY
		      (http://www.freebase.com/view/common/license/cc_attribution_25)
		      or GFDL (http://en.wikipedia.org/wiki/Wikipedia:Text_of_the_GNU_Free_Documentation_License). 
		      Refer to http://www.linkedmdb.org:8080/Main/Licensing for more details.</rdfs:comment>
    <rdfs:label>RDF Description of Anne Hathaway (Actor)</rdfs:label>
    <foaf:primaryTopic rdf:resource="http://data.linkedmdb.org/resource/actor/199"/>
  </rdf:Description>
  <rdf:Description rdf:about="http://data.linkedmdb.org/resource/film/9407">
    <movie:actor rdf:resource="http://data.linkedmdb.org/resource/actor/199"/>
  </rdf:Description>
  <rdf:Description rdf:about="http://data.linkedmdb.org/resource/film/5949">
    <movie:actor rdf:resource="http://data.linkedmdb.org/resource/actor/199"/>
  </rdf:Description>
  <rdf:Description rdf:about="http://data.linkedmdb.org/resource/film/6563">
    <movie:actor rdf:resource="http://data.linkedmdb.org/resource/actor/199"/>
  </rdf:Description>
  <rdf:Description rdf:about="http://data.linkedmdb.org/resource/film/39947">
    <movie:actor rdf:resource="http://data.linkedmdb.org/resource/actor/199"/>
  </rdf:Description>
  <rdf:Description rdf:about="http://data.linkedmdb.org/resource/film/96939">
    <movie:actor rdf:resource="http://data.linkedmdb.org/resource/actor/199"/>
  </rdf:Description>
  <rdf:Description rdf:about="http://data.linkedmdb.org/resource/film/3520">
    <movie:actor rdf:resource="http://data.linkedmdb.org/resource/actor/199"/>
  </rdf:Description>
  <rdf:Description rdf:about="http://data.linkedmdb.org/resource/film/24406">
    <movie:actor rdf:resource="http://data.linkedmdb.org/resource/actor/199"/>
  </rdf:Description>
  <rdf:Description rdf:about="http://data.linkedmdb.org/resource/film/20797">
    <movie:actor rdf:resource="http://data.linkedmdb.org/resource/actor/199"/>
  </rdf:Description>
  <rdf:Description rdf:about="http://data.linkedmdb.org/resource/film/57164">
    <movie:actor rdf:resource="http://data.linkedmdb.org/resource/actor/199"/>
  </rdf:Description>
  <rdf:Description rdf:about="http://data.linkedmdb.org/resource/film/44329">
    <movie:actor rdf:resource="http://data.linkedmdb.org/resource/actor/199"/>
  </rdf:Description>
  <rdf:Description rdf:about="http://data.linkedmdb.org/resource/film/88300">
    <movie:actor rdf:resource="http://data.linkedmdb.org/resource/actor/199"/>
  </rdf:Description>
  <rdf:Description rdf:about="http://data.linkedmdb.org/resource/film/1341">
    <movie:actor rdf:resource="http://data.linkedmdb.org/resource/actor/199"/>
  </rdf:Description>
  <rdf:Description rdf:about="http://data.linkedmdb.org/resource/film/86798">
    <movie:actor rdf:resource="http://data.linkedmdb.org/resource/actor/199"/>
  </rdf:Description>
  <rdf:Description rdf:about="http://data.linkedmdb.org/resource/film/11142">
    <movie:actor rdf:resource="http://data.linkedmdb.org/resource/actor/199"/>
  </rdf:Description>
  <rdf:Description rdf:about="http://data.linkedmdb.org/resource/film/41673">
    <movie:actor rdf:resource="http://data.linkedmdb.org/resource/actor/199"/>
  </rdf:Description>
</rdf:RDF>
