<?xml version="1.0"?>
<rdf:RDF
    xmlns:dbpedia="http://dbpedia.org/property/"
    xmlns:skos="http://www.w3.org/2004/02/skos/core#"
    xmlns:oddlinker="http://data.linkedmdb.org/resource/oddlinker/"
    xmlns:db="http://data.linkedmdb.org/resource/"
    xmlns:movie="http://data.linkedmdb.org/resource/movie/"
    xmlns:rdf="http://www.w3.org/1999/02/22-rdf-syntax-ns#"
    xmlns:map="file:/C:/d2r-server-0.4/mapping.n3#"
    xmlns:foaf="http://xmlns.com/foaf/0.1/"
    xmlns:d2r="http://sites.wiwiss.fu-berlin.de/suhl/bizer/d2r-server/config.rdf#"
    xmlns:owl="http://www.w3.org/2002/07/owl#"
    xmlns:dc="http://purl.org/dc/terms/"
    xmlns:xsd="http://www.w3.org/2001/XMLSchema#"
    xmlns:rdfs="http://www.w3.org/2000/01/rdf-schema#">
  <rdf:Description rdf:about="http://data.linkedmdb.org/resource/interlink/112596">
    <oddlinker:link_source>
      <movie:actor rdf:about="http://data.linkedmdb.org/resource/actor/1243">
        <owl:sameAs>
          <rdf:Description rdf:about="http://dbpedia.org/resource/Gabriel_Mann_%28actor%29">
            <rdfs:seeAlso rdf:resource="http://data.linkedmdb.org/sparql?query=DESCRIBE+%3Chttp%3A%2F%2Fdbpedia.org%2Fresource%2FGabriel_Mann_%2528actor%2529%3E"/>
          </rdf:Description>
        </owl:sameAs>
        <movie:performance rdf:resource="http://data.linkedmdb.org/resource/performance/79809"/>
        <movie:performance rdf:resource="http://data.linkedmdb.org/resource/performance/118583"/>
        <movie:performance rdf:resource="http://data.linkedmdb.org/resource/performance/49636"/>
        <movie:actor_name>Gabriel Mann</movie:actor_name>
        <owl:sameAs>
          <rdf:Description rdf:about="http://mpii.de/yago/resource/Gabriel_Mann_%28actor%29">
            <rdfs:seeAlso rdf:resource="http://data.linkedmdb.org/sparql?query=DESCRIBE+%3Chttp%3A%2F%2Fmpii.de%2Fyago%2Fresource%2FGabriel_Mann_%2528actor%2529%3E"/>
          </rdf:Description>
        </owl:sameAs>
        <movie:performance rdf:resource="http://data.linkedmdb.org/resource/performance/107107"/>
        <movie:performance rdf:resource="http://data.linkedmdb.org/resource/performance/86769"/>
        <movie:performance rdf:resource="http://data.linkedmdb.org/resource/performance/120370"/>
        <movie:performance rdf:resource="http://data.linkedmdb.org/resource/performance/84152"/>
        <movie:actor_actorid rdf:datatype="http://www.w3.org/2001/XMLSchema#int"
        >1243</movie:actor_actorid>
        <movie:performance rdf:resource="http://data.linkedmdb.org/resource/performance/178629"/>
        <movie:performance rdf:resource="http://data.linkedmdb.org/resource/performance/100077"/>
        <movie:performance rdf:resource="http://data.linkedmdb.org/resource/performance/107370"/>
        <foaf:page>
          <rdf:Description rdf:about="http://www.freebase.com/view/guid/9202a8c04000641f8000000000cda53d">
            <rdfs:seeAlso rdf:resource="http://data.linkedmdb.org/sparql?query=DESCRIBE+%3Chttp%3A%2F%2Fwww.freebase.com%2Fview%2Fguid%2F9202a8c04000641f8000000000cda53d%3E"/>
          </rdf:Description>
        </foaf:page>
        <movie:performance rdf:resource="http://data.linkedmdb.org/resource/performance/72834"/>
        <movie:performance rdf:resource="http://data.linkedmdb.org/resource/performance/87301"/>
        <rdf:type>
          <rdf:Description rdf:about="http://xmlns.com/foaf/0.1/Person">
            <rdfs:seeAlso rdf:resource="http://data.linkedmdb.org/sparql?query=DESCRIBE+%3Chttp%3A%2F%2Fxmlns.com%2Ffoaf%2F0.1%2FPerson%3E"/>
          </rdf:Description>
        </rdf:type>
        <rdfs:label>Gabriel Mann (Actor)</rdfs:label>
        <movie:performance rdf:resource="http://data.linkedmdb.org/resource/performance/87655"/>
        <movie:performance rdf:resource="http://data.linkedmdb.org/resource/performance/84338"/>
        <dbpedia:hasPhotoCollection>
          <rdf:Description rdf:about="http://www4.wiwiss.fu-berlin.de/flickrwrappr/photos/Gabriel_Mann_(actor)">
            <rdfs:seeAlso rdf:resource="http://data.linkedmdb.org/sparql?query=DESCRIBE+%3Chttp%3A%2F%2Fwww4.wiwiss.fu-berlin.de%2Fflickrwrappr%2Fphotos%2FGabriel_Mann_%28actor%29%3E"/>
          </rdf:Description>
        </dbpedia:hasPhotoCollection>
        <movie:performance rdf:resource="http://data.linkedmdb.org/resource/performance/82509"/>
        <movie:performance rdf:resource="http://data.linkedmdb.org/resource/performance/155151"/>
        <movie:performance rdf:resource="http://data.linkedmdb.org/resource/performance/111976"/>
      </movie:actor>
    </oddlinker:link_source>
  </rdf:Description>
  <rdf:Description rdf:about="http://data.linkedmdb.org/resource/interlink/88954">
    <oddlinker:link_source rdf:resource="http://data.linkedmdb.org/resource/actor/1243"/>
  </rdf:Description>
  <rdf:Description rdf:about="http://data.linkedmdb.org/resource/film/42466">
    <movie:actor rdf:resource="http://data.linkedmdb.org/resource/actor/1243"/>
  </rdf:Description>
  <rdf:Description rdf:about="http://data.linkedmdb.org/resource/film/51946">
    <movie:actor rdf:resource="http://data.linkedmdb.org/resource/actor/1243"/>
  </rdf:Description>
  <rdf:Description rdf:about="http://data.linkedmdb.org/resource/film/57975">
    <movie:actor rdf:resource="http://data.linkedmdb.org/resource/actor/1243"/>
  </rdf:Description>
  <rdf:Description rdf:about="http://data.linkedmdb.org/resource/interlink/100775">
    <oddlinker:link_source rdf:resource="http://data.linkedmdb.org/resource/actor/1243"/>
  </rdf:Description>
  <rdf:Description rdf:about="http://data.linkedmdb.org/resource/film/1511">
    <movie:actor rdf:resource="http://data.linkedmdb.org/resource/actor/1243"/>
  </rdf:Description>
  <rdf:Description rdf:about="http://data.linkedmdb.org/resource/film/41334">
    <movie:actor rdf:resource="http://data.linkedmdb.org/resource/actor/1243"/>
  </rdf:Description>
  <rdf:Description rdf:about="http://data.linkedmdb.org/data/actor/1243">
    <rdfs:comment>Contents of this file may include content from 
		      FreeBase (http://www.freebase.com) or Wikipedia 
		      (http://www.wikipedia.org) licensed under CC-BY
		      (http://www.freebase.com/view/common/license/cc_attribution_25)
		      or GFDL (http://en.wikipedia.org/wiki/Wikipedia:Text_of_the_GNU_Free_Documentation_License). 
		      Refer to http://www.linkedmdb.org:8080/Main/Licensing for more details.</rdfs:comment>
    <rdfs:label>RDF Description of Gabriel Mann (Actor)</rdfs:label>
    <foaf:primaryTopic rdf:resource="http://data.linkedmdb.org/resource/actor/1243"/>
  </rdf:Description>
  <rdf:Description rdf:about="http://data.linkedmdb.org/resource/film/41893">
    <movie:actor rdf:resource="http://data.linkedmdb.org/resource/actor/1243"/>
  </rdf:Description>
  <rdf:Description rdf:about="http://data.linkedmdb.org/resource/film/3277">
    <movie:actor rdf:resource="http://data.linkedmdb.org/resource/actor/1243"/>
  </rdf:Description>
  <rdf:Description rdf:about="http://data.linkedmdb.org/resource/film/93309">
    <movie:actor rdf:resource="http://data.linkedmdb.org/resource/actor/1243"/>
  </rdf:Description>
  <rdf:Description rdf:about="http://data.linkedmdb.org/resource/film/12160">
    <movie:actor rdf:resource="http://data.linkedmdb.org/resource/actor/1243"/>
  </rdf:Description>
  <rdf:Description rdf:about="http://data.linkedmdb.org/resource/film/56169">
    <movie:actor rdf:resource="http://data.linkedmdb.org/resource/actor/1243"/>
  </rdf:Description>
  <rdf:Description rdf:about="http://data.linkedmdb.org/resource/film/47412">
    <movie:actor rdf:resource="http://data.linkedmdb.org/resource/actor/1243"/>
  </rdf:Description>
  <rdf:Description rdf:about="http://data.linkedmdb.org/resource/film/1372">
    <movie:actor rdf:resource="http://data.linkedmdb.org/resource/actor/1243"/>
  </rdf:Description>
  <rdf:Description rdf:about="http://data.linkedmdb.org/resource/film/5079">
    <movie:actor rdf:resource="http://data.linkedmdb.org/resource/actor/1243"/>
  </rdf:Description>
  <rdf:Description rdf:about="http://data.linkedmdb.org/resource/film/11410">
    <movie:actor rdf:resource="http://data.linkedmdb.org/resource/actor/1243"/>
  </rdf:Description>
  <rdf:Description rdf:about="http://data.linkedmdb.org/resource/film/13856">
    <movie:actor rdf:resource="http://data.linkedmdb.org/resource/actor/1243"/>
  </rdf:Description>
  <rdf:Description rdf:about="http://data.linkedmdb.org/resource/film/9120">
    <movie:actor rdf:resource="http://data.linkedmdb.org/resource/actor/1243"/>
  </rdf:Description>
  <rdf:Description rdf:about="http://data.linkedmdb.org/resource/film/39261">
    <movie:actor rdf:resource="http://data.linkedmdb.org/resource/actor/1243"/>
  </rdf:Description>
</rdf:RDF>
