<?xml version="1.0"?>
<rdf:RDF
    xmlns:dbpedia="http://dbpedia.org/property/"
    xmlns:skos="http://www.w3.org/2004/02/skos/core#"
    xmlns:oddlinker="http://data.linkedmdb.org/resource/oddlinker/"
    xmlns:db="http://data.linkedmdb.org/resource/"
    xmlns:movie="http://data.linkedmdb.org/resource/movie/"
    xmlns:rdf="http://www.w3.org/1999/02/22-rdf-syntax-ns#"
    xmlns:map="file:/C:/d2r-server-0.4/mapping.n3#"
    xmlns:foaf="http://xmlns.com/foaf/0.1/"
    xmlns:d2r="http://sites.wiwiss.fu-berlin.de/suhl/bizer/d2r-server/config.rdf#"
    xmlns:owl="http://www.w3.org/2002/07/owl#"
    xmlns:dc="http://purl.org/dc/terms/"
    xmlns:xsd="http://www.w3.org/2001/XMLSchema#"
    xmlns:rdfs="http://www.w3.org/2000/01/rdf-schema#">
  <movie:actor rdf:about="http://data.linkedmdb.org/resource/actor/238">
    <movie:performance rdf:resource="http://data.linkedmdb.org/resource/performance/4760"/>
    <movie:performance rdf:resource="http://data.linkedmdb.org/resource/performance/91655"/>
    <movie:performance rdf:resource="http://data.linkedmdb.org/resource/performance/22958"/>
    <foaf:page>
      <rdf:Description rdf:about="http://www.freebase.com/view/guid/9202a8c04000641f8000000000327960">
        <rdfs:seeAlso rdf:resource="http://data.linkedmdb.org/sparql?query=DESCRIBE+%3Chttp%3A%2F%2Fwww.freebase.com%2Fview%2Fguid%2F9202a8c04000641f8000000000327960%3E"/>
      </rdf:Description>
    </foaf:page>
    <movie:performance rdf:resource="http://data.linkedmdb.org/resource/performance/96492"/>
    <rdfs:label>J. T. Walsh (Actor)</rdfs:label>
    <movie:performance rdf:resource="http://data.linkedmdb.org/resource/performance/147103"/>
    <owl:sameAs>
      <rdf:Description rdf:about="http://mpii.de/yago/resource/J._T._Walsh">
        <rdfs:seeAlso rdf:resource="http://data.linkedmdb.org/sparql?query=DESCRIBE+%3Chttp%3A%2F%2Fmpii.de%2Fyago%2Fresource%2FJ._T._Walsh%3E"/>
      </rdf:Description>
    </owl:sameAs>
    <movie:performance rdf:resource="http://data.linkedmdb.org/resource/performance/145120"/>
    <movie:performance rdf:resource="http://data.linkedmdb.org/resource/performance/147980"/>
    <movie:performance rdf:resource="http://data.linkedmdb.org/resource/performance/95895"/>
    <owl:sameAs>
      <rdf:Description rdf:about="http://dbpedia.org/resource/J._T._Walsh">
        <rdfs:seeAlso rdf:resource="http://data.linkedmdb.org/sparql?query=DESCRIBE+%3Chttp%3A%2F%2Fdbpedia.org%2Fresource%2FJ._T._Walsh%3E"/>
      </rdf:Description>
    </owl:sameAs>
    <movie:performance rdf:resource="http://data.linkedmdb.org/resource/performance/132163"/>
    <movie:performance rdf:resource="http://data.linkedmdb.org/resource/performance/156015"/>
    <movie:performance rdf:resource="http://data.linkedmdb.org/resource/performance/175961"/>
    <movie:performance rdf:resource="http://data.linkedmdb.org/resource/performance/115600"/>
    <movie:performance rdf:resource="http://data.linkedmdb.org/resource/performance/90598"/>
    <movie:performance rdf:resource="http://data.linkedmdb.org/resource/performance/115649"/>
    <movie:performance rdf:resource="http://data.linkedmdb.org/resource/performance/145116"/>
    <movie:performance rdf:resource="http://data.linkedmdb.org/resource/performance/94905"/>
    <movie:performance rdf:resource="http://data.linkedmdb.org/resource/performance/177616"/>
    <dbpedia:hasPhotoCollection>
      <rdf:Description rdf:about="http://www4.wiwiss.fu-berlin.de/flickrwrappr/photos/J._T._Walsh">
        <rdfs:seeAlso rdf:resource="http://data.linkedmdb.org/sparql?query=DESCRIBE+%3Chttp%3A%2F%2Fwww4.wiwiss.fu-berlin.de%2Fflickrwrappr%2Fphotos%2FJ._T._Walsh%3E"/>
      </rdf:Description>
    </dbpedia:hasPhotoCollection>
    <movie:performance rdf:resource="http://data.linkedmdb.org/resource/performance/14435"/>
    <movie:performance rdf:resource="http://data.linkedmdb.org/resource/performance/7605"/>
    <movie:performance rdf:resource="http://data.linkedmdb.org/resource/performance/145164"/>
    <movie:performance rdf:resource="http://data.linkedmdb.org/resource/performance/133386"/>
    <movie:actor_actorid rdf:datatype="http://www.w3.org/2001/XMLSchema#int"
    >238</movie:actor_actorid>
    <movie:actor_name>J. T. Walsh</movie:actor_name>
    <movie:performance rdf:resource="http://data.linkedmdb.org/resource/performance/24194"/>
    <movie:performance rdf:resource="http://data.linkedmdb.org/resource/performance/147842"/>
    <rdf:type>
      <rdf:Description rdf:about="http://xmlns.com/foaf/0.1/Person">
        <rdfs:seeAlso rdf:resource="http://data.linkedmdb.org/sparql?query=DESCRIBE+%3Chttp%3A%2F%2Fxmlns.com%2Ffoaf%2F0.1%2FPerson%3E"/>
      </rdf:Description>
    </rdf:type>
    <movie:performance rdf:resource="http://data.linkedmdb.org/resource/performance/195728"/>
    <movie:performance rdf:resource="http://data.linkedmdb.org/resource/performance/5200"/>
  </movie:actor>
  <rdf:Description rdf:about="http://data.linkedmdb.org/resource/film/860">
    <movie:actor rdf:resource="http://data.linkedmdb.org/resource/actor/238"/>
  </rdf:Description>
  <rdf:Description rdf:about="http://data.linkedmdb.org/resource/film/38686">
    <movie:actor rdf:resource="http://data.linkedmdb.org/resource/actor/238"/>
  </rdf:Description>
  <rdf:Description rdf:about="http://data.linkedmdb.org/resource/film/41447">
    <movie:actor rdf:resource="http://data.linkedmdb.org/resource/actor/238"/>
  </rdf:Description>
  <rdf:Description rdf:about="http://data.linkedmdb.org/resource/film/43807">
    <movie:actor rdf:resource="http://data.linkedmdb.org/resource/actor/238"/>
  </rdf:Description>
  <rdf:Description rdf:about="http://data.linkedmdb.org/resource/film/40610">
    <movie:actor rdf:resource="http://data.linkedmdb.org/resource/actor/238"/>
  </rdf:Description>
  <rdf:Description rdf:about="http://data.linkedmdb.org/resource/film/43485">
    <movie:actor rdf:resource="http://data.linkedmdb.org/resource/actor/238"/>
  </rdf:Description>
  <rdf:Description rdf:about="http://data.linkedmdb.org/resource/film/71253">
    <movie:actor rdf:resource="http://data.linkedmdb.org/resource/actor/238"/>
  </rdf:Description>
  <rdf:Description rdf:about="http://data.linkedmdb.org/resource/film/66976">
    <movie:actor rdf:resource="http://data.linkedmdb.org/resource/actor/238"/>
  </rdf:Description>
  <rdf:Description rdf:about="http://data.linkedmdb.org/resource/film/38774">
    <movie:actor rdf:resource="http://data.linkedmdb.org/resource/actor/238"/>
  </rdf:Description>
  <rdf:Description rdf:about="http://data.linkedmdb.org/resource/interlink/113595">
    <oddlinker:link_source rdf:resource="http://data.linkedmdb.org/resource/actor/238"/>
  </rdf:Description>
  <rdf:Description rdf:about="http://data.linkedmdb.org/resource/interlink/101774">
    <oddlinker:link_source rdf:resource="http://data.linkedmdb.org/resource/actor/238"/>
  </rdf:Description>
  <rdf:Description rdf:about="http://data.linkedmdb.org/resource/film/53291">
    <movie:actor rdf:resource="http://data.linkedmdb.org/resource/actor/238"/>
  </rdf:Description>
  <rdf:Description rdf:about="http://data.linkedmdb.org/resource/film/38582">
    <movie:actor rdf:resource="http://data.linkedmdb.org/resource/actor/238"/>
  </rdf:Description>
  <rdf:Description rdf:about="http://data.linkedmdb.org/resource/film/39435">
    <movie:actor rdf:resource="http://data.linkedmdb.org/resource/actor/238"/>
  </rdf:Description>
  <rdf:Description rdf:about="http://data.linkedmdb.org/resource/film/71391">
    <movie:actor rdf:resource="http://data.linkedmdb.org/resource/actor/238"/>
  </rdf:Description>
  <rdf:Description rdf:about="http://data.linkedmdb.org/resource/film/38309">
    <movie:actor rdf:resource="http://data.linkedmdb.org/resource/actor/238"/>
  </rdf:Description>
  <rdf:Description rdf:about="http://data.linkedmdb.org/resource/film/73872">
    <movie:actor rdf:resource="http://data.linkedmdb.org/resource/actor/238"/>
  </rdf:Description>
  <rdf:Description rdf:about="http://data.linkedmdb.org/resource/film/18418">
    <movie:actor rdf:resource="http://data.linkedmdb.org/resource/actor/238"/>
  </rdf:Description>
  <rdf:Description rdf:about="http://data.linkedmdb.org/resource/film/56651">
    <movie:actor rdf:resource="http://data.linkedmdb.org/resource/actor/238"/>
  </rdf:Description>
  <rdf:Description rdf:about="http://data.linkedmdb.org/resource/film/7077">
    <movie:actor rdf:resource="http://data.linkedmdb.org/resource/actor/238"/>
  </rdf:Description>
  <rdf:Description rdf:about="http://data.linkedmdb.org/resource/interlink/89953">
    <oddlinker:link_source rdf:resource="http://data.linkedmdb.org/resource/actor/238"/>
  </rdf:Description>
  <rdf:Description rdf:about="http://data.linkedmdb.org/resource/film/38758">
    <movie:actor rdf:resource="http://data.linkedmdb.org/resource/actor/238"/>
  </rdf:Description>
  <rdf:Description rdf:about="http://data.linkedmdb.org/resource/film/43359">
    <movie:actor rdf:resource="http://data.linkedmdb.org/resource/actor/238"/>
  </rdf:Description>
  <rdf:Description rdf:about="http://data.linkedmdb.org/resource/film/2797">
    <movie:actor rdf:resource="http://data.linkedmdb.org/resource/actor/238"/>
  </rdf:Description>
  <rdf:Description rdf:about="http://data.linkedmdb.org/resource/film/450">
    <movie:actor rdf:resource="http://data.linkedmdb.org/resource/actor/238"/>
  </rdf:Description>
  <rdf:Description rdf:about="http://data.linkedmdb.org/resource/film/6051">
    <movie:actor rdf:resource="http://data.linkedmdb.org/resource/actor/238"/>
  </rdf:Description>
  <rdf:Description rdf:about="http://data.linkedmdb.org/data/actor/238">
    <rdfs:comment>Contents of this file may include content from 
		      FreeBase (http://www.freebase.com) or Wikipedia 
		      (http://www.wikipedia.org) licensed under CC-BY
		      (http://www.freebase.com/view/common/license/cc_attribution_25)
		      or GFDL (http://en.wikipedia.org/wiki/Wikipedia:Text_of_the_GNU_Free_Documentation_License). 
		      Refer to http://www.linkedmdb.org:8080/Main/Licensing for more details.</rdfs:comment>
    <rdfs:label>RDF Description of J. T. Walsh (Actor)</rdfs:label>
    <foaf:primaryTopic rdf:resource="http://data.linkedmdb.org/resource/actor/238"/>
  </rdf:Description>
  <rdf:Description rdf:about="http://data.linkedmdb.org/resource/film/45506">
    <movie:actor rdf:resource="http://data.linkedmdb.org/resource/actor/238"/>
  </rdf:Description>
  <rdf:Description rdf:about="http://data.linkedmdb.org/resource/film/40197">
    <movie:actor rdf:resource="http://data.linkedmdb.org/resource/actor/238"/>
  </rdf:Description>
</rdf:RDF>
