<?xml version="1.0"?>
<rdf:RDF
    xmlns:dbpedia="http://dbpedia.org/property/"
    xmlns:skos="http://www.w3.org/2004/02/skos/core#"
    xmlns:oddlinker="http://data.linkedmdb.org/resource/oddlinker/"
    xmlns:db="http://data.linkedmdb.org/resource/"
    xmlns:movie="http://data.linkedmdb.org/resource/movie/"
    xmlns:rdf="http://www.w3.org/1999/02/22-rdf-syntax-ns#"
    xmlns:map="file:/C:/d2r-server-0.4/mapping.n3#"
    xmlns:foaf="http://xmlns.com/foaf/0.1/"
    xmlns:d2r="http://sites.wiwiss.fu-berlin.de/suhl/bizer/d2r-server/config.rdf#"
    xmlns:owl="http://www.w3.org/2002/07/owl#"
    xmlns:dc="http://purl.org/dc/terms/"
    xmlns:xsd="http://www.w3.org/2001/XMLSchema#"
    xmlns:rdfs="http://www.w3.org/2000/01/rdf-schema#">
  <rdf:Description rdf:about="http://data.linkedmdb.org/resource/interlink/90490">
    <oddlinker:link_source>
      <foaf:Person rdf:about="http://data.linkedmdb.org/resource/actor/1295">
        <owl:sameAs>
          <rdf:Description rdf:about="http://mpii.de/yago/resource/John_Boles_%28actor%29">
            <rdfs:seeAlso rdf:resource="http://data.linkedmdb.org/sparql?query=DESCRIBE+%3Chttp%3A%2F%2Fmpii.de%2Fyago%2Fresource%2FJohn_Boles_%2528actor%2529%3E"/>
          </rdf:Description>
        </owl:sameAs>
        <movie:performance rdf:resource="http://data.linkedmdb.org/resource/performance/62277"/>
        <foaf:page>
          <rdf:Description rdf:about="http://www.freebase.com/view/guid/9202a8c04000641f8000000000d679e2">
            <rdfs:seeAlso rdf:resource="http://data.linkedmdb.org/sparql?query=DESCRIBE+%3Chttp%3A%2F%2Fwww.freebase.com%2Fview%2Fguid%2F9202a8c04000641f8000000000d679e2%3E"/>
          </rdf:Description>
        </foaf:page>
        <movie:performance rdf:resource="http://data.linkedmdb.org/resource/performance/132667"/>
        <movie:performance rdf:resource="http://data.linkedmdb.org/resource/performance/193585"/>
        <movie:performance rdf:resource="http://data.linkedmdb.org/resource/performance/133300"/>
        <movie:performance rdf:resource="http://data.linkedmdb.org/resource/performance/192668"/>
        <movie:performance rdf:resource="http://data.linkedmdb.org/resource/performance/187574"/>
        <movie:performance rdf:resource="http://data.linkedmdb.org/resource/performance/32504"/>
        <dbpedia:hasPhotoCollection>
          <rdf:Description rdf:about="http://www4.wiwiss.fu-berlin.de/flickrwrappr/photos/John_Boles_(actor)">
            <rdfs:seeAlso rdf:resource="http://data.linkedmdb.org/sparql?query=DESCRIBE+%3Chttp%3A%2F%2Fwww4.wiwiss.fu-berlin.de%2Fflickrwrappr%2Fphotos%2FJohn_Boles_%28actor%29%3E"/>
          </rdf:Description>
        </dbpedia:hasPhotoCollection>
        <movie:actor_name>John Boles</movie:actor_name>
        <movie:performance rdf:resource="http://data.linkedmdb.org/resource/performance/149433"/>
        <movie:performance rdf:resource="http://data.linkedmdb.org/resource/performance/194377"/>
        <movie:performance rdf:resource="http://data.linkedmdb.org/resource/performance/133141"/>
        <movie:performance rdf:resource="http://data.linkedmdb.org/resource/performance/27184"/>
        <movie:performance rdf:resource="http://data.linkedmdb.org/resource/performance/57569"/>
        <rdfs:label>John Boles (Actor)</rdfs:label>
        <movie:performance rdf:resource="http://data.linkedmdb.org/resource/performance/192976"/>
        <movie:actor_actorid rdf:datatype="http://www.w3.org/2001/XMLSchema#int"
        >1295</movie:actor_actorid>
        <rdf:type rdf:resource="http://data.linkedmdb.org/resource/movie/actor"/>
        <movie:performance rdf:resource="http://data.linkedmdb.org/resource/performance/150016"/>
        <movie:performance rdf:resource="http://data.linkedmdb.org/resource/performance/194240"/>
        <movie:performance rdf:resource="http://data.linkedmdb.org/resource/performance/72510"/>
        <owl:sameAs>
          <rdf:Description rdf:about="http://dbpedia.org/resource/John_Boles_%28actor%29">
            <rdfs:seeAlso rdf:resource="http://data.linkedmdb.org/sparql?query=DESCRIBE+%3Chttp%3A%2F%2Fdbpedia.org%2Fresource%2FJohn_Boles_%2528actor%2529%3E"/>
          </rdf:Description>
        </owl:sameAs>
        <movie:performance rdf:resource="http://data.linkedmdb.org/resource/performance/112754"/>
      </foaf:Person>
    </oddlinker:link_source>
  </rdf:Description>
  <rdf:Description rdf:about="http://data.linkedmdb.org/resource/film/45353">
    <movie:actor rdf:resource="http://data.linkedmdb.org/resource/actor/1295"/>
  </rdf:Description>
  <rdf:Description rdf:about="http://data.linkedmdb.org/resource/film/10281">
    <movie:actor rdf:resource="http://data.linkedmdb.org/resource/actor/1295"/>
  </rdf:Description>
  <rdf:Description rdf:about="http://data.linkedmdb.org/data/actor/1295">
    <rdfs:comment>Contents of this file may include content from 
		      FreeBase (http://www.freebase.com) or Wikipedia 
		      (http://www.wikipedia.org) licensed under CC-BY
		      (http://www.freebase.com/view/common/license/cc_attribution_25)
		      or GFDL (http://en.wikipedia.org/wiki/Wikipedia:Text_of_the_GNU_Free_Documentation_License). 
		      Refer to http://www.linkedmdb.org:8080/Main/Licensing for more details.</rdfs:comment>
    <rdfs:label>RDF Description of John Boles (Actor)</rdfs:label>
    <foaf:primaryTopic rdf:resource="http://data.linkedmdb.org/resource/actor/1295"/>
  </rdf:Description>
  <rdf:Description rdf:about="http://data.linkedmdb.org/resource/film/73414">
    <movie:actor rdf:resource="http://data.linkedmdb.org/resource/actor/1295"/>
  </rdf:Description>
  <rdf:Description rdf:about="http://data.linkedmdb.org/resource/film/48276">
    <movie:actor rdf:resource="http://data.linkedmdb.org/resource/actor/1295"/>
  </rdf:Description>
  <rdf:Description rdf:about="http://data.linkedmdb.org/resource/film/55655">
    <movie:actor rdf:resource="http://data.linkedmdb.org/resource/actor/1295"/>
  </rdf:Description>
  <rdf:Description rdf:about="http://data.linkedmdb.org/resource/film/48390">
    <movie:actor rdf:resource="http://data.linkedmdb.org/resource/actor/1295"/>
  </rdf:Description>
  <rdf:Description rdf:about="http://xmlns.com/foaf/0.1/Person">
    <rdfs:seeAlso rdf:resource="http://data.linkedmdb.org/sparql?query=DESCRIBE+%3Chttp%3A%2F%2Fxmlns.com%2Ffoaf%2F0.1%2FPerson%3E"/>
  </rdf:Description>
  <rdf:Description rdf:about="http://data.linkedmdb.org/resource/film/162">
    <movie:actor rdf:resource="http://data.linkedmdb.org/resource/actor/1295"/>
  </rdf:Description>
  <rdf:Description rdf:about="http://data.linkedmdb.org/resource/film/15716">
    <movie:actor rdf:resource="http://data.linkedmdb.org/resource/actor/1295"/>
  </rdf:Description>
  <rdf:Description rdf:about="http://data.linkedmdb.org/resource/film/42258">
    <movie:actor rdf:resource="http://data.linkedmdb.org/resource/actor/1295"/>
  </rdf:Description>
  <rdf:Description rdf:about="http://data.linkedmdb.org/resource/film/56107">
    <movie:actor rdf:resource="http://data.linkedmdb.org/resource/actor/1295"/>
  </rdf:Description>
  <rdf:Description rdf:about="http://data.linkedmdb.org/resource/film/52862">
    <movie:actor rdf:resource="http://data.linkedmdb.org/resource/actor/1295"/>
  </rdf:Description>
  <rdf:Description rdf:about="http://data.linkedmdb.org/resource/film/48822">
    <movie:actor rdf:resource="http://data.linkedmdb.org/resource/actor/1295"/>
  </rdf:Description>
  <rdf:Description rdf:about="http://data.linkedmdb.org/resource/film/96475">
    <movie:actor rdf:resource="http://data.linkedmdb.org/resource/actor/1295"/>
  </rdf:Description>
  <rdf:Description rdf:about="http://data.linkedmdb.org/resource/film/19378">
    <movie:actor rdf:resource="http://data.linkedmdb.org/resource/actor/1295"/>
  </rdf:Description>
  <rdf:Description rdf:about="http://data.linkedmdb.org/resource/interlink/102311">
    <oddlinker:link_source rdf:resource="http://data.linkedmdb.org/resource/actor/1295"/>
  </rdf:Description>
  <rdf:Description rdf:about="http://data.linkedmdb.org/resource/interlink/114132">
    <oddlinker:link_source rdf:resource="http://data.linkedmdb.org/resource/actor/1295"/>
  </rdf:Description>
  <rdf:Description rdf:about="http://data.linkedmdb.org/resource/film/6515">
    <movie:actor rdf:resource="http://data.linkedmdb.org/resource/actor/1295"/>
  </rdf:Description>
  <rdf:Description rdf:about="http://data.linkedmdb.org/resource/film/12854">
    <movie:actor rdf:resource="http://data.linkedmdb.org/resource/actor/1295"/>
  </rdf:Description>
  <rdf:Description rdf:about="http://data.linkedmdb.org/resource/film/17187">
    <movie:actor rdf:resource="http://data.linkedmdb.org/resource/actor/1295"/>
  </rdf:Description>
</rdf:RDF>
