<?xml version="1.0"?>
<rdf:RDF
    xmlns:dbpedia="http://dbpedia.org/property/"
    xmlns:skos="http://www.w3.org/2004/02/skos/core#"
    xmlns:oddlinker="http://data.linkedmdb.org/resource/oddlinker/"
    xmlns:db="http://data.linkedmdb.org/resource/"
    xmlns:movie="http://data.linkedmdb.org/resource/movie/"
    xmlns:rdf="http://www.w3.org/1999/02/22-rdf-syntax-ns#"
    xmlns:map="file:/C:/d2r-server-0.4/mapping.n3#"
    xmlns:foaf="http://xmlns.com/foaf/0.1/"
    xmlns:d2r="http://sites.wiwiss.fu-berlin.de/suhl/bizer/d2r-server/config.rdf#"
    xmlns:owl="http://www.w3.org/2002/07/owl#"
    xmlns:dc="http://purl.org/dc/terms/"
    xmlns:xsd="http://www.w3.org/2001/XMLSchema#"
    xmlns:rdfs="http://www.w3.org/2000/01/rdf-schema#">
  <rdf:Description rdf:about="http://data.linkedmdb.org/resource/film/1702">
    <movie:actor>
      <movie:actor rdf:about="http://data.linkedmdb.org/resource/actor/10336">
        <rdfs:label>Lynn Collins (Actor)</rdfs:label>
        <movie:performance rdf:resource="http://data.linkedmdb.org/resource/performance/88981"/>
        <owl:sameAs>
          <rdf:Description rdf:about="http://dbpedia.org/resource/Lynn_Collins">
            <rdfs:seeAlso rdf:resource="http://data.linkedmdb.org/sparql?query=DESCRIBE+%3Chttp%3A%2F%2Fdbpedia.org%2Fresource%2FLynn_Collins%3E"/>
          </rdf:Description>
        </owl:sameAs>
        <dbpedia:hasPhotoCollection>
          <rdf:Description rdf:about="http://www4.wiwiss.fu-berlin.de/flickrwrappr/photos/Lynn_Collins">
            <rdfs:seeAlso rdf:resource="http://data.linkedmdb.org/sparql?query=DESCRIBE+%3Chttp%3A%2F%2Fwww4.wiwiss.fu-berlin.de%2Fflickrwrappr%2Fphotos%2FLynn_Collins%3E"/>
          </rdf:Description>
        </dbpedia:hasPhotoCollection>
        <movie:performance rdf:resource="http://data.linkedmdb.org/resource/performance/139456"/>
        <movie:performance rdf:resource="http://data.linkedmdb.org/resource/performance/146507"/>
        <movie:performance rdf:resource="http://data.linkedmdb.org/resource/performance/65196"/>
        <movie:performance rdf:resource="http://data.linkedmdb.org/resource/performance/114016"/>
        <movie:actor_name>Lynn Collins</movie:actor_name>
        <movie:performance rdf:resource="http://data.linkedmdb.org/resource/performance/49779"/>
        <owl:sameAs>
          <rdf:Description rdf:about="http://mpii.de/yago/resource/Lynn_Collins">
            <rdfs:seeAlso rdf:resource="http://data.linkedmdb.org/sparql?query=DESCRIBE+%3Chttp%3A%2F%2Fmpii.de%2Fyago%2Fresource%2FLynn_Collins%3E"/>
          </rdf:Description>
        </owl:sameAs>
        <movie:performance rdf:resource="http://data.linkedmdb.org/resource/performance/51613"/>
        <movie:performance rdf:resource="http://data.linkedmdb.org/resource/performance/107294"/>
        <movie:performance rdf:resource="http://data.linkedmdb.org/resource/performance/89265"/>
        <movie:actor_actorid rdf:datatype="http://www.w3.org/2001/XMLSchema#int"
        >10336</movie:actor_actorid>
        <movie:performance rdf:resource="http://data.linkedmdb.org/resource/performance/169462"/>
        <movie:performance rdf:resource="http://data.linkedmdb.org/resource/performance/82450"/>
        <foaf:page>
          <rdf:Description rdf:about="http://www.freebase.com/view/guid/9202a8c04000641f8000000004854b70">
            <rdfs:seeAlso rdf:resource="http://data.linkedmdb.org/sparql?query=DESCRIBE+%3Chttp%3A%2F%2Fwww.freebase.com%2Fview%2Fguid%2F9202a8c04000641f8000000004854b70%3E"/>
          </rdf:Description>
        </foaf:page>
        <rdf:type>
          <rdf:Description rdf:about="http://xmlns.com/foaf/0.1/Person">
            <rdfs:seeAlso rdf:resource="http://data.linkedmdb.org/sparql?query=DESCRIBE+%3Chttp%3A%2F%2Fxmlns.com%2Ffoaf%2F0.1%2FPerson%3E"/>
          </rdf:Description>
        </rdf:type>
      </movie:actor>
    </movie:actor>
  </rdf:Description>
  <rdf:Description rdf:about="http://data.linkedmdb.org/resource/film/4569">
    <movie:actor rdf:resource="http://data.linkedmdb.org/resource/actor/10336"/>
  </rdf:Description>
  <rdf:Description rdf:about="http://data.linkedmdb.org/resource/interlink/104351">
    <oddlinker:link_source rdf:resource="http://data.linkedmdb.org/resource/actor/10336"/>
  </rdf:Description>
  <rdf:Description rdf:about="http://data.linkedmdb.org/resource/film/46474">
    <movie:actor rdf:resource="http://data.linkedmdb.org/resource/actor/10336"/>
  </rdf:Description>
  <rdf:Description rdf:about="http://data.linkedmdb.org/resource/interlink/116172">
    <oddlinker:link_source rdf:resource="http://data.linkedmdb.org/resource/actor/10336"/>
  </rdf:Description>
  <rdf:Description rdf:about="http://data.linkedmdb.org/resource/interlink/92530">
    <oddlinker:link_source rdf:resource="http://data.linkedmdb.org/resource/actor/10336"/>
  </rdf:Description>
  <rdf:Description rdf:about="http://data.linkedmdb.org/resource/film/16833">
    <movie:actor rdf:resource="http://data.linkedmdb.org/resource/actor/10336"/>
  </rdf:Description>
  <rdf:Description rdf:about="http://data.linkedmdb.org/resource/film/5222">
    <movie:actor rdf:resource="http://data.linkedmdb.org/resource/actor/10336"/>
  </rdf:Description>
  <rdf:Description rdf:about="http://data.linkedmdb.org/resource/film/5891">
    <movie:actor rdf:resource="http://data.linkedmdb.org/resource/actor/10336"/>
  </rdf:Description>
  <rdf:Description rdf:about="http://data.linkedmdb.org/resource/film/4921">
    <movie:actor rdf:resource="http://data.linkedmdb.org/resource/actor/10336"/>
  </rdf:Description>
  <rdf:Description rdf:about="http://data.linkedmdb.org/data/actor/10336">
    <rdfs:comment>Contents of this file may include content from 
		      FreeBase (http://www.freebase.com) or Wikipedia 
		      (http://www.wikipedia.org) licensed under CC-BY
		      (http://www.freebase.com/view/common/license/cc_attribution_25)
		      or GFDL (http://en.wikipedia.org/wiki/Wikipedia:Text_of_the_GNU_Free_Documentation_License). 
		      Refer to http://www.linkedmdb.org:8080/Main/Licensing for more details.</rdfs:comment>
    <rdfs:label>RDF Description of Lynn Collins (Actor)</rdfs:label>
    <foaf:primaryTopic rdf:resource="http://data.linkedmdb.org/resource/actor/10336"/>
  </rdf:Description>
  <rdf:Description rdf:about="http://data.linkedmdb.org/resource/film/69748">
    <movie:actor rdf:resource="http://data.linkedmdb.org/resource/actor/10336"/>
  </rdf:Description>
  <rdf:Description rdf:about="http://data.linkedmdb.org/resource/film/54312">
    <movie:actor rdf:resource="http://data.linkedmdb.org/resource/actor/10336"/>
  </rdf:Description>
  <rdf:Description rdf:about="http://data.linkedmdb.org/resource/film/50351">
    <movie:actor rdf:resource="http://data.linkedmdb.org/resource/actor/10336"/>
  </rdf:Description>
  <rdf:Description rdf:about="http://data.linkedmdb.org/resource/film/67544">
    <movie:actor rdf:resource="http://data.linkedmdb.org/resource/actor/10336"/>
  </rdf:Description>
</rdf:RDF>
