<?xml version="1.0"?>
<rdf:RDF
    xmlns:dbpedia="http://dbpedia.org/property/"
    xmlns:skos="http://www.w3.org/2004/02/skos/core#"
    xmlns:oddlinker="http://data.linkedmdb.org/resource/oddlinker/"
    xmlns:db="http://data.linkedmdb.org/resource/"
    xmlns:movie="http://data.linkedmdb.org/resource/movie/"
    xmlns:rdf="http://www.w3.org/1999/02/22-rdf-syntax-ns#"
    xmlns:map="file:/C:/d2r-server-0.4/mapping.n3#"
    xmlns:foaf="http://xmlns.com/foaf/0.1/"
    xmlns:d2r="http://sites.wiwiss.fu-berlin.de/suhl/bizer/d2r-server/config.rdf#"
    xmlns:owl="http://www.w3.org/2002/07/owl#"
    xmlns:dc="http://purl.org/dc/terms/"
    xmlns:xsd="http://www.w3.org/2001/XMLSchema#"
    xmlns:rdfs="http://www.w3.org/2000/01/rdf-schema#">
  <rdf:Description rdf:about="http://mpii.de/yago/resource/Annette_O%27Toole">
    <rdfs:seeAlso rdf:resource="http://data.linkedmdb.org/sparql?query=DESCRIBE+%3Chttp%3A%2F%2Fmpii.de%2Fyago%2Fresource%2FAnnette_O%2527Toole%3E"/>
  </rdf:Description>
  <rdf:Description rdf:about="http://data.linkedmdb.org/resource/film/18543">
    <movie:actor>
      <foaf:Person rdf:about="http://data.linkedmdb.org/resource/actor/107">
        <movie:performance rdf:resource="http://data.linkedmdb.org/resource/performance/128780"/>
        <movie:performance rdf:resource="http://data.linkedmdb.org/resource/performance/125230"/>
        <movie:performance rdf:resource="http://data.linkedmdb.org/resource/performance/117082"/>
        <movie:performance rdf:resource="http://data.linkedmdb.org/resource/performance/56989"/>
        <movie:performance rdf:resource="http://data.linkedmdb.org/resource/performance/196244"/>
        <movie:actor_actorid rdf:datatype="http://www.w3.org/2001/XMLSchema#int"
        >107</movie:actor_actorid>
        <owl:sameAs rdf:resource="http://mpii.de/yago/resource/Annette_O%27Toole"/>
        <movie:performance rdf:resource="http://data.linkedmdb.org/resource/performance/189"/>
        <movie:performance rdf:resource="http://data.linkedmdb.org/resource/performance/93750"/>
        <movie:performance rdf:resource="http://data.linkedmdb.org/resource/performance/6288"/>
        <rdf:type rdf:resource="http://data.linkedmdb.org/resource/movie/actor"/>
        <movie:performance rdf:resource="http://data.linkedmdb.org/resource/performance/117537"/>
        <movie:performance rdf:resource="http://data.linkedmdb.org/resource/performance/16488"/>
        <foaf:page>
          <rdf:Description rdf:about="http://www.freebase.com/view/guid/9202a8c04000641f80000000001d25fc">
            <rdfs:seeAlso rdf:resource="http://data.linkedmdb.org/sparql?query=DESCRIBE+%3Chttp%3A%2F%2Fwww.freebase.com%2Fview%2Fguid%2F9202a8c04000641f80000000001d25fc%3E"/>
          </rdf:Description>
        </foaf:page>
        <dbpedia:hasPhotoCollection>
          <rdf:Description rdf:about="http://www4.wiwiss.fu-berlin.de/flickrwrappr/photos/Annette_O&apos;Toole">
            <rdfs:seeAlso rdf:resource="http://data.linkedmdb.org/sparql?query=DESCRIBE+%3Chttp%3A%2F%2Fwww4.wiwiss.fu-berlin.de%2Fflickrwrappr%2Fphotos%2FAnnette_O%27Toole%3E"/>
          </rdf:Description>
        </dbpedia:hasPhotoCollection>
        <movie:performance rdf:resource="http://data.linkedmdb.org/resource/performance/136025"/>
        <movie:performance rdf:resource="http://data.linkedmdb.org/resource/performance/28217"/>
        <rdfs:label>Annette O'Toole (Actor)</rdfs:label>
        <movie:performance rdf:resource="http://data.linkedmdb.org/resource/performance/125626"/>
        <owl:sameAs>
          <rdf:Description rdf:about="http://dbpedia.org/resource/Annette_O%27Toole">
            <rdfs:seeAlso rdf:resource="http://data.linkedmdb.org/sparql?query=DESCRIBE+%3Chttp%3A%2F%2Fdbpedia.org%2Fresource%2FAnnette_O%2527Toole%3E"/>
          </rdf:Description>
        </owl:sameAs>
        <movie:actor_name>Annette O'Toole</movie:actor_name>
        <movie:performance rdf:resource="http://data.linkedmdb.org/resource/performance/15520"/>
      </foaf:Person>
    </movie:actor>
  </rdf:Description>
  <rdf:Description rdf:about="http://data.linkedmdb.org/resource/film/2498">
    <movie:actor rdf:resource="http://data.linkedmdb.org/resource/actor/107"/>
  </rdf:Description>
  <rdf:Description rdf:about="http://data.linkedmdb.org/resource/interlink/85986">
    <oddlinker:link_source rdf:resource="http://data.linkedmdb.org/resource/actor/107"/>
  </rdf:Description>
  <rdf:Description rdf:about="http://data.linkedmdb.org/resource/interlink/109628">
    <oddlinker:link_source rdf:resource="http://data.linkedmdb.org/resource/actor/107"/>
  </rdf:Description>
  <rdf:Description rdf:about="http://data.linkedmdb.org/resource/film/63797">
    <movie:actor rdf:resource="http://data.linkedmdb.org/resource/actor/107"/>
  </rdf:Description>
  <rdf:Description rdf:about="http://data.linkedmdb.org/resource/film/40623">
    <movie:actor rdf:resource="http://data.linkedmdb.org/resource/actor/107"/>
  </rdf:Description>
  <rdf:Description rdf:about="http://data.linkedmdb.org/resource/film/1825">
    <movie:actor rdf:resource="http://data.linkedmdb.org/resource/actor/107"/>
  </rdf:Description>
  <rdf:Description rdf:about="http://data.linkedmdb.org/resource/film/61697">
    <movie:actor rdf:resource="http://data.linkedmdb.org/resource/actor/107"/>
  </rdf:Description>
  <rdf:Description rdf:about="http://xmlns.com/foaf/0.1/Person">
    <rdfs:seeAlso rdf:resource="http://data.linkedmdb.org/sparql?query=DESCRIBE+%3Chttp%3A%2F%2Fxmlns.com%2Ffoaf%2F0.1%2FPerson%3E"/>
  </rdf:Description>
  <rdf:Description rdf:about="http://data.linkedmdb.org/resource/film/64900">
    <movie:actor rdf:resource="http://data.linkedmdb.org/resource/actor/107"/>
  </rdf:Description>
  <rdf:Description rdf:about="http://data.linkedmdb.org/resource/film/1268">
    <movie:actor rdf:resource="http://data.linkedmdb.org/resource/actor/107"/>
  </rdf:Description>
  <rdf:Description rdf:about="http://data.linkedmdb.org/resource/film/41308">
    <movie:actor rdf:resource="http://data.linkedmdb.org/resource/actor/107"/>
  </rdf:Description>
  <rdf:Description rdf:about="http://data.linkedmdb.org/resource/film/61429">
    <movie:actor rdf:resource="http://data.linkedmdb.org/resource/actor/107"/>
  </rdf:Description>
  <rdf:Description rdf:about="http://data.linkedmdb.org/resource/film/10471">
    <movie:actor rdf:resource="http://data.linkedmdb.org/resource/actor/107"/>
  </rdf:Description>
  <rdf:Description rdf:about="http://data.linkedmdb.org/resource/film/3818">
    <movie:actor rdf:resource="http://data.linkedmdb.org/resource/actor/107"/>
  </rdf:Description>
  <rdf:Description rdf:about="http://data.linkedmdb.org/resource/film/23740">
    <movie:actor rdf:resource="http://data.linkedmdb.org/resource/actor/107"/>
  </rdf:Description>
  <rdf:Description rdf:about="http://data.linkedmdb.org/resource/film/45973">
    <movie:actor rdf:resource="http://data.linkedmdb.org/resource/actor/107"/>
  </rdf:Description>
  <rdf:Description rdf:about="http://data.linkedmdb.org/resource/interlink/97807">
    <oddlinker:link_source rdf:resource="http://data.linkedmdb.org/resource/actor/107"/>
  </rdf:Description>
  <rdf:Description rdf:about="http://data.linkedmdb.org/data/actor/107">
    <rdfs:comment>Contents of this file may include content from 
		      FreeBase (http://www.freebase.com) or Wikipedia 
		      (http://www.wikipedia.org) licensed under CC-BY
		      (http://www.freebase.com/view/common/license/cc_attribution_25)
		      or GFDL (http://en.wikipedia.org/wiki/Wikipedia:Text_of_the_GNU_Free_Documentation_License). 
		      Refer to http://www.linkedmdb.org:8080/Main/Licensing for more details.</rdfs:comment>
    <rdfs:label>RDF Description of Annette O'Toole (Actor)</rdfs:label>
    <foaf:primaryTopic rdf:resource="http://data.linkedmdb.org/resource/actor/107"/>
  </rdf:Description>
</rdf:RDF>
