<?xml version="1.0"?>
<rdf:RDF
    xmlns:dbpedia="http://dbpedia.org/property/"
    xmlns:skos="http://www.w3.org/2004/02/skos/core#"
    xmlns:oddlinker="http://data.linkedmdb.org/resource/oddlinker/"
    xmlns:db="http://data.linkedmdb.org/resource/"
    xmlns:movie="http://data.linkedmdb.org/resource/movie/"
    xmlns:rdf="http://www.w3.org/1999/02/22-rdf-syntax-ns#"
    xmlns:map="file:/C:/d2r-server-0.4/mapping.n3#"
    xmlns:foaf="http://xmlns.com/foaf/0.1/"
    xmlns:d2r="http://sites.wiwiss.fu-berlin.de/suhl/bizer/d2r-server/config.rdf#"
    xmlns:owl="http://www.w3.org/2002/07/owl#"
    xmlns:dc="http://purl.org/dc/terms/"
    xmlns:xsd="http://www.w3.org/2001/XMLSchema#"
    xmlns:rdfs="http://www.w3.org/2000/01/rdf-schema#">
  <rdf:Description rdf:about="http://www.freebase.com/view/guid/9202a8c04000641f8000000005be1e9a">
    <rdfs:seeAlso rdf:resource="http://data.linkedmdb.org/sparql?query=DESCRIBE+%3Chttp%3A%2F%2Fwww.freebase.com%2Fview%2Fguid%2F9202a8c04000641f8000000005be1e9a%3E"/>
  </rdf:Description>
  <rdf:Description rdf:about="http://www4.wiwiss.fu-berlin.de/flickrwrappr/photos/John_Stuart_(actor)">
    <rdfs:seeAlso rdf:resource="http://data.linkedmdb.org/sparql?query=DESCRIBE+%3Chttp%3A%2F%2Fwww4.wiwiss.fu-berlin.de%2Fflickrwrappr%2Fphotos%2FJohn_Stuart_%28actor%29%3E"/>
  </rdf:Description>
  <foaf:Person rdf:about="http://data.linkedmdb.org/resource/actor/11270">
    <movie:performance rdf:resource="http://data.linkedmdb.org/resource/performance/100208"/>
    <movie:performance rdf:resource="http://data.linkedmdb.org/resource/performance/133686"/>
    <foaf:page rdf:resource="http://www.freebase.com/view/guid/9202a8c04000641f8000000005be1e9a"/>
    <owl:sameAs>
      <rdf:Description rdf:about="http://mpii.de/yago/resource/John_Stuart_%28actor%29">
        <rdfs:seeAlso rdf:resource="http://data.linkedmdb.org/sparql?query=DESCRIBE+%3Chttp%3A%2F%2Fmpii.de%2Fyago%2Fresource%2FJohn_Stuart_%2528actor%2529%3E"/>
      </rdf:Description>
    </owl:sameAs>
    <movie:performance rdf:resource="http://data.linkedmdb.org/resource/performance/125278"/>
    <rdfs:label>John Stuart (Actor)</rdfs:label>
    <movie:actor_name>John Stuart</movie:actor_name>
    <movie:performance rdf:resource="http://data.linkedmdb.org/resource/performance/100821"/>
    <rdf:type rdf:resource="http://data.linkedmdb.org/resource/movie/actor"/>
    <movie:actor_actorid rdf:datatype="http://www.w3.org/2001/XMLSchema#int"
    >11270</movie:actor_actorid>
    <owl:sameAs>
      <rdf:Description rdf:about="http://dbpedia.org/resource/John_Stuart_%28actor%29">
        <rdfs:seeAlso rdf:resource="http://data.linkedmdb.org/sparql?query=DESCRIBE+%3Chttp%3A%2F%2Fdbpedia.org%2Fresource%2FJohn_Stuart_%2528actor%2529%3E"/>
      </rdf:Description>
    </owl:sameAs>
    <dbpedia:hasPhotoCollection rdf:resource="http://www4.wiwiss.fu-berlin.de/flickrwrappr/photos/John_Stuart_(actor)"/>
  </foaf:Person>
  <rdf:Description rdf:about="http://data.linkedmdb.org/resource/interlink/114703">
    <oddlinker:link_source rdf:resource="http://data.linkedmdb.org/resource/actor/11270"/>
  </rdf:Description>
  <rdf:Description rdf:about="http://data.linkedmdb.org/resource/interlink/91061">
    <oddlinker:link_source rdf:resource="http://data.linkedmdb.org/resource/actor/11270"/>
  </rdf:Description>
  <rdf:Description rdf:about="http://xmlns.com/foaf/0.1/Person">
    <rdfs:seeAlso rdf:resource="http://data.linkedmdb.org/sparql?query=DESCRIBE+%3Chttp%3A%2F%2Fxmlns.com%2Ffoaf%2F0.1%2FPerson%3E"/>
  </rdf:Description>
  <rdf:Description rdf:about="http://data.linkedmdb.org/resource/interlink/102882">
    <oddlinker:link_source rdf:resource="http://data.linkedmdb.org/resource/actor/11270"/>
  </rdf:Description>
  <rdf:Description rdf:about="http://data.linkedmdb.org/resource/film/61457">
    <movie:actor rdf:resource="http://data.linkedmdb.org/resource/actor/11270"/>
  </rdf:Description>
  <rdf:Description rdf:about="http://data.linkedmdb.org/resource/film/1640">
    <movie:actor rdf:resource="http://data.linkedmdb.org/resource/actor/11270"/>
  </rdf:Description>
  <rdf:Description rdf:about="http://data.linkedmdb.org/resource/film/41666">
    <movie:actor rdf:resource="http://data.linkedmdb.org/resource/actor/11270"/>
  </rdf:Description>
  <rdf:Description rdf:about="http://data.linkedmdb.org/resource/film/20148">
    <movie:actor rdf:resource="http://data.linkedmdb.org/resource/actor/11270"/>
  </rdf:Description>
  <rdf:Description rdf:about="http://data.linkedmdb.org/data/actor/11270">
    <rdfs:comment>Contents of this file may include content from 
		      FreeBase (http://www.freebase.com) or Wikipedia 
		      (http://www.wikipedia.org) licensed under CC-BY
		      (http://www.freebase.com/view/common/license/cc_attribution_25)
		      or GFDL (http://en.wikipedia.org/wiki/Wikipedia:Text_of_the_GNU_Free_Documentation_License). 
		      Refer to http://www.linkedmdb.org:8080/Main/Licensing for more details.</rdfs:comment>
    <rdfs:label>RDF Description of John Stuart (Actor)</rdfs:label>
    <foaf:primaryTopic rdf:resource="http://data.linkedmdb.org/resource/actor/11270"/>
  </rdf:Description>
</rdf:RDF>
