<?xml version="1.0"?>
<rdf:RDF
    xmlns:dbpedia="http://dbpedia.org/property/"
    xmlns:skos="http://www.w3.org/2004/02/skos/core#"
    xmlns:oddlinker="http://data.linkedmdb.org/resource/oddlinker/"
    xmlns:db="http://data.linkedmdb.org/resource/"
    xmlns:movie="http://data.linkedmdb.org/resource/movie/"
    xmlns:rdf="http://www.w3.org/1999/02/22-rdf-syntax-ns#"
    xmlns:map="file:/C:/d2r-server-0.4/mapping.n3#"
    xmlns:foaf="http://xmlns.com/foaf/0.1/"
    xmlns:d2r="http://sites.wiwiss.fu-berlin.de/suhl/bizer/d2r-server/config.rdf#"
    xmlns:owl="http://www.w3.org/2002/07/owl#"
    xmlns:dc="http://purl.org/dc/terms/"
    xmlns:xsd="http://www.w3.org/2001/XMLSchema#"
    xmlns:rdfs="http://www.w3.org/2000/01/rdf-schema#">
  <rdf:Description rdf:about="http://data.linkedmdb.org/resource/film/45164">
    <movie:actor>
      <foaf:Person rdf:about="http://data.linkedmdb.org/resource/actor/233">
        <movie:actor_actorid rdf:datatype="http://www.w3.org/2001/XMLSchema#int"
        >233</movie:actor_actorid>
        <movie:performance rdf:resource="http://data.linkedmdb.org/resource/performance/161885"/>
        <movie:performance rdf:resource="http://data.linkedmdb.org/resource/performance/165529"/>
        <foaf:page>
          <rdf:Description rdf:about="http://www.imdb.com/name/nm0641729/">
            <rdfs:seeAlso rdf:resource="http://data.linkedmdb.org/sparql?query=DESCRIBE+%3Chttp%3A%2F%2Fwww.imdb.com%2Fname%2Fnm0641729%2F%3E"/>
          </rdf:Description>
        </foaf:page>
        <rdf:type rdf:resource="http://data.linkedmdb.org/resource/movie/actor"/>
        <movie:performance rdf:resource="http://data.linkedmdb.org/resource/performance/109943"/>
        <movie:performance rdf:resource="http://data.linkedmdb.org/resource/performance/1743"/>
        <movie:performance rdf:resource="http://data.linkedmdb.org/resource/performance/29090"/>
        <movie:actor_name>J. Pat O'Malley</movie:actor_name>
        <movie:performance rdf:resource="http://data.linkedmdb.org/resource/performance/161881"/>
        <movie:performance rdf:resource="http://data.linkedmdb.org/resource/performance/161887"/>
        <movie:performance rdf:resource="http://data.linkedmdb.org/resource/performance/21872"/>
        <foaf:page>
          <rdf:Description rdf:about="http://www.freebase.com/view/guid/9202a8c04000641f8000000000322038">
            <rdfs:seeAlso rdf:resource="http://data.linkedmdb.org/sparql?query=DESCRIBE+%3Chttp%3A%2F%2Fwww.freebase.com%2Fview%2Fguid%2F9202a8c04000641f8000000000322038%3E"/>
          </rdf:Description>
        </foaf:page>
        <movie:performance rdf:resource="http://data.linkedmdb.org/resource/performance/13935"/>
        <movie:performance rdf:resource="http://data.linkedmdb.org/resource/performance/161886"/>
        <movie:performance rdf:resource="http://data.linkedmdb.org/resource/performance/48727"/>
        <movie:performance rdf:resource="http://data.linkedmdb.org/resource/performance/159004"/>
        <rdfs:label>J. Pat O'Malley (Actor)</rdfs:label>
      </foaf:Person>
    </movie:actor>
  </rdf:Description>
  <rdf:Description rdf:about="http://data.linkedmdb.org/resource/film/3929">
    <movie:actor rdf:resource="http://data.linkedmdb.org/resource/actor/233"/>
  </rdf:Description>
  <rdf:Description rdf:about="http://data.linkedmdb.org/resource/film/42485">
    <movie:actor rdf:resource="http://data.linkedmdb.org/resource/actor/233"/>
  </rdf:Description>
  <rdf:Description rdf:about="http://data.linkedmdb.org/resource/film/38394">
    <movie:actor rdf:resource="http://data.linkedmdb.org/resource/actor/233"/>
  </rdf:Description>
  <rdf:Description rdf:about="http://data.linkedmdb.org/resource/film/38814">
    <movie:actor rdf:resource="http://data.linkedmdb.org/resource/actor/233"/>
  </rdf:Description>
  <rdf:Description rdf:about="http://xmlns.com/foaf/0.1/Person">
    <rdfs:seeAlso rdf:resource="http://data.linkedmdb.org/sparql?query=DESCRIBE+%3Chttp%3A%2F%2Fxmlns.com%2Ffoaf%2F0.1%2FPerson%3E"/>
  </rdf:Description>
  <rdf:Description rdf:about="http://data.linkedmdb.org/resource/film/1388">
    <movie:actor rdf:resource="http://data.linkedmdb.org/resource/actor/233"/>
  </rdf:Description>
  <rdf:Description rdf:about="http://data.linkedmdb.org/data/actor/233">
    <rdfs:comment>Contents of this file may include content from 
		      FreeBase (http://www.freebase.com) or Wikipedia 
		      (http://www.wikipedia.org) licensed under CC-BY
		      (http://www.freebase.com/view/common/license/cc_attribution_25)
		      or GFDL (http://en.wikipedia.org/wiki/Wikipedia:Text_of_the_GNU_Free_Documentation_License). 
		      Refer to http://www.linkedmdb.org:8080/Main/Licensing for more details.</rdfs:comment>
    <rdfs:label>RDF Description of J. Pat O'Malley (Actor)</rdfs:label>
    <foaf:primaryTopic rdf:resource="http://data.linkedmdb.org/resource/actor/233"/>
  </rdf:Description>
  <rdf:Description rdf:about="http://data.linkedmdb.org/resource/film/1261">
    <movie:actor rdf:resource="http://data.linkedmdb.org/resource/actor/233"/>
  </rdf:Description>
  <rdf:Description rdf:about="http://data.linkedmdb.org/resource/film/2626">
    <movie:actor rdf:resource="http://data.linkedmdb.org/resource/actor/233"/>
  </rdf:Description>
</rdf:RDF>
