<?xml version="1.0"?>
<rdf:RDF
    xmlns:dbpedia="http://dbpedia.org/property/"
    xmlns:skos="http://www.w3.org/2004/02/skos/core#"
    xmlns:oddlinker="http://data.linkedmdb.org/resource/oddlinker/"
    xmlns:db="http://data.linkedmdb.org/resource/"
    xmlns:movie="http://data.linkedmdb.org/resource/movie/"
    xmlns:rdf="http://www.w3.org/1999/02/22-rdf-syntax-ns#"
    xmlns:map="file:/C:/d2r-server-0.4/mapping.n3#"
    xmlns:foaf="http://xmlns.com/foaf/0.1/"
    xmlns:d2r="http://sites.wiwiss.fu-berlin.de/suhl/bizer/d2r-server/config.rdf#"
    xmlns:owl="http://www.w3.org/2002/07/owl#"
    xmlns:dc="http://purl.org/dc/terms/"
    xmlns:xsd="http://www.w3.org/2001/XMLSchema#"
    xmlns:rdfs="http://www.w3.org/2000/01/rdf-schema#">
  <rdf:Description rdf:about="http://data.linkedmdb.org/resource/film/904">
    <movie:actor>
      <foaf:Person rdf:about="http://data.linkedmdb.org/resource/actor/1392">
        <movie:performance rdf:resource="http://data.linkedmdb.org/resource/performance/112482"/>
        <movie:actor_name>Scott Wilson</movie:actor_name>
        <movie:actor_actorid rdf:datatype="http://www.w3.org/2001/XMLSchema#int"
        >1392</movie:actor_actorid>
        <movie:performance rdf:resource="http://data.linkedmdb.org/resource/performance/159400"/>
        <movie:performance rdf:resource="http://data.linkedmdb.org/resource/performance/110640"/>
        <movie:performance rdf:resource="http://data.linkedmdb.org/resource/performance/63590"/>
        <movie:performance rdf:resource="http://data.linkedmdb.org/resource/performance/79238"/>
        <movie:performance rdf:resource="http://data.linkedmdb.org/resource/performance/116611"/>
        <movie:performance rdf:resource="http://data.linkedmdb.org/resource/performance/89028"/>
        <rdfs:label>Scott Wilson (Actor)</rdfs:label>
        <movie:performance rdf:resource="http://data.linkedmdb.org/resource/performance/15074"/>
        <movie:performance rdf:resource="http://data.linkedmdb.org/resource/performance/119357"/>
        <movie:performance rdf:resource="http://data.linkedmdb.org/resource/performance/56861"/>
        <movie:performance rdf:resource="http://data.linkedmdb.org/resource/performance/68851"/>
        <movie:performance rdf:resource="http://data.linkedmdb.org/resource/performance/119210"/>
        <dbpedia:hasPhotoCollection>
          <rdf:Description rdf:about="http://www4.wiwiss.fu-berlin.de/flickrwrappr/photos/Scott_Wilson_(actor)">
            <rdfs:seeAlso rdf:resource="http://data.linkedmdb.org/sparql?query=DESCRIBE+%3Chttp%3A%2F%2Fwww4.wiwiss.fu-berlin.de%2Fflickrwrappr%2Fphotos%2FScott_Wilson_%28actor%29%3E"/>
          </rdf:Description>
        </dbpedia:hasPhotoCollection>
        <movie:performance rdf:resource="http://data.linkedmdb.org/resource/performance/52895"/>
        <movie:performance rdf:resource="http://data.linkedmdb.org/resource/performance/153299"/>
        <owl:sameAs>
          <rdf:Description rdf:about="http://mpii.de/yago/resource/Scott_Wilson_%28actor%29">
            <rdfs:seeAlso rdf:resource="http://data.linkedmdb.org/sparql?query=DESCRIBE+%3Chttp%3A%2F%2Fmpii.de%2Fyago%2Fresource%2FScott_Wilson_%2528actor%2529%3E"/>
          </rdf:Description>
        </owl:sameAs>
        <foaf:page>
          <rdf:Description rdf:about="http://www.freebase.com/view/guid/9202a8c04000641f8000000000e9a3f5">
            <rdfs:seeAlso rdf:resource="http://data.linkedmdb.org/sparql?query=DESCRIBE+%3Chttp%3A%2F%2Fwww.freebase.com%2Fview%2Fguid%2F9202a8c04000641f8000000000e9a3f5%3E"/>
          </rdf:Description>
        </foaf:page>
        <movie:performance rdf:resource="http://data.linkedmdb.org/resource/performance/116254"/>
        <rdf:type rdf:resource="http://data.linkedmdb.org/resource/movie/actor"/>
        <owl:sameAs>
          <rdf:Description rdf:about="http://dbpedia.org/resource/Scott_Wilson_%28actor%29">
            <rdfs:seeAlso rdf:resource="http://data.linkedmdb.org/sparql?query=DESCRIBE+%3Chttp%3A%2F%2Fdbpedia.org%2Fresource%2FScott_Wilson_%2528actor%2529%3E"/>
          </rdf:Description>
        </owl:sameAs>
      </foaf:Person>
    </movie:actor>
  </rdf:Description>
  <rdf:Description rdf:about="http://data.linkedmdb.org/data/actor/1392">
    <rdfs:comment>Contents of this file may include content from 
		      FreeBase (http://www.freebase.com) or Wikipedia 
		      (http://www.wikipedia.org) licensed under CC-BY
		      (http://www.freebase.com/view/common/license/cc_attribution_25)
		      or GFDL (http://en.wikipedia.org/wiki/Wikipedia:Text_of_the_GNU_Free_Documentation_License). 
		      Refer to http://www.linkedmdb.org:8080/Main/Licensing for more details.</rdfs:comment>
    <rdfs:label>RDF Description of Scott Wilson (Actor)</rdfs:label>
    <foaf:primaryTopic rdf:resource="http://data.linkedmdb.org/resource/actor/1392"/>
  </rdf:Description>
  <rdf:Description rdf:about="http://xmlns.com/foaf/0.1/Person">
    <rdfs:seeAlso rdf:resource="http://data.linkedmdb.org/sparql?query=DESCRIBE+%3Chttp%3A%2F%2Fxmlns.com%2Ffoaf%2F0.1%2FPerson%3E"/>
  </rdf:Description>
  <rdf:Description rdf:about="http://data.linkedmdb.org/resource/film/46841">
    <movie:actor rdf:resource="http://data.linkedmdb.org/resource/actor/1392"/>
  </rdf:Description>
  <rdf:Description rdf:about="http://data.linkedmdb.org/resource/film/53094">
    <movie:actor rdf:resource="http://data.linkedmdb.org/resource/actor/1392"/>
  </rdf:Description>
  <rdf:Description rdf:about="http://data.linkedmdb.org/resource/film/14912">
    <movie:actor rdf:resource="http://data.linkedmdb.org/resource/actor/1392"/>
  </rdf:Description>
  <rdf:Description rdf:about="http://data.linkedmdb.org/resource/film/13431">
    <movie:actor rdf:resource="http://data.linkedmdb.org/resource/actor/1392"/>
  </rdf:Description>
  <rdf:Description rdf:about="http://data.linkedmdb.org/resource/interlink/119116">
    <oddlinker:link_source rdf:resource="http://data.linkedmdb.org/resource/actor/1392"/>
  </rdf:Description>
  <rdf:Description rdf:about="http://data.linkedmdb.org/resource/film/39073">
    <movie:actor rdf:resource="http://data.linkedmdb.org/resource/actor/1392"/>
  </rdf:Description>
  <rdf:Description rdf:about="http://data.linkedmdb.org/resource/interlink/107295">
    <oddlinker:link_source rdf:resource="http://data.linkedmdb.org/resource/actor/1392"/>
  </rdf:Description>
  <rdf:Description rdf:about="http://data.linkedmdb.org/resource/film/10194">
    <movie:actor rdf:resource="http://data.linkedmdb.org/resource/actor/1392"/>
  </rdf:Description>
  <rdf:Description rdf:about="http://data.linkedmdb.org/resource/film/9924">
    <movie:actor rdf:resource="http://data.linkedmdb.org/resource/actor/1392"/>
  </rdf:Description>
  <rdf:Description rdf:about="http://data.linkedmdb.org/resource/film/5054">
    <movie:actor rdf:resource="http://data.linkedmdb.org/resource/actor/1392"/>
  </rdf:Description>
  <rdf:Description rdf:about="http://data.linkedmdb.org/resource/film/11848">
    <movie:actor rdf:resource="http://data.linkedmdb.org/resource/actor/1392"/>
  </rdf:Description>
  <rdf:Description rdf:about="http://data.linkedmdb.org/resource/film/10380">
    <movie:actor rdf:resource="http://data.linkedmdb.org/resource/actor/1392"/>
  </rdf:Description>
  <rdf:Description rdf:about="http://data.linkedmdb.org/resource/film/5603">
    <movie:actor rdf:resource="http://data.linkedmdb.org/resource/actor/1392"/>
  </rdf:Description>
  <rdf:Description rdf:about="http://data.linkedmdb.org/resource/interlink/95474">
    <oddlinker:link_source rdf:resource="http://data.linkedmdb.org/resource/actor/1392"/>
  </rdf:Description>
  <rdf:Description rdf:about="http://data.linkedmdb.org/resource/film/41858">
    <movie:actor rdf:resource="http://data.linkedmdb.org/resource/actor/1392"/>
  </rdf:Description>
  <rdf:Description rdf:about="http://data.linkedmdb.org/resource/film/40971">
    <movie:actor rdf:resource="http://data.linkedmdb.org/resource/actor/1392"/>
  </rdf:Description>
  <rdf:Description rdf:about="http://data.linkedmdb.org/resource/film/52532">
    <movie:actor rdf:resource="http://data.linkedmdb.org/resource/actor/1392"/>
  </rdf:Description>
</rdf:RDF>
