<?xml version="1.0"?>
<rdf:RDF
    xmlns:dbpedia="http://dbpedia.org/property/"
    xmlns:skos="http://www.w3.org/2004/02/skos/core#"
    xmlns:oddlinker="http://data.linkedmdb.org/resource/oddlinker/"
    xmlns:db="http://data.linkedmdb.org/resource/"
    xmlns:movie="http://data.linkedmdb.org/resource/movie/"
    xmlns:rdf="http://www.w3.org/1999/02/22-rdf-syntax-ns#"
    xmlns:map="file:/C:/d2r-server-0.4/mapping.n3#"
    xmlns:foaf="http://xmlns.com/foaf/0.1/"
    xmlns:d2r="http://sites.wiwiss.fu-berlin.de/suhl/bizer/d2r-server/config.rdf#"
    xmlns:owl="http://www.w3.org/2002/07/owl#"
    xmlns:dc="http://purl.org/dc/terms/"
    xmlns:xsd="http://www.w3.org/2001/XMLSchema#"
    xmlns:rdfs="http://www.w3.org/2000/01/rdf-schema#">
  <rdf:Description rdf:about="http://data.linkedmdb.org/resource/film/72167">
    <movie:actor>
      <foaf:Person rdf:about="http://data.linkedmdb.org/resource/actor/205">
        <movie:performance rdf:resource="http://data.linkedmdb.org/resource/performance/148344"/>
        <movie:performance rdf:resource="http://data.linkedmdb.org/resource/performance/163400"/>
        <movie:actor_name>John Waters</movie:actor_name>
        <movie:performance rdf:resource="http://data.linkedmdb.org/resource/performance/94872"/>
        <owl:sameAs>
          <rdf:Description rdf:about="http://dbpedia.org/resource/John_Waters_%28actor%29">
            <rdfs:seeAlso rdf:resource="http://data.linkedmdb.org/sparql?query=DESCRIBE+%3Chttp%3A%2F%2Fdbpedia.org%2Fresource%2FJohn_Waters_%2528actor%2529%3E"/>
          </rdf:Description>
        </owl:sameAs>
        <movie:performance rdf:resource="http://data.linkedmdb.org/resource/performance/103632"/>
        <rdfs:label>John Waters (Actor)</rdfs:label>
        <movie:performance rdf:resource="http://data.linkedmdb.org/resource/performance/95433"/>
        <foaf:page>
          <rdf:Description rdf:about="http://www.freebase.com/view/guid/9202a8c04000641f80000000002ef7f0">
            <rdfs:seeAlso rdf:resource="http://data.linkedmdb.org/sparql?query=DESCRIBE+%3Chttp%3A%2F%2Fwww.freebase.com%2Fview%2Fguid%2F9202a8c04000641f80000000002ef7f0%3E"/>
          </rdf:Description>
        </foaf:page>
        <movie:performance rdf:resource="http://data.linkedmdb.org/resource/performance/25829"/>
        <movie:performance rdf:resource="http://data.linkedmdb.org/resource/performance/42134"/>
        <movie:performance rdf:resource="http://data.linkedmdb.org/resource/performance/45123"/>
        <movie:performance rdf:resource="http://data.linkedmdb.org/resource/performance/119288"/>
        <movie:actor_actorid rdf:datatype="http://www.w3.org/2001/XMLSchema#int"
        >205</movie:actor_actorid>
        <movie:performance rdf:resource="http://data.linkedmdb.org/resource/performance/100133"/>
        <owl:sameAs>
          <rdf:Description rdf:about="http://mpii.de/yago/resource/John_Waters_%28actor%29">
            <rdfs:seeAlso rdf:resource="http://data.linkedmdb.org/sparql?query=DESCRIBE+%3Chttp%3A%2F%2Fmpii.de%2Fyago%2Fresource%2FJohn_Waters_%2528actor%2529%3E"/>
          </rdf:Description>
        </owl:sameAs>
        <dbpedia:hasPhotoCollection>
          <rdf:Description rdf:about="http://www4.wiwiss.fu-berlin.de/flickrwrappr/photos/John_Waters_(actor)">
            <rdfs:seeAlso rdf:resource="http://data.linkedmdb.org/sparql?query=DESCRIBE+%3Chttp%3A%2F%2Fwww4.wiwiss.fu-berlin.de%2Fflickrwrappr%2Fphotos%2FJohn_Waters_%28actor%29%3E"/>
          </rdf:Description>
        </dbpedia:hasPhotoCollection>
        <movie:performance rdf:resource="http://data.linkedmdb.org/resource/performance/102648"/>
        <movie:performance rdf:resource="http://data.linkedmdb.org/resource/performance/109982"/>
        <movie:performance rdf:resource="http://data.linkedmdb.org/resource/performance/90350"/>
        <rdf:type rdf:resource="http://data.linkedmdb.org/resource/movie/actor"/>
      </foaf:Person>
    </movie:actor>
  </rdf:Description>
  <rdf:Description rdf:about="http://data.linkedmdb.org/resource/interlink/114590">
    <oddlinker:link_source rdf:resource="http://data.linkedmdb.org/resource/actor/205"/>
  </rdf:Description>
  <rdf:Description rdf:about="http://data.linkedmdb.org/resource/interlink/102769">
    <oddlinker:link_source rdf:resource="http://data.linkedmdb.org/resource/actor/205"/>
  </rdf:Description>
  <rdf:Description rdf:about="http://data.linkedmdb.org/resource/film/22932">
    <movie:actor rdf:resource="http://data.linkedmdb.org/resource/actor/205"/>
  </rdf:Description>
  <rdf:Description rdf:about="http://data.linkedmdb.org/resource/interlink/90948">
    <oddlinker:link_source rdf:resource="http://data.linkedmdb.org/resource/actor/205"/>
  </rdf:Description>
  <rdf:Description rdf:about="http://data.linkedmdb.org/resource/film/47814">
    <movie:actor rdf:resource="http://data.linkedmdb.org/resource/actor/205"/>
  </rdf:Description>
  <rdf:Description rdf:about="http://xmlns.com/foaf/0.1/Person">
    <rdfs:seeAlso rdf:resource="http://data.linkedmdb.org/sparql?query=DESCRIBE+%3Chttp%3A%2F%2Fxmlns.com%2Ffoaf%2F0.1%2FPerson%3E"/>
  </rdf:Description>
  <rdf:Description rdf:about="http://data.linkedmdb.org/resource/film/2623">
    <movie:actor rdf:resource="http://data.linkedmdb.org/resource/actor/205"/>
  </rdf:Description>
  <rdf:Description rdf:about="http://data.linkedmdb.org/resource/film/39190">
    <movie:actor rdf:resource="http://data.linkedmdb.org/resource/actor/205"/>
  </rdf:Description>
  <rdf:Description rdf:about="http://data.linkedmdb.org/resource/film/65161">
    <movie:actor rdf:resource="http://data.linkedmdb.org/resource/actor/205"/>
  </rdf:Description>
  <rdf:Description rdf:about="http://data.linkedmdb.org/resource/film/43741">
    <movie:actor rdf:resource="http://data.linkedmdb.org/resource/actor/205"/>
  </rdf:Description>
  <rdf:Description rdf:about="http://data.linkedmdb.org/resource/film/78227">
    <movie:actor rdf:resource="http://data.linkedmdb.org/resource/actor/205"/>
  </rdf:Description>
  <rdf:Description rdf:about="http://data.linkedmdb.org/resource/film/38778">
    <movie:actor rdf:resource="http://data.linkedmdb.org/resource/actor/205"/>
  </rdf:Description>
  <rdf:Description rdf:about="http://data.linkedmdb.org/resource/film/39604">
    <movie:actor rdf:resource="http://data.linkedmdb.org/resource/actor/205"/>
  </rdf:Description>
  <rdf:Description rdf:about="http://data.linkedmdb.org/resource/film/1848">
    <movie:actor rdf:resource="http://data.linkedmdb.org/resource/actor/205"/>
  </rdf:Description>
  <rdf:Description rdf:about="http://data.linkedmdb.org/resource/film/12758">
    <movie:actor rdf:resource="http://data.linkedmdb.org/resource/actor/205"/>
  </rdf:Description>
  <rdf:Description rdf:about="http://data.linkedmdb.org/resource/film/15444">
    <movie:actor rdf:resource="http://data.linkedmdb.org/resource/actor/205"/>
  </rdf:Description>
  <rdf:Description rdf:about="http://data.linkedmdb.org/resource/film/44851">
    <movie:actor rdf:resource="http://data.linkedmdb.org/resource/actor/205"/>
  </rdf:Description>
  <rdf:Description rdf:about="http://data.linkedmdb.org/resource/film/22051">
    <movie:actor rdf:resource="http://data.linkedmdb.org/resource/actor/205"/>
  </rdf:Description>
  <rdf:Description rdf:about="http://data.linkedmdb.org/data/actor/205">
    <rdfs:comment>Contents of this file may include content from 
		      FreeBase (http://www.freebase.com) or Wikipedia 
		      (http://www.wikipedia.org) licensed under CC-BY
		      (http://www.freebase.com/view/common/license/cc_attribution_25)
		      or GFDL (http://en.wikipedia.org/wiki/Wikipedia:Text_of_the_GNU_Free_Documentation_License). 
		      Refer to http://www.linkedmdb.org:8080/Main/Licensing for more details.</rdfs:comment>
    <rdfs:label>RDF Description of John Waters (Actor)</rdfs:label>
    <foaf:primaryTopic rdf:resource="http://data.linkedmdb.org/resource/actor/205"/>
  </rdf:Description>
</rdf:RDF>
