<?xml version="1.0"?>
<rdf:RDF
    xmlns:dbpedia="http://dbpedia.org/property/"
    xmlns:skos="http://www.w3.org/2004/02/skos/core#"
    xmlns:oddlinker="http://data.linkedmdb.org/resource/oddlinker/"
    xmlns:db="http://data.linkedmdb.org/resource/"
    xmlns:movie="http://data.linkedmdb.org/resource/movie/"
    xmlns:rdf="http://www.w3.org/1999/02/22-rdf-syntax-ns#"
    xmlns:map="file:/C:/d2r-server-0.4/mapping.n3#"
    xmlns:foaf="http://xmlns.com/foaf/0.1/"
    xmlns:d2r="http://sites.wiwiss.fu-berlin.de/suhl/bizer/d2r-server/config.rdf#"
    xmlns:owl="http://www.w3.org/2002/07/owl#"
    xmlns:dc="http://purl.org/dc/terms/"
    xmlns:xsd="http://www.w3.org/2001/XMLSchema#"
    xmlns:rdfs="http://www.w3.org/2000/01/rdf-schema#">
  <rdf:Description rdf:about="http://data.linkedmdb.org/resource/film/6510">
    <movie:actor>
      <foaf:Person rdf:about="http://data.linkedmdb.org/resource/actor/10643">
        <foaf:page>
          <rdf:Description rdf:about="http://www.freebase.com/view/guid/9202a8c04000641f80000000055c1630">
            <rdfs:seeAlso rdf:resource="http://data.linkedmdb.org/sparql?query=DESCRIBE+%3Chttp%3A%2F%2Fwww.freebase.com%2Fview%2Fguid%2F9202a8c04000641f80000000055c1630%3E"/>
          </rdf:Description>
        </foaf:page>
        <movie:actor_name>Bill Tung</movie:actor_name>
        <owl:sameAs>
          <rdf:Description rdf:about="http://dbpedia.org/resource/Bill_Tung">
            <rdfs:seeAlso rdf:resource="http://data.linkedmdb.org/sparql?query=DESCRIBE+%3Chttp%3A%2F%2Fdbpedia.org%2Fresource%2FBill_Tung%3E"/>
          </rdf:Description>
        </owl:sameAs>
        <movie:performance rdf:resource="http://data.linkedmdb.org/resource/performance/83916"/>
        <movie:performance rdf:resource="http://data.linkedmdb.org/resource/performance/154635"/>
        <owl:sameAs>
          <rdf:Description rdf:about="http://mpii.de/yago/resource/Bill_Tung">
            <rdfs:seeAlso rdf:resource="http://data.linkedmdb.org/sparql?query=DESCRIBE+%3Chttp%3A%2F%2Fmpii.de%2Fyago%2Fresource%2FBill_Tung%3E"/>
          </rdf:Description>
        </owl:sameAs>
        <movie:performance rdf:resource="http://data.linkedmdb.org/resource/performance/76374"/>
        <movie:performance rdf:resource="http://data.linkedmdb.org/resource/performance/48635"/>
        <movie:actor_actorid rdf:datatype="http://www.w3.org/2001/XMLSchema#int"
        >10643</movie:actor_actorid>
        <rdf:type rdf:resource="http://data.linkedmdb.org/resource/movie/actor"/>
        <movie:performance rdf:resource="http://data.linkedmdb.org/resource/performance/85257"/>
        <movie:performance rdf:resource="http://data.linkedmdb.org/resource/performance/83469"/>
        <movie:performance rdf:resource="http://data.linkedmdb.org/resource/performance/100911"/>
        <movie:performance rdf:resource="http://data.linkedmdb.org/resource/performance/171037"/>
        <rdfs:label>Bill Tung (Actor)</rdfs:label>
        <movie:performance rdf:resource="http://data.linkedmdb.org/resource/performance/82992"/>
        <foaf:page>
          <rdf:Description rdf:about="http://www.imdb.com/name/nm0876603/">
            <rdfs:seeAlso rdf:resource="http://data.linkedmdb.org/sparql?query=DESCRIBE+%3Chttp%3A%2F%2Fwww.imdb.com%2Fname%2Fnm0876603%2F%3E"/>
          </rdf:Description>
        </foaf:page>
        <dbpedia:hasPhotoCollection>
          <rdf:Description rdf:about="http://www4.wiwiss.fu-berlin.de/flickrwrappr/photos/Bill_Tung">
            <rdfs:seeAlso rdf:resource="http://data.linkedmdb.org/sparql?query=DESCRIBE+%3Chttp%3A%2F%2Fwww4.wiwiss.fu-berlin.de%2Fflickrwrappr%2Fphotos%2FBill_Tung%3E"/>
          </rdf:Description>
        </dbpedia:hasPhotoCollection>
      </foaf:Person>
    </movie:actor>
  </rdf:Description>
  <rdf:Description rdf:about="http://data.linkedmdb.org/resource/film/46071">
    <movie:actor rdf:resource="http://data.linkedmdb.org/resource/actor/10643"/>
  </rdf:Description>
  <rdf:Description rdf:about="http://data.linkedmdb.org/resource/film/85702">
    <movie:actor rdf:resource="http://data.linkedmdb.org/resource/actor/10643"/>
  </rdf:Description>
  <rdf:Description rdf:about="http://data.linkedmdb.org/resource/film/38746">
    <movie:actor rdf:resource="http://data.linkedmdb.org/resource/actor/10643"/>
  </rdf:Description>
  <rdf:Description rdf:about="http://data.linkedmdb.org/resource/interlink/86540">
    <oddlinker:link_source rdf:resource="http://data.linkedmdb.org/resource/actor/10643"/>
  </rdf:Description>
  <rdf:Description rdf:about="http://data.linkedmdb.org/resource/film/1229">
    <movie:actor rdf:resource="http://data.linkedmdb.org/resource/actor/10643"/>
  </rdf:Description>
  <rdf:Description rdf:about="http://xmlns.com/foaf/0.1/Person">
    <rdfs:seeAlso rdf:resource="http://data.linkedmdb.org/sparql?query=DESCRIBE+%3Chttp%3A%2F%2Fxmlns.com%2Ffoaf%2F0.1%2FPerson%3E"/>
  </rdf:Description>
  <rdf:Description rdf:about="http://data.linkedmdb.org/resource/interlink/98361">
    <oddlinker:link_source rdf:resource="http://data.linkedmdb.org/resource/actor/10643"/>
  </rdf:Description>
  <rdf:Description rdf:about="http://data.linkedmdb.org/resource/film/40537">
    <movie:actor rdf:resource="http://data.linkedmdb.org/resource/actor/10643"/>
  </rdf:Description>
  <rdf:Description rdf:about="http://data.linkedmdb.org/resource/film/43896">
    <movie:actor rdf:resource="http://data.linkedmdb.org/resource/actor/10643"/>
  </rdf:Description>
  <rdf:Description rdf:about="http://data.linkedmdb.org/resource/film/46458">
    <movie:actor rdf:resource="http://data.linkedmdb.org/resource/actor/10643"/>
  </rdf:Description>
  <rdf:Description rdf:about="http://data.linkedmdb.org/resource/film/20458">
    <movie:actor rdf:resource="http://data.linkedmdb.org/resource/actor/10643"/>
  </rdf:Description>
  <rdf:Description rdf:about="http://data.linkedmdb.org/data/actor/10643">
    <rdfs:comment>Contents of this file may include content from 
		      FreeBase (http://www.freebase.com) or Wikipedia 
		      (http://www.wikipedia.org) licensed under CC-BY
		      (http://www.freebase.com/view/common/license/cc_attribution_25)
		      or GFDL (http://en.wikipedia.org/wiki/Wikipedia:Text_of_the_GNU_Free_Documentation_License). 
		      Refer to http://www.linkedmdb.org:8080/Main/Licensing for more details.</rdfs:comment>
    <rdfs:label>RDF Description of Bill Tung (Actor)</rdfs:label>
    <foaf:primaryTopic rdf:resource="http://data.linkedmdb.org/resource/actor/10643"/>
  </rdf:Description>
  <rdf:Description rdf:about="http://data.linkedmdb.org/resource/interlink/110182">
    <oddlinker:link_source rdf:resource="http://data.linkedmdb.org/resource/actor/10643"/>
  </rdf:Description>
</rdf:RDF>
