<?xml version="1.0"?>
<rdf:RDF
    xmlns:dbpedia="http://dbpedia.org/property/"
    xmlns:skos="http://www.w3.org/2004/02/skos/core#"
    xmlns:oddlinker="http://data.linkedmdb.org/resource/oddlinker/"
    xmlns:db="http://data.linkedmdb.org/resource/"
    xmlns:movie="http://data.linkedmdb.org/resource/movie/"
    xmlns:rdf="http://www.w3.org/1999/02/22-rdf-syntax-ns#"
    xmlns:map="file:/C:/d2r-server-0.4/mapping.n3#"
    xmlns:foaf="http://xmlns.com/foaf/0.1/"
    xmlns:d2r="http://sites.wiwiss.fu-berlin.de/suhl/bizer/d2r-server/config.rdf#"
    xmlns:owl="http://www.w3.org/2002/07/owl#"
    xmlns:dc="http://purl.org/dc/terms/"
    xmlns:xsd="http://www.w3.org/2001/XMLSchema#"
    xmlns:rdfs="http://www.w3.org/2000/01/rdf-schema#">
  <rdf:Description rdf:about="http://data.linkedmdb.org/resource/interlink/111088">
    <oddlinker:link_source>
      <movie:actor rdf:about="http://data.linkedmdb.org/resource/actor/132">
        <owl:sameAs>
          <rdf:Description rdf:about="http://mpii.de/yago/resource/D._B._Sweeney">
            <rdfs:seeAlso rdf:resource="http://data.linkedmdb.org/sparql?query=DESCRIBE+%3Chttp%3A%2F%2Fmpii.de%2Fyago%2Fresource%2FD._B._Sweeney%3E"/>
          </rdf:Description>
        </owl:sameAs>
        <movie:performance rdf:resource="http://data.linkedmdb.org/resource/performance/167254"/>
        <movie:performance rdf:resource="http://data.linkedmdb.org/resource/performance/95929"/>
        <foaf:page>
          <rdf:Description rdf:about="http://www.freebase.com/view/guid/9202a8c04000641f80000000002342a3">
            <rdfs:seeAlso rdf:resource="http://data.linkedmdb.org/sparql?query=DESCRIBE+%3Chttp%3A%2F%2Fwww.freebase.com%2Fview%2Fguid%2F9202a8c04000641f80000000002342a3%3E"/>
          </rdf:Description>
        </foaf:page>
        <movie:performance rdf:resource="http://data.linkedmdb.org/resource/performance/137266"/>
        <movie:performance rdf:resource="http://data.linkedmdb.org/resource/performance/5492"/>
        <movie:actor_actorid rdf:datatype="http://www.w3.org/2001/XMLSchema#int"
        >132</movie:actor_actorid>
        <dbpedia:hasPhotoCollection>
          <rdf:Description rdf:about="http://www4.wiwiss.fu-berlin.de/flickrwrappr/photos/D._B._Sweeney">
            <rdfs:seeAlso rdf:resource="http://data.linkedmdb.org/sparql?query=DESCRIBE+%3Chttp%3A%2F%2Fwww4.wiwiss.fu-berlin.de%2Fflickrwrappr%2Fphotos%2FD._B._Sweeney%3E"/>
          </rdf:Description>
        </dbpedia:hasPhotoCollection>
        <movie:actor_name>D. B. Sweeney</movie:actor_name>
        <movie:performance rdf:resource="http://data.linkedmdb.org/resource/performance/95731"/>
        <movie:performance rdf:resource="http://data.linkedmdb.org/resource/performance/174681"/>
        <movie:performance rdf:resource="http://data.linkedmdb.org/resource/performance/95456"/>
        <movie:performance rdf:resource="http://data.linkedmdb.org/resource/performance/27351"/>
        <movie:performance rdf:resource="http://data.linkedmdb.org/resource/performance/30497"/>
        <movie:performance rdf:resource="http://data.linkedmdb.org/resource/performance/11060"/>
        <movie:performance rdf:resource="http://data.linkedmdb.org/resource/performance/8909"/>
        <movie:performance rdf:resource="http://data.linkedmdb.org/resource/performance/91807"/>
        <movie:performance rdf:resource="http://data.linkedmdb.org/resource/performance/12678"/>
        <rdf:type>
          <rdf:Description rdf:about="http://xmlns.com/foaf/0.1/Person">
            <rdfs:seeAlso rdf:resource="http://data.linkedmdb.org/sparql?query=DESCRIBE+%3Chttp%3A%2F%2Fxmlns.com%2Ffoaf%2F0.1%2FPerson%3E"/>
          </rdf:Description>
        </rdf:type>
        <movie:performance rdf:resource="http://data.linkedmdb.org/resource/performance/112484"/>
        <movie:performance rdf:resource="http://data.linkedmdb.org/resource/performance/86454"/>
        <movie:performance rdf:resource="http://data.linkedmdb.org/resource/performance/79531"/>
        <movie:performance rdf:resource="http://data.linkedmdb.org/resource/performance/87768"/>
        <movie:performance rdf:resource="http://data.linkedmdb.org/resource/performance/13419"/>
        <rdfs:label>D. B. Sweeney (Actor)</rdfs:label>
        <owl:sameAs>
          <rdf:Description rdf:about="http://dbpedia.org/resource/D._B._Sweeney">
            <rdfs:seeAlso rdf:resource="http://data.linkedmdb.org/sparql?query=DESCRIBE+%3Chttp%3A%2F%2Fdbpedia.org%2Fresource%2FD._B._Sweeney%3E"/>
          </rdf:Description>
        </owl:sameAs>
        <movie:performance rdf:resource="http://data.linkedmdb.org/resource/performance/19425"/>
      </movie:actor>
    </oddlinker:link_source>
  </rdf:Description>
  <rdf:Description rdf:about="http://data.linkedmdb.org/data/actor/132">
    <rdfs:comment>Contents of this file may include content from 
		      FreeBase (http://www.freebase.com) or Wikipedia 
		      (http://www.wikipedia.org) licensed under CC-BY
		      (http://www.freebase.com/view/common/license/cc_attribution_25)
		      or GFDL (http://en.wikipedia.org/wiki/Wikipedia:Text_of_the_GNU_Free_Documentation_License). 
		      Refer to http://www.linkedmdb.org:8080/Main/Licensing for more details.</rdfs:comment>
    <rdfs:label>RDF Description of D. B. Sweeney (Actor)</rdfs:label>
    <foaf:primaryTopic rdf:resource="http://data.linkedmdb.org/resource/actor/132"/>
  </rdf:Description>
  <rdf:Description rdf:about="http://data.linkedmdb.org/resource/film/52536">
    <movie:actor rdf:resource="http://data.linkedmdb.org/resource/actor/132"/>
  </rdf:Description>
  <rdf:Description rdf:about="http://data.linkedmdb.org/resource/film/66275">
    <movie:actor rdf:resource="http://data.linkedmdb.org/resource/actor/132"/>
  </rdf:Description>
  <rdf:Description rdf:about="http://data.linkedmdb.org/resource/film/41482">
    <movie:actor rdf:resource="http://data.linkedmdb.org/resource/actor/132"/>
  </rdf:Description>
  <rdf:Description rdf:about="http://data.linkedmdb.org/resource/film/5107">
    <movie:actor rdf:resource="http://data.linkedmdb.org/resource/actor/132"/>
  </rdf:Description>
  <rdf:Description rdf:about="http://data.linkedmdb.org/resource/interlink/99267">
    <oddlinker:link_source rdf:resource="http://data.linkedmdb.org/resource/actor/132"/>
  </rdf:Description>
  <rdf:Description rdf:about="http://data.linkedmdb.org/resource/film/1596">
    <movie:actor rdf:resource="http://data.linkedmdb.org/resource/actor/132"/>
  </rdf:Description>
  <rdf:Description rdf:about="http://data.linkedmdb.org/resource/film/5727">
    <movie:actor rdf:resource="http://data.linkedmdb.org/resource/actor/132"/>
  </rdf:Description>
  <rdf:Description rdf:about="http://data.linkedmdb.org/resource/film/81008">
    <movie:actor rdf:resource="http://data.linkedmdb.org/resource/actor/132"/>
  </rdf:Description>
  <rdf:Description rdf:about="http://data.linkedmdb.org/resource/film/45026">
    <movie:actor rdf:resource="http://data.linkedmdb.org/resource/actor/132"/>
  </rdf:Description>
  <rdf:Description rdf:about="http://data.linkedmdb.org/resource/film/18785">
    <movie:actor rdf:resource="http://data.linkedmdb.org/resource/actor/132"/>
  </rdf:Description>
  <rdf:Description rdf:about="http://data.linkedmdb.org/resource/film/72105">
    <movie:actor rdf:resource="http://data.linkedmdb.org/resource/actor/132"/>
  </rdf:Description>
  <rdf:Description rdf:about="http://data.linkedmdb.org/resource/film/39251">
    <movie:actor rdf:resource="http://data.linkedmdb.org/resource/actor/132"/>
  </rdf:Description>
  <rdf:Description rdf:about="http://data.linkedmdb.org/resource/film/6134">
    <movie:actor rdf:resource="http://data.linkedmdb.org/resource/actor/132"/>
  </rdf:Description>
  <rdf:Description rdf:about="http://data.linkedmdb.org/resource/film/4536">
    <movie:actor rdf:resource="http://data.linkedmdb.org/resource/actor/132"/>
  </rdf:Description>
  <rdf:Description rdf:about="http://data.linkedmdb.org/resource/film/47942">
    <movie:actor rdf:resource="http://data.linkedmdb.org/resource/actor/132"/>
  </rdf:Description>
  <rdf:Description rdf:about="http://data.linkedmdb.org/resource/film/2353">
    <movie:actor rdf:resource="http://data.linkedmdb.org/resource/actor/132"/>
  </rdf:Description>
  <rdf:Description rdf:about="http://data.linkedmdb.org/resource/film/39995">
    <movie:actor rdf:resource="http://data.linkedmdb.org/resource/actor/132"/>
  </rdf:Description>
  <rdf:Description rdf:about="http://data.linkedmdb.org/resource/film/5532">
    <movie:actor rdf:resource="http://data.linkedmdb.org/resource/actor/132"/>
  </rdf:Description>
  <rdf:Description rdf:about="http://data.linkedmdb.org/resource/film/41777">
    <movie:actor rdf:resource="http://data.linkedmdb.org/resource/actor/132"/>
  </rdf:Description>
  <rdf:Description rdf:about="http://data.linkedmdb.org/resource/interlink/87446">
    <oddlinker:link_source rdf:resource="http://data.linkedmdb.org/resource/actor/132"/>
  </rdf:Description>
  <rdf:Description rdf:about="http://data.linkedmdb.org/resource/film/1685">
    <movie:actor rdf:resource="http://data.linkedmdb.org/resource/actor/132"/>
  </rdf:Description>
</rdf:RDF>
