<?xml version="1.0"?>
<rdf:RDF
    xmlns:dbpedia="http://dbpedia.org/property/"
    xmlns:skos="http://www.w3.org/2004/02/skos/core#"
    xmlns:oddlinker="http://data.linkedmdb.org/resource/oddlinker/"
    xmlns:db="http://data.linkedmdb.org/resource/"
    xmlns:movie="http://data.linkedmdb.org/resource/movie/"
    xmlns:rdf="http://www.w3.org/1999/02/22-rdf-syntax-ns#"
    xmlns:map="file:/C:/d2r-server-0.4/mapping.n3#"
    xmlns:foaf="http://xmlns.com/foaf/0.1/"
    xmlns:d2r="http://sites.wiwiss.fu-berlin.de/suhl/bizer/d2r-server/config.rdf#"
    xmlns:owl="http://www.w3.org/2002/07/owl#"
    xmlns:dc="http://purl.org/dc/terms/"
    xmlns:xsd="http://www.w3.org/2001/XMLSchema#"
    xmlns:rdfs="http://www.w3.org/2000/01/rdf-schema#">
  <rdf:Description rdf:about="http://data.linkedmdb.org/resource/film/2100">
    <movie:actor>
      <foaf:Person rdf:about="http://data.linkedmdb.org/resource/actor/184">
        <movie:performance rdf:resource="http://data.linkedmdb.org/resource/performance/28566"/>
        <movie:performance rdf:resource="http://data.linkedmdb.org/resource/performance/23732"/>
        <movie:performance rdf:resource="http://data.linkedmdb.org/resource/performance/34564"/>
        <movie:performance rdf:resource="http://data.linkedmdb.org/resource/performance/41294"/>
        <movie:performance rdf:resource="http://data.linkedmdb.org/resource/performance/13412"/>
        <movie:performance rdf:resource="http://data.linkedmdb.org/resource/performance/54183"/>
        <movie:performance rdf:resource="http://data.linkedmdb.org/resource/performance/73057"/>
        <movie:performance rdf:resource="http://data.linkedmdb.org/resource/performance/32047"/>
        <movie:actor_name>John C. Reilly</movie:actor_name>
        <movie:performance rdf:resource="http://data.linkedmdb.org/resource/performance/148504"/>
        <movie:performance rdf:resource="http://data.linkedmdb.org/resource/performance/29316"/>
        <movie:performance rdf:resource="http://data.linkedmdb.org/resource/performance/7652"/>
        <movie:performance rdf:resource="http://data.linkedmdb.org/resource/performance/4974"/>
        <movie:performance rdf:resource="http://data.linkedmdb.org/resource/performance/93666"/>
        <movie:performance rdf:resource="http://data.linkedmdb.org/resource/performance/12087"/>
        <movie:performance rdf:resource="http://data.linkedmdb.org/resource/performance/101054"/>
        <movie:actor_actorid rdf:datatype="http://www.w3.org/2001/XMLSchema#int"
        >184</movie:actor_actorid>
        <movie:performance rdf:resource="http://data.linkedmdb.org/resource/performance/63623"/>
        <movie:performance rdf:resource="http://data.linkedmdb.org/resource/performance/5118"/>
        <movie:performance rdf:resource="http://data.linkedmdb.org/resource/performance/911"/>
        <movie:performance rdf:resource="http://data.linkedmdb.org/resource/performance/34012"/>
        <movie:performance rdf:resource="http://data.linkedmdb.org/resource/performance/18780"/>
        <rdfs:label>John C. Reilly (Actor)</rdfs:label>
        <movie:performance rdf:resource="http://data.linkedmdb.org/resource/performance/188990"/>
        <movie:performance rdf:resource="http://data.linkedmdb.org/resource/performance/75863"/>
        <movie:performance rdf:resource="http://data.linkedmdb.org/resource/performance/8095"/>
        <owl:sameAs>
          <rdf:Description rdf:about="http://mpii.de/yago/resource/John_C._Reilly">
            <rdfs:seeAlso rdf:resource="http://data.linkedmdb.org/sparql?query=DESCRIBE+%3Chttp%3A%2F%2Fmpii.de%2Fyago%2Fresource%2FJohn_C._Reilly%3E"/>
          </rdf:Description>
        </owl:sameAs>
        <movie:performance rdf:resource="http://data.linkedmdb.org/resource/performance/142499"/>
        <movie:performance rdf:resource="http://data.linkedmdb.org/resource/performance/31573"/>
        <movie:performance rdf:resource="http://data.linkedmdb.org/resource/performance/166270"/>
        <movie:performance rdf:resource="http://data.linkedmdb.org/resource/performance/158564"/>
        <foaf:page>
          <rdf:Description rdf:about="http://www.freebase.com/view/guid/9202a8c04000641f80000000002b3bba">
            <rdfs:seeAlso rdf:resource="http://data.linkedmdb.org/sparql?query=DESCRIBE+%3Chttp%3A%2F%2Fwww.freebase.com%2Fview%2Fguid%2F9202a8c04000641f80000000002b3bba%3E"/>
          </rdf:Description>
        </foaf:page>
        <movie:performance rdf:resource="http://data.linkedmdb.org/resource/performance/59243"/>
        <movie:performance rdf:resource="http://data.linkedmdb.org/resource/performance/35459"/>
        <movie:performance rdf:resource="http://data.linkedmdb.org/resource/performance/172584"/>
        <movie:performance rdf:resource="http://data.linkedmdb.org/resource/performance/6599"/>
        <owl:sameAs>
          <rdf:Description rdf:about="http://dbpedia.org/resource/John_C._Reilly">
            <rdfs:seeAlso rdf:resource="http://data.linkedmdb.org/sparql?query=DESCRIBE+%3Chttp%3A%2F%2Fdbpedia.org%2Fresource%2FJohn_C._Reilly%3E"/>
          </rdf:Description>
        </owl:sameAs>
        <movie:performance rdf:resource="http://data.linkedmdb.org/resource/performance/167294"/>
        <rdf:type rdf:resource="http://data.linkedmdb.org/resource/movie/actor"/>
        <dbpedia:hasPhotoCollection>
          <rdf:Description rdf:about="http://www4.wiwiss.fu-berlin.de/flickrwrappr/photos/John_C._Reilly">
            <rdfs:seeAlso rdf:resource="http://data.linkedmdb.org/sparql?query=DESCRIBE+%3Chttp%3A%2F%2Fwww4.wiwiss.fu-berlin.de%2Fflickrwrappr%2Fphotos%2FJohn_C._Reilly%3E"/>
          </rdf:Description>
        </dbpedia:hasPhotoCollection>
      </foaf:Person>
    </movie:actor>
  </rdf:Description>
  <rdf:Description rdf:about="http://data.linkedmdb.org/resource/film/38865">
    <movie:actor rdf:resource="http://data.linkedmdb.org/resource/actor/184"/>
  </rdf:Description>
  <rdf:Description rdf:about="http://data.linkedmdb.org/resource/film/1224">
    <movie:actor rdf:resource="http://data.linkedmdb.org/resource/actor/184"/>
  </rdf:Description>
  <rdf:Description rdf:about="http://data.linkedmdb.org/resource/film/5405">
    <movie:actor rdf:resource="http://data.linkedmdb.org/resource/actor/184"/>
  </rdf:Description>
  <rdf:Description rdf:about="http://data.linkedmdb.org/resource/film/7425">
    <movie:actor rdf:resource="http://data.linkedmdb.org/resource/actor/184"/>
  </rdf:Description>
  <rdf:Description rdf:about="http://data.linkedmdb.org/resource/film/13487">
    <movie:actor rdf:resource="http://data.linkedmdb.org/resource/actor/184"/>
  </rdf:Description>
  <rdf:Description rdf:about="http://data.linkedmdb.org/resource/film/342">
    <movie:actor rdf:resource="http://data.linkedmdb.org/resource/actor/184"/>
  </rdf:Description>
  <rdf:Description rdf:about="http://data.linkedmdb.org/resource/interlink/90466">
    <oddlinker:link_source rdf:resource="http://data.linkedmdb.org/resource/actor/184"/>
  </rdf:Description>
  <rdf:Description rdf:about="http://data.linkedmdb.org/resource/film/16257">
    <movie:actor rdf:resource="http://data.linkedmdb.org/resource/actor/184"/>
  </rdf:Description>
  <rdf:Description rdf:about="http://xmlns.com/foaf/0.1/Person">
    <rdfs:seeAlso rdf:resource="http://data.linkedmdb.org/sparql?query=DESCRIBE+%3Chttp%3A%2F%2Fxmlns.com%2Ffoaf%2F0.1%2FPerson%3E"/>
  </rdf:Description>
  <rdf:Description rdf:about="http://data.linkedmdb.org/resource/film/589">
    <movie:actor rdf:resource="http://data.linkedmdb.org/resource/actor/184"/>
  </rdf:Description>
  <rdf:Description rdf:about="http://data.linkedmdb.org/resource/film/5710">
    <movie:actor rdf:resource="http://data.linkedmdb.org/resource/actor/184"/>
  </rdf:Description>
  <rdf:Description rdf:about="http://data.linkedmdb.org/resource/film/97209">
    <movie:actor rdf:resource="http://data.linkedmdb.org/resource/actor/184"/>
  </rdf:Description>
  <rdf:Description rdf:about="http://data.linkedmdb.org/resource/film/42790">
    <movie:actor rdf:resource="http://data.linkedmdb.org/resource/actor/184"/>
  </rdf:Description>
  <rdf:Description rdf:about="http://data.linkedmdb.org/resource/interlink/114108">
    <oddlinker:link_source rdf:resource="http://data.linkedmdb.org/resource/actor/184"/>
  </rdf:Description>
  <rdf:Description rdf:about="http://data.linkedmdb.org/resource/film/1184">
    <movie:actor rdf:resource="http://data.linkedmdb.org/resource/actor/184"/>
  </rdf:Description>
  <rdf:Description rdf:about="http://data.linkedmdb.org/resource/film/72322">
    <movie:actor rdf:resource="http://data.linkedmdb.org/resource/actor/184"/>
  </rdf:Description>
  <rdf:Description rdf:about="http://data.linkedmdb.org/resource/film/40743">
    <movie:actor rdf:resource="http://data.linkedmdb.org/resource/actor/184"/>
  </rdf:Description>
  <rdf:Description rdf:about="http://data.linkedmdb.org/resource/film/3102">
    <movie:actor rdf:resource="http://data.linkedmdb.org/resource/actor/184"/>
  </rdf:Description>
  <rdf:Description rdf:about="http://data.linkedmdb.org/resource/film/42499">
    <movie:actor rdf:resource="http://data.linkedmdb.org/resource/actor/184"/>
  </rdf:Description>
  <rdf:Description rdf:about="http://data.linkedmdb.org/resource/film/81071">
    <movie:actor rdf:resource="http://data.linkedmdb.org/resource/actor/184"/>
  </rdf:Description>
  <rdf:Description rdf:about="http://data.linkedmdb.org/resource/film/3370">
    <movie:actor rdf:resource="http://data.linkedmdb.org/resource/actor/184"/>
  </rdf:Description>
  <rdf:Description rdf:about="http://data.linkedmdb.org/resource/film/4438">
    <movie:actor rdf:resource="http://data.linkedmdb.org/resource/actor/184"/>
  </rdf:Description>
  <rdf:Description rdf:about="http://data.linkedmdb.org/resource/film/11367">
    <movie:actor rdf:resource="http://data.linkedmdb.org/resource/actor/184"/>
  </rdf:Description>
  <rdf:Description rdf:about="http://data.linkedmdb.org/resource/film/953">
    <movie:actor rdf:resource="http://data.linkedmdb.org/resource/actor/184"/>
  </rdf:Description>
  <rdf:Description rdf:about="http://data.linkedmdb.org/resource/interlink/102287">
    <oddlinker:link_source rdf:resource="http://data.linkedmdb.org/resource/actor/184"/>
  </rdf:Description>
  <rdf:Description rdf:about="http://data.linkedmdb.org/data/actor/184">
    <rdfs:comment>Contents of this file may include content from 
		      FreeBase (http://www.freebase.com) or Wikipedia 
		      (http://www.wikipedia.org) licensed under CC-BY
		      (http://www.freebase.com/view/common/license/cc_attribution_25)
		      or GFDL (http://en.wikipedia.org/wiki/Wikipedia:Text_of_the_GNU_Free_Documentation_License). 
		      Refer to http://www.linkedmdb.org:8080/Main/Licensing for more details.</rdfs:comment>
    <rdfs:label>RDF Description of John C. Reilly (Actor)</rdfs:label>
    <foaf:primaryTopic rdf:resource="http://data.linkedmdb.org/resource/actor/184"/>
  </rdf:Description>
  <rdf:Description rdf:about="http://data.linkedmdb.org/resource/film/46104">
    <movie:actor rdf:resource="http://data.linkedmdb.org/resource/actor/184"/>
  </rdf:Description>
  <rdf:Description rdf:about="http://data.linkedmdb.org/resource/film/39440">
    <movie:actor rdf:resource="http://data.linkedmdb.org/resource/actor/184"/>
  </rdf:Description>
  <rdf:Description rdf:about="http://data.linkedmdb.org/resource/film/12685">
    <movie:actor rdf:resource="http://data.linkedmdb.org/resource/actor/184"/>
  </rdf:Description>
  <rdf:Description rdf:about="http://data.linkedmdb.org/resource/film/529">
    <movie:actor rdf:resource="http://data.linkedmdb.org/resource/actor/184"/>
  </rdf:Description>
  <rdf:Description rdf:about="http://data.linkedmdb.org/resource/film/8590">
    <movie:actor rdf:resource="http://data.linkedmdb.org/resource/actor/184"/>
  </rdf:Description>
  <rdf:Description rdf:about="http://data.linkedmdb.org/resource/film/5026">
    <movie:actor rdf:resource="http://data.linkedmdb.org/resource/actor/184"/>
  </rdf:Description>
  <rdf:Description rdf:about="http://data.linkedmdb.org/resource/film/20799">
    <movie:actor rdf:resource="http://data.linkedmdb.org/resource/actor/184"/>
  </rdf:Description>
  <rdf:Description rdf:about="http://data.linkedmdb.org/resource/film/10635">
    <movie:actor rdf:resource="http://data.linkedmdb.org/resource/actor/184"/>
  </rdf:Description>
  <rdf:Description rdf:about="http://data.linkedmdb.org/resource/film/39829">
    <movie:actor rdf:resource="http://data.linkedmdb.org/resource/actor/184"/>
  </rdf:Description>
  <rdf:Description rdf:about="http://data.linkedmdb.org/resource/film/40356">
    <movie:actor rdf:resource="http://data.linkedmdb.org/resource/actor/184"/>
  </rdf:Description>
</rdf:RDF>
