<?xml version="1.0"?>
<rdf:RDF
    xmlns:dbpedia="http://dbpedia.org/property/"
    xmlns:skos="http://www.w3.org/2004/02/skos/core#"
    xmlns:oddlinker="http://data.linkedmdb.org/resource/oddlinker/"
    xmlns:db="http://data.linkedmdb.org/resource/"
    xmlns:movie="http://data.linkedmdb.org/resource/movie/"
    xmlns:rdf="http://www.w3.org/1999/02/22-rdf-syntax-ns#"
    xmlns:map="file:/C:/d2r-server-0.4/mapping.n3#"
    xmlns:foaf="http://xmlns.com/foaf/0.1/"
    xmlns:d2r="http://sites.wiwiss.fu-berlin.de/suhl/bizer/d2r-server/config.rdf#"
    xmlns:owl="http://www.w3.org/2002/07/owl#"
    xmlns:dc="http://purl.org/dc/terms/"
    xmlns:xsd="http://www.w3.org/2001/XMLSchema#"
    xmlns:rdfs="http://www.w3.org/2000/01/rdf-schema#">
  <rdf:Description rdf:about="http://data.linkedmdb.org/resource/film/52359">
    <movie:actor>
      <movie:actor rdf:about="http://data.linkedmdb.org/resource/actor/162">
        <movie:performance rdf:resource="http://data.linkedmdb.org/resource/performance/189293"/>
        <movie:performance rdf:resource="http://data.linkedmdb.org/resource/performance/147547"/>
        <movie:performance rdf:resource="http://data.linkedmdb.org/resource/performance/142612"/>
        <movie:performance rdf:resource="http://data.linkedmdb.org/resource/performance/14530"/>
        <movie:performance rdf:resource="http://data.linkedmdb.org/resource/performance/65712"/>
        <movie:actor_actorid rdf:datatype="http://www.w3.org/2001/XMLSchema#int"
        >162</movie:actor_actorid>
        <movie:performance rdf:resource="http://data.linkedmdb.org/resource/performance/70141"/>
        <movie:performance rdf:resource="http://data.linkedmdb.org/resource/performance/190013"/>
        <rdfs:label>Robert Preston (Actor)</rdfs:label>
        <movie:performance rdf:resource="http://data.linkedmdb.org/resource/performance/147433"/>
        <movie:performance rdf:resource="http://data.linkedmdb.org/resource/performance/147464"/>
        <movie:performance rdf:resource="http://data.linkedmdb.org/resource/performance/51711"/>
        <movie:performance rdf:resource="http://data.linkedmdb.org/resource/performance/112325"/>
        <movie:performance rdf:resource="http://data.linkedmdb.org/resource/performance/61152"/>
        <owl:sameAs>
          <rdf:Description rdf:about="http://dbpedia.org/resource/Robert_Preston_%28actor%29">
            <rdfs:seeAlso rdf:resource="http://data.linkedmdb.org/sparql?query=DESCRIBE+%3Chttp%3A%2F%2Fdbpedia.org%2Fresource%2FRobert_Preston_%2528actor%2529%3E"/>
          </rdf:Description>
        </owl:sameAs>
        <movie:performance rdf:resource="http://data.linkedmdb.org/resource/performance/114265"/>
        <foaf:page>
          <rdf:Description rdf:about="http://www.freebase.com/view/guid/9202a8c04000641f800000000029167a">
            <rdfs:seeAlso rdf:resource="http://data.linkedmdb.org/sparql?query=DESCRIBE+%3Chttp%3A%2F%2Fwww.freebase.com%2Fview%2Fguid%2F9202a8c04000641f800000000029167a%3E"/>
          </rdf:Description>
        </foaf:page>
        <movie:performance rdf:resource="http://data.linkedmdb.org/resource/performance/4687"/>
        <movie:performance rdf:resource="http://data.linkedmdb.org/resource/performance/38314"/>
        <movie:performance rdf:resource="http://data.linkedmdb.org/resource/performance/67295"/>
        <owl:sameAs>
          <rdf:Description rdf:about="http://mpii.de/yago/resource/Robert_Preston_%28actor%29">
            <rdfs:seeAlso rdf:resource="http://data.linkedmdb.org/sparql?query=DESCRIBE+%3Chttp%3A%2F%2Fmpii.de%2Fyago%2Fresource%2FRobert_Preston_%2528actor%2529%3E"/>
          </rdf:Description>
        </owl:sameAs>
        <movie:performance rdf:resource="http://data.linkedmdb.org/resource/performance/32689"/>
        <movie:performance rdf:resource="http://data.linkedmdb.org/resource/performance/125808"/>
        <rdf:type>
          <rdf:Description rdf:about="http://xmlns.com/foaf/0.1/Person">
            <rdfs:seeAlso rdf:resource="http://data.linkedmdb.org/sparql?query=DESCRIBE+%3Chttp%3A%2F%2Fxmlns.com%2Ffoaf%2F0.1%2FPerson%3E"/>
          </rdf:Description>
        </rdf:type>
        <movie:performance rdf:resource="http://data.linkedmdb.org/resource/performance/58722"/>
        <movie:performance rdf:resource="http://data.linkedmdb.org/resource/performance/132778"/>
        <movie:performance rdf:resource="http://data.linkedmdb.org/resource/performance/93298"/>
        <movie:performance rdf:resource="http://data.linkedmdb.org/resource/performance/186762"/>
        <movie:performance rdf:resource="http://data.linkedmdb.org/resource/performance/147562"/>
        <movie:performance rdf:resource="http://data.linkedmdb.org/resource/performance/64901"/>
        <dbpedia:hasPhotoCollection>
          <rdf:Description rdf:about="http://www4.wiwiss.fu-berlin.de/flickrwrappr/photos/Robert_Preston_(actor)">
            <rdfs:seeAlso rdf:resource="http://data.linkedmdb.org/sparql?query=DESCRIBE+%3Chttp%3A%2F%2Fwww4.wiwiss.fu-berlin.de%2Fflickrwrappr%2Fphotos%2FRobert_Preston_%28actor%29%3E"/>
          </rdf:Description>
        </dbpedia:hasPhotoCollection>
        <movie:actor_name>Robert Preston</movie:actor_name>
        <movie:performance rdf:resource="http://data.linkedmdb.org/resource/performance/36549"/>
        <movie:performance rdf:resource="http://data.linkedmdb.org/resource/performance/109198"/>
        <movie:performance rdf:resource="http://data.linkedmdb.org/resource/performance/33582"/>
      </movie:actor>
    </movie:actor>
  </rdf:Description>
  <rdf:Description rdf:about="http://data.linkedmdb.org/resource/film/10914">
    <movie:actor rdf:resource="http://data.linkedmdb.org/resource/actor/162"/>
  </rdf:Description>
  <rdf:Description rdf:about="http://data.linkedmdb.org/resource/interlink/106775">
    <oddlinker:link_source rdf:resource="http://data.linkedmdb.org/resource/actor/162"/>
  </rdf:Description>
  <rdf:Description rdf:about="http://data.linkedmdb.org/resource/film/241">
    <movie:actor rdf:resource="http://data.linkedmdb.org/resource/actor/162"/>
  </rdf:Description>
  <rdf:Description rdf:about="http://data.linkedmdb.org/resource/film/174">
    <movie:actor rdf:resource="http://data.linkedmdb.org/resource/actor/162"/>
  </rdf:Description>
  <rdf:Description rdf:about="http://data.linkedmdb.org/resource/film/20015">
    <movie:actor rdf:resource="http://data.linkedmdb.org/resource/actor/162"/>
  </rdf:Description>
  <rdf:Description rdf:about="http://data.linkedmdb.org/resource/film/13647">
    <movie:actor rdf:resource="http://data.linkedmdb.org/resource/actor/162"/>
  </rdf:Description>
  <rdf:Description rdf:about="http://data.linkedmdb.org/resource/film/40928">
    <movie:actor rdf:resource="http://data.linkedmdb.org/resource/actor/162"/>
  </rdf:Description>
  <rdf:Description rdf:about="http://data.linkedmdb.org/resource/film/6812">
    <movie:actor rdf:resource="http://data.linkedmdb.org/resource/actor/162"/>
  </rdf:Description>
  <rdf:Description rdf:about="http://data.linkedmdb.org/resource/film/22904">
    <movie:actor rdf:resource="http://data.linkedmdb.org/resource/actor/162"/>
  </rdf:Description>
  <rdf:Description rdf:about="http://data.linkedmdb.org/resource/film/41629">
    <movie:actor rdf:resource="http://data.linkedmdb.org/resource/actor/162"/>
  </rdf:Description>
  <rdf:Description rdf:about="http://data.linkedmdb.org/resource/film/49141">
    <movie:actor rdf:resource="http://data.linkedmdb.org/resource/actor/162"/>
  </rdf:Description>
  <rdf:Description rdf:about="http://data.linkedmdb.org/resource/film/12506">
    <movie:actor rdf:resource="http://data.linkedmdb.org/resource/actor/162"/>
  </rdf:Description>
  <rdf:Description rdf:about="http://data.linkedmdb.org/resource/film/43000">
    <movie:actor rdf:resource="http://data.linkedmdb.org/resource/actor/162"/>
  </rdf:Description>
  <rdf:Description rdf:about="http://data.linkedmdb.org/resource/film/39211">
    <movie:actor rdf:resource="http://data.linkedmdb.org/resource/actor/162"/>
  </rdf:Description>
  <rdf:Description rdf:about="http://data.linkedmdb.org/resource/film/20432">
    <movie:actor rdf:resource="http://data.linkedmdb.org/resource/actor/162"/>
  </rdf:Description>
  <rdf:Description rdf:about="http://data.linkedmdb.org/resource/film/39046">
    <movie:actor rdf:resource="http://data.linkedmdb.org/resource/actor/162"/>
  </rdf:Description>
  <rdf:Description rdf:about="http://data.linkedmdb.org/resource/film/15551">
    <movie:actor rdf:resource="http://data.linkedmdb.org/resource/actor/162"/>
  </rdf:Description>
  <rdf:Description rdf:about="http://data.linkedmdb.org/resource/film/998">
    <movie:actor rdf:resource="http://data.linkedmdb.org/resource/actor/162"/>
  </rdf:Description>
  <rdf:Description rdf:about="http://data.linkedmdb.org/resource/film/42289">
    <movie:actor rdf:resource="http://data.linkedmdb.org/resource/actor/162"/>
  </rdf:Description>
  <rdf:Description rdf:about="http://data.linkedmdb.org/resource/film/13750">
    <movie:actor rdf:resource="http://data.linkedmdb.org/resource/actor/162"/>
  </rdf:Description>
  <rdf:Description rdf:about="http://data.linkedmdb.org/resource/film/5358">
    <movie:actor rdf:resource="http://data.linkedmdb.org/resource/actor/162"/>
  </rdf:Description>
  <rdf:Description rdf:about="http://data.linkedmdb.org/resource/interlink/94954">
    <oddlinker:link_source rdf:resource="http://data.linkedmdb.org/resource/actor/162"/>
  </rdf:Description>
  <rdf:Description rdf:about="http://data.linkedmdb.org/resource/film/61829">
    <movie:actor rdf:resource="http://data.linkedmdb.org/resource/actor/162"/>
  </rdf:Description>
  <rdf:Description rdf:about="http://data.linkedmdb.org/resource/film/56001">
    <movie:actor rdf:resource="http://data.linkedmdb.org/resource/actor/162"/>
  </rdf:Description>
  <rdf:Description rdf:about="http://data.linkedmdb.org/resource/film/16470">
    <movie:actor rdf:resource="http://data.linkedmdb.org/resource/actor/162"/>
  </rdf:Description>
  <rdf:Description rdf:about="http://data.linkedmdb.org/resource/film/7491">
    <movie:actor rdf:resource="http://data.linkedmdb.org/resource/actor/162"/>
  </rdf:Description>
  <rdf:Description rdf:about="http://data.linkedmdb.org/resource/film/54676">
    <movie:actor rdf:resource="http://data.linkedmdb.org/resource/actor/162"/>
  </rdf:Description>
  <rdf:Description rdf:about="http://data.linkedmdb.org/resource/interlink/118596">
    <oddlinker:link_source rdf:resource="http://data.linkedmdb.org/resource/actor/162"/>
  </rdf:Description>
  <rdf:Description rdf:about="http://data.linkedmdb.org/resource/film/42522">
    <movie:actor rdf:resource="http://data.linkedmdb.org/resource/actor/162"/>
  </rdf:Description>
  <rdf:Description rdf:about="http://data.linkedmdb.org/data/actor/162">
    <rdfs:comment>Contents of this file may include content from 
		      FreeBase (http://www.freebase.com) or Wikipedia 
		      (http://www.wikipedia.org) licensed under CC-BY
		      (http://www.freebase.com/view/common/license/cc_attribution_25)
		      or GFDL (http://en.wikipedia.org/wiki/Wikipedia:Text_of_the_GNU_Free_Documentation_License). 
		      Refer to http://www.linkedmdb.org:8080/Main/Licensing for more details.</rdfs:comment>
    <rdfs:label>RDF Description of Robert Preston (Actor)</rdfs:label>
    <foaf:primaryTopic rdf:resource="http://data.linkedmdb.org/resource/actor/162"/>
  </rdf:Description>
</rdf:RDF>
