<?xml version="1.0"?>
<rdf:RDF
    xmlns:dbpedia="http://dbpedia.org/property/"
    xmlns:skos="http://www.w3.org/2004/02/skos/core#"
    xmlns:oddlinker="http://data.linkedmdb.org/resource/oddlinker/"
    xmlns:db="http://data.linkedmdb.org/resource/"
    xmlns:movie="http://data.linkedmdb.org/resource/movie/"
    xmlns:rdf="http://www.w3.org/1999/02/22-rdf-syntax-ns#"
    xmlns:map="file:/C:/d2r-server-0.4/mapping.n3#"
    xmlns:foaf="http://xmlns.com/foaf/0.1/"
    xmlns:d2r="http://sites.wiwiss.fu-berlin.de/suhl/bizer/d2r-server/config.rdf#"
    xmlns:owl="http://www.w3.org/2002/07/owl#"
    xmlns:dc="http://purl.org/dc/terms/"
    xmlns:xsd="http://www.w3.org/2001/XMLSchema#"
    xmlns:rdfs="http://www.w3.org/2000/01/rdf-schema#">
  <movie:actor rdf:about="http://data.linkedmdb.org/resource/actor/11272">
    <movie:performance rdf:resource="http://data.linkedmdb.org/resource/performance/82111"/>
    <movie:performance rdf:resource="http://data.linkedmdb.org/resource/performance/96794"/>
    <dbpedia:hasPhotoCollection>
      <rdf:Description rdf:about="http://www4.wiwiss.fu-berlin.de/flickrwrappr/photos/Joe_Keaton">
        <rdfs:seeAlso rdf:resource="http://data.linkedmdb.org/sparql?query=DESCRIBE+%3Chttp%3A%2F%2Fwww4.wiwiss.fu-berlin.de%2Fflickrwrappr%2Fphotos%2FJoe_Keaton%3E"/>
      </rdf:Description>
    </dbpedia:hasPhotoCollection>
    <movie:performance rdf:resource="http://data.linkedmdb.org/resource/performance/85489"/>
    <foaf:page>
      <rdf:Description rdf:about="http://www.freebase.com/view/guid/9202a8c04000641f8000000005bf6094">
        <rdfs:seeAlso rdf:resource="http://data.linkedmdb.org/sparql?query=DESCRIBE+%3Chttp%3A%2F%2Fwww.freebase.com%2Fview%2Fguid%2F9202a8c04000641f8000000005bf6094%3E"/>
      </rdf:Description>
    </foaf:page>
    <rdfs:label>Joe Keaton (Actor)</rdfs:label>
    <movie:performance rdf:resource="http://data.linkedmdb.org/resource/performance/82523"/>
    <owl:sameAs>
      <rdf:Description rdf:about="http://mpii.de/yago/resource/Joe_Keaton">
        <rdfs:seeAlso rdf:resource="http://data.linkedmdb.org/sparql?query=DESCRIBE+%3Chttp%3A%2F%2Fmpii.de%2Fyago%2Fresource%2FJoe_Keaton%3E"/>
      </rdf:Description>
    </owl:sameAs>
    <owl:sameAs>
      <rdf:Description rdf:about="http://dbpedia.org/resource/Joe_Keaton">
        <rdfs:seeAlso rdf:resource="http://data.linkedmdb.org/sparql?query=DESCRIBE+%3Chttp%3A%2F%2Fdbpedia.org%2Fresource%2FJoe_Keaton%3E"/>
      </rdf:Description>
    </owl:sameAs>
    <rdf:type>
      <rdf:Description rdf:about="http://xmlns.com/foaf/0.1/Person">
        <rdfs:seeAlso rdf:resource="http://data.linkedmdb.org/sparql?query=DESCRIBE+%3Chttp%3A%2F%2Fxmlns.com%2Ffoaf%2F0.1%2FPerson%3E"/>
      </rdf:Description>
    </rdf:type>
    <movie:performance rdf:resource="http://data.linkedmdb.org/resource/performance/88785"/>
    <movie:performance rdf:resource="http://data.linkedmdb.org/resource/performance/82286"/>
    <movie:performance rdf:resource="http://data.linkedmdb.org/resource/performance/87541"/>
    <movie:actor_name>Joe Keaton</movie:actor_name>
    <movie:actor_actorid rdf:datatype="http://www.w3.org/2001/XMLSchema#int"
    >11272</movie:actor_actorid>
    <movie:performance rdf:resource="http://data.linkedmdb.org/resource/performance/89715"/>
  </movie:actor>
  <rdf:Description rdf:about="http://data.linkedmdb.org/resource/film/216">
    <movie:actor rdf:resource="http://data.linkedmdb.org/resource/actor/11272"/>
  </rdf:Description>
  <rdf:Description rdf:about="http://data.linkedmdb.org/resource/interlink/90546">
    <oddlinker:link_source rdf:resource="http://data.linkedmdb.org/resource/actor/11272"/>
  </rdf:Description>
  <rdf:Description rdf:about="http://data.linkedmdb.org/data/actor/11272">
    <rdfs:comment>Contents of this file may include content from 
		      FreeBase (http://www.freebase.com) or Wikipedia 
		      (http://www.wikipedia.org) licensed under CC-BY
		      (http://www.freebase.com/view/common/license/cc_attribution_25)
		      or GFDL (http://en.wikipedia.org/wiki/Wikipedia:Text_of_the_GNU_Free_Documentation_License). 
		      Refer to http://www.linkedmdb.org:8080/Main/Licensing for more details.</rdfs:comment>
    <rdfs:label>RDF Description of Joe Keaton (Actor)</rdfs:label>
    <foaf:primaryTopic rdf:resource="http://data.linkedmdb.org/resource/actor/11272"/>
  </rdf:Description>
  <rdf:Description rdf:about="http://data.linkedmdb.org/resource/interlink/114188">
    <oddlinker:link_source rdf:resource="http://data.linkedmdb.org/resource/actor/11272"/>
  </rdf:Description>
  <rdf:Description rdf:about="http://data.linkedmdb.org/resource/film/8021">
    <movie:actor rdf:resource="http://data.linkedmdb.org/resource/actor/11272"/>
  </rdf:Description>
  <rdf:Description rdf:about="http://data.linkedmdb.org/resource/film/7663">
    <movie:actor rdf:resource="http://data.linkedmdb.org/resource/actor/11272"/>
  </rdf:Description>
  <rdf:Description rdf:about="http://data.linkedmdb.org/resource/film/9150">
    <movie:actor rdf:resource="http://data.linkedmdb.org/resource/actor/11272"/>
  </rdf:Description>
  <rdf:Description rdf:about="http://data.linkedmdb.org/resource/film/43766">
    <movie:actor rdf:resource="http://data.linkedmdb.org/resource/actor/11272"/>
  </rdf:Description>
  <rdf:Description rdf:about="http://data.linkedmdb.org/resource/film/7665">
    <movie:actor rdf:resource="http://data.linkedmdb.org/resource/actor/11272"/>
  </rdf:Description>
  <rdf:Description rdf:about="http://data.linkedmdb.org/resource/interlink/102367">
    <oddlinker:link_source rdf:resource="http://data.linkedmdb.org/resource/actor/11272"/>
  </rdf:Description>
  <rdf:Description rdf:about="http://data.linkedmdb.org/resource/film/15760">
    <movie:actor rdf:resource="http://data.linkedmdb.org/resource/actor/11272"/>
  </rdf:Description>
  <rdf:Description rdf:about="http://data.linkedmdb.org/resource/film/47892">
    <movie:actor rdf:resource="http://data.linkedmdb.org/resource/actor/11272"/>
  </rdf:Description>
</rdf:RDF>
