<?xml version="1.0"?>
<rdf:RDF
    xmlns:dbpedia="http://dbpedia.org/property/"
    xmlns:skos="http://www.w3.org/2004/02/skos/core#"
    xmlns:oddlinker="http://data.linkedmdb.org/resource/oddlinker/"
    xmlns:db="http://data.linkedmdb.org/resource/"
    xmlns:movie="http://data.linkedmdb.org/resource/movie/"
    xmlns:rdf="http://www.w3.org/1999/02/22-rdf-syntax-ns#"
    xmlns:map="file:/C:/d2r-server-0.4/mapping.n3#"
    xmlns:foaf="http://xmlns.com/foaf/0.1/"
    xmlns:d2r="http://sites.wiwiss.fu-berlin.de/suhl/bizer/d2r-server/config.rdf#"
    xmlns:owl="http://www.w3.org/2002/07/owl#"
    xmlns:dc="http://purl.org/dc/terms/"
    xmlns:xsd="http://www.w3.org/2001/XMLSchema#"
    xmlns:rdfs="http://www.w3.org/2000/01/rdf-schema#">
  <rdf:Description rdf:about="http://data.linkedmdb.org/resource/film/44353">
    <movie:actor>
      <movie:actor rdf:about="http://data.linkedmdb.org/resource/actor/10844">
        <owl:sameAs>
          <rdf:Description rdf:about="http://dbpedia.org/resource/Sushma_Seth">
            <rdfs:seeAlso rdf:resource="http://data.linkedmdb.org/sparql?query=DESCRIBE+%3Chttp%3A%2F%2Fdbpedia.org%2Fresource%2FSushma_Seth%3E"/>
          </rdf:Description>
        </owl:sameAs>
        <movie:performance rdf:resource="http://data.linkedmdb.org/resource/performance/78213"/>
        <movie:performance rdf:resource="http://data.linkedmdb.org/resource/performance/89587"/>
        <movie:performance rdf:resource="http://data.linkedmdb.org/resource/performance/81940"/>
        <movie:performance rdf:resource="http://data.linkedmdb.org/resource/performance/77412"/>
        <movie:performance rdf:resource="http://data.linkedmdb.org/resource/performance/49710"/>
        <movie:performance rdf:resource="http://data.linkedmdb.org/resource/performance/77030"/>
        <owl:sameAs>
          <rdf:Description rdf:about="http://mpii.de/yago/resource/Sushma_Seth">
            <rdfs:seeAlso rdf:resource="http://data.linkedmdb.org/sparql?query=DESCRIBE+%3Chttp%3A%2F%2Fmpii.de%2Fyago%2Fresource%2FSushma_Seth%3E"/>
          </rdf:Description>
        </owl:sameAs>
        <movie:performance rdf:resource="http://data.linkedmdb.org/resource/performance/85714"/>
        <movie:actor_actorid rdf:datatype="http://www.w3.org/2001/XMLSchema#int"
        >10844</movie:actor_actorid>
        <movie:performance rdf:resource="http://data.linkedmdb.org/resource/performance/89879"/>
        <rdfs:label>Sushma Seth (Actor)</rdfs:label>
        <movie:actor_name>Sushma Seth</movie:actor_name>
        <movie:performance rdf:resource="http://data.linkedmdb.org/resource/performance/42731"/>
        <movie:performance rdf:resource="http://data.linkedmdb.org/resource/performance/79308"/>
        <movie:performance rdf:resource="http://data.linkedmdb.org/resource/performance/78343"/>
        <movie:performance rdf:resource="http://data.linkedmdb.org/resource/performance/67618"/>
        <movie:performance rdf:resource="http://data.linkedmdb.org/resource/performance/65425"/>
        <movie:performance rdf:resource="http://data.linkedmdb.org/resource/performance/77318"/>
        <foaf:page>
          <rdf:Description rdf:about="http://www.freebase.com/view/guid/9202a8c04000641f800000000564a382">
            <rdfs:seeAlso rdf:resource="http://data.linkedmdb.org/sparql?query=DESCRIBE+%3Chttp%3A%2F%2Fwww.freebase.com%2Fview%2Fguid%2F9202a8c04000641f800000000564a382%3E"/>
          </rdf:Description>
        </foaf:page>
        <movie:performance rdf:resource="http://data.linkedmdb.org/resource/performance/75100"/>
        <rdf:type>
          <rdf:Description rdf:about="http://xmlns.com/foaf/0.1/Person">
            <rdfs:seeAlso rdf:resource="http://data.linkedmdb.org/sparql?query=DESCRIBE+%3Chttp%3A%2F%2Fxmlns.com%2Ffoaf%2F0.1%2FPerson%3E"/>
          </rdf:Description>
        </rdf:type>
        <movie:performance rdf:resource="http://data.linkedmdb.org/resource/performance/78904"/>
        <dbpedia:hasPhotoCollection>
          <rdf:Description rdf:about="http://www4.wiwiss.fu-berlin.de/flickrwrappr/photos/Sushma_Seth">
            <rdfs:seeAlso rdf:resource="http://data.linkedmdb.org/sparql?query=DESCRIBE+%3Chttp%3A%2F%2Fwww4.wiwiss.fu-berlin.de%2Fflickrwrappr%2Fphotos%2FSushma_Seth%3E"/>
          </rdf:Description>
        </dbpedia:hasPhotoCollection>
      </movie:actor>
    </movie:actor>
  </rdf:Description>
  <rdf:Description rdf:about="http://data.linkedmdb.org/resource/film/1114">
    <movie:actor rdf:resource="http://data.linkedmdb.org/resource/actor/10844"/>
  </rdf:Description>
  <rdf:Description rdf:about="http://data.linkedmdb.org/resource/film/46012">
    <movie:actor rdf:resource="http://data.linkedmdb.org/resource/actor/10844"/>
  </rdf:Description>
  <rdf:Description rdf:about="http://data.linkedmdb.org/resource/film/49097">
    <movie:actor rdf:resource="http://data.linkedmdb.org/resource/actor/10844"/>
  </rdf:Description>
  <rdf:Description rdf:about="http://data.linkedmdb.org/resource/film/41546">
    <movie:actor rdf:resource="http://data.linkedmdb.org/resource/actor/10844"/>
  </rdf:Description>
  <rdf:Description rdf:about="http://data.linkedmdb.org/resource/film/44694">
    <movie:actor rdf:resource="http://data.linkedmdb.org/resource/actor/10844"/>
  </rdf:Description>
  <rdf:Description rdf:about="http://data.linkedmdb.org/resource/film/16604">
    <movie:actor rdf:resource="http://data.linkedmdb.org/resource/actor/10844"/>
  </rdf:Description>
  <rdf:Description rdf:about="http://data.linkedmdb.org/resource/film/17388">
    <movie:actor rdf:resource="http://data.linkedmdb.org/resource/actor/10844"/>
  </rdf:Description>
  <rdf:Description rdf:about="http://data.linkedmdb.org/resource/interlink/96049">
    <oddlinker:link_source rdf:resource="http://data.linkedmdb.org/resource/actor/10844"/>
  </rdf:Description>
  <rdf:Description rdf:about="http://data.linkedmdb.org/resource/film/16990">
    <movie:actor rdf:resource="http://data.linkedmdb.org/resource/actor/10844"/>
  </rdf:Description>
  <rdf:Description rdf:about="http://data.linkedmdb.org/resource/interlink/119691">
    <oddlinker:link_source rdf:resource="http://data.linkedmdb.org/resource/actor/10844"/>
  </rdf:Description>
  <rdf:Description rdf:about="http://data.linkedmdb.org/data/actor/10844">
    <rdfs:comment>Contents of this file may include content from 
		      FreeBase (http://www.freebase.com) or Wikipedia 
		      (http://www.wikipedia.org) licensed under CC-BY
		      (http://www.freebase.com/view/common/license/cc_attribution_25)
		      or GFDL (http://en.wikipedia.org/wiki/Wikipedia:Text_of_the_GNU_Free_Documentation_License). 
		      Refer to http://www.linkedmdb.org:8080/Main/Licensing for more details.</rdfs:comment>
    <rdfs:label>RDF Description of Sushma Seth (Actor)</rdfs:label>
    <foaf:primaryTopic rdf:resource="http://data.linkedmdb.org/resource/actor/10844"/>
  </rdf:Description>
  <rdf:Description rdf:about="http://data.linkedmdb.org/resource/film/13890">
    <movie:actor rdf:resource="http://data.linkedmdb.org/resource/actor/10844"/>
  </rdf:Description>
  <rdf:Description rdf:about="http://data.linkedmdb.org/resource/film/46214">
    <movie:actor rdf:resource="http://data.linkedmdb.org/resource/actor/10844"/>
  </rdf:Description>
  <rdf:Description rdf:about="http://data.linkedmdb.org/resource/film/11655">
    <movie:actor rdf:resource="http://data.linkedmdb.org/resource/actor/10844"/>
  </rdf:Description>
  <rdf:Description rdf:about="http://data.linkedmdb.org/resource/film/39714">
    <movie:actor rdf:resource="http://data.linkedmdb.org/resource/actor/10844"/>
  </rdf:Description>
  <rdf:Description rdf:about="http://data.linkedmdb.org/resource/interlink/107870">
    <oddlinker:link_source rdf:resource="http://data.linkedmdb.org/resource/actor/10844"/>
  </rdf:Description>
  <rdf:Description rdf:about="http://data.linkedmdb.org/resource/film/47681">
    <movie:actor rdf:resource="http://data.linkedmdb.org/resource/actor/10844"/>
  </rdf:Description>
  <rdf:Description rdf:about="http://data.linkedmdb.org/resource/film/3806">
    <movie:actor rdf:resource="http://data.linkedmdb.org/resource/actor/10844"/>
  </rdf:Description>
  <rdf:Description rdf:about="http://data.linkedmdb.org/resource/film/4304">
    <movie:actor rdf:resource="http://data.linkedmdb.org/resource/actor/10844"/>
  </rdf:Description>
</rdf:RDF>
