<?xml version="1.0"?>
<rdf:RDF
    xmlns:dbpedia="http://dbpedia.org/property/"
    xmlns:skos="http://www.w3.org/2004/02/skos/core#"
    xmlns:oddlinker="http://data.linkedmdb.org/resource/oddlinker/"
    xmlns:db="http://data.linkedmdb.org/resource/"
    xmlns:movie="http://data.linkedmdb.org/resource/movie/"
    xmlns:rdf="http://www.w3.org/1999/02/22-rdf-syntax-ns#"
    xmlns:map="file:/C:/d2r-server-0.4/mapping.n3#"
    xmlns:foaf="http://xmlns.com/foaf/0.1/"
    xmlns:d2r="http://sites.wiwiss.fu-berlin.de/suhl/bizer/d2r-server/config.rdf#"
    xmlns:owl="http://www.w3.org/2002/07/owl#"
    xmlns:dc="http://purl.org/dc/terms/"
    xmlns:xsd="http://www.w3.org/2001/XMLSchema#"
    xmlns:rdfs="http://www.w3.org/2000/01/rdf-schema#">
  <rdf:Description rdf:about="http://xmlns.com/foaf/0.1/Person">
    <rdfs:seeAlso rdf:resource="http://data.linkedmdb.org/sparql?query=DESCRIBE+%3Chttp%3A%2F%2Fxmlns.com%2Ffoaf%2F0.1%2FPerson%3E"/>
  </rdf:Description>
  <rdf:Description rdf:about="http://data.linkedmdb.org/resource/film/3341">
    <movie:actor>
      <foaf:Person rdf:about="http://data.linkedmdb.org/resource/actor/209">
        <movie:performance rdf:resource="http://data.linkedmdb.org/resource/performance/134138"/>
        <movie:performance rdf:resource="http://data.linkedmdb.org/resource/performance/109173"/>
        <movie:performance rdf:resource="http://data.linkedmdb.org/resource/performance/77034"/>
        <movie:performance rdf:resource="http://data.linkedmdb.org/resource/performance/83923"/>
        <movie:performance rdf:resource="http://data.linkedmdb.org/resource/performance/88196"/>
        <movie:performance rdf:resource="http://data.linkedmdb.org/resource/performance/109170"/>
        <movie:performance rdf:resource="http://data.linkedmdb.org/resource/performance/78036"/>
        <movie:performance rdf:resource="http://data.linkedmdb.org/resource/performance/108771"/>
        <movie:performance rdf:resource="http://data.linkedmdb.org/resource/performance/76753"/>
        <movie:performance rdf:resource="http://data.linkedmdb.org/resource/performance/86083"/>
        <movie:performance rdf:resource="http://data.linkedmdb.org/resource/performance/81934"/>
        <movie:performance rdf:resource="http://data.linkedmdb.org/resource/performance/23942"/>
        <movie:actor_actorid rdf:datatype="http://www.w3.org/2001/XMLSchema#int"
        >209</movie:actor_actorid>
        <owl:sameAs>
          <rdf:Description rdf:about="http://dbpedia.org/resource/Charles_Napier_%28actor%29">
            <rdfs:seeAlso rdf:resource="http://data.linkedmdb.org/sparql?query=DESCRIBE+%3Chttp%3A%2F%2Fdbpedia.org%2Fresource%2FCharles_Napier_%2528actor%2529%3E"/>
          </rdf:Description>
        </owl:sameAs>
        <movie:performance rdf:resource="http://data.linkedmdb.org/resource/performance/108754"/>
        <rdfs:label>Charles Napier (Actor)</rdfs:label>
        <owl:sameAs>
          <rdf:Description rdf:about="http://mpii.de/yago/resource/Charles_Napier_%28actor%29">
            <rdfs:seeAlso rdf:resource="http://data.linkedmdb.org/sparql?query=DESCRIBE+%3Chttp%3A%2F%2Fmpii.de%2Fyago%2Fresource%2FCharles_Napier_%2528actor%2529%3E"/>
          </rdf:Description>
        </owl:sameAs>
        <dbpedia:hasPhotoCollection>
          <rdf:Description rdf:about="http://www4.wiwiss.fu-berlin.de/flickrwrappr/photos/Charles_Napier_(actor)">
            <rdfs:seeAlso rdf:resource="http://data.linkedmdb.org/sparql?query=DESCRIBE+%3Chttp%3A%2F%2Fwww4.wiwiss.fu-berlin.de%2Fflickrwrappr%2Fphotos%2FCharles_Napier_%28actor%29%3E"/>
          </rdf:Description>
        </dbpedia:hasPhotoCollection>
        <foaf:page>
          <rdf:Description rdf:about="http://www.freebase.com/view/guid/9202a8c04000641f80000000002f5cbb">
            <rdfs:seeAlso rdf:resource="http://data.linkedmdb.org/sparql?query=DESCRIBE+%3Chttp%3A%2F%2Fwww.freebase.com%2Fview%2Fguid%2F9202a8c04000641f80000000002f5cbb%3E"/>
          </rdf:Description>
        </foaf:page>
        <movie:performance rdf:resource="http://data.linkedmdb.org/resource/performance/86321"/>
        <movie:performance rdf:resource="http://data.linkedmdb.org/resource/performance/108713"/>
        <rdf:type rdf:resource="http://data.linkedmdb.org/resource/movie/actor"/>
        <movie:performance rdf:resource="http://data.linkedmdb.org/resource/performance/81139"/>
        <movie:performance rdf:resource="http://data.linkedmdb.org/resource/performance/154288"/>
        <movie:actor_name>Charles Napier</movie:actor_name>
        <movie:performance rdf:resource="http://data.linkedmdb.org/resource/performance/28251"/>
      </foaf:Person>
    </movie:actor>
  </rdf:Description>
  <rdf:Description rdf:about="http://data.linkedmdb.org/resource/film/40340">
    <movie:actor rdf:resource="http://data.linkedmdb.org/resource/actor/209"/>
  </rdf:Description>
  <rdf:Description rdf:about="http://data.linkedmdb.org/resource/interlink/86954">
    <oddlinker:link_source rdf:resource="http://data.linkedmdb.org/resource/actor/209"/>
  </rdf:Description>
  <rdf:Description rdf:about="http://data.linkedmdb.org/resource/film/54903">
    <movie:actor rdf:resource="http://data.linkedmdb.org/resource/actor/209"/>
  </rdf:Description>
  <rdf:Description rdf:about="http://data.linkedmdb.org/resource/film/40856">
    <movie:actor rdf:resource="http://data.linkedmdb.org/resource/actor/209"/>
  </rdf:Description>
  <rdf:Description rdf:about="http://data.linkedmdb.org/resource/film/44724">
    <movie:actor rdf:resource="http://data.linkedmdb.org/resource/actor/209"/>
  </rdf:Description>
  <rdf:Description rdf:about="http://data.linkedmdb.org/resource/film/1646">
    <movie:actor rdf:resource="http://data.linkedmdb.org/resource/actor/209"/>
  </rdf:Description>
  <rdf:Description rdf:about="http://data.linkedmdb.org/resource/film/38145">
    <movie:actor rdf:resource="http://data.linkedmdb.org/resource/actor/209"/>
  </rdf:Description>
  <rdf:Description rdf:about="http://data.linkedmdb.org/data/actor/209">
    <rdfs:comment>Contents of this file may include content from 
		      FreeBase (http://www.freebase.com) or Wikipedia 
		      (http://www.wikipedia.org) licensed under CC-BY
		      (http://www.freebase.com/view/common/license/cc_attribution_25)
		      or GFDL (http://en.wikipedia.org/wiki/Wikipedia:Text_of_the_GNU_Free_Documentation_License). 
		      Refer to http://www.linkedmdb.org:8080/Main/Licensing for more details.</rdfs:comment>
    <rdfs:label>RDF Description of Charles Napier (Actor)</rdfs:label>
    <foaf:primaryTopic rdf:resource="http://data.linkedmdb.org/resource/actor/209"/>
  </rdf:Description>
  <rdf:Description rdf:about="http://data.linkedmdb.org/resource/film/44156">
    <movie:actor rdf:resource="http://data.linkedmdb.org/resource/actor/209"/>
  </rdf:Description>
  <rdf:Description rdf:about="http://data.linkedmdb.org/resource/interlink/98775">
    <oddlinker:link_source rdf:resource="http://data.linkedmdb.org/resource/actor/209"/>
  </rdf:Description>
  <rdf:Description rdf:about="http://data.linkedmdb.org/resource/film/1115">
    <movie:actor rdf:resource="http://data.linkedmdb.org/resource/actor/209"/>
  </rdf:Description>
  <rdf:Description rdf:about="http://data.linkedmdb.org/resource/film/42880">
    <movie:actor rdf:resource="http://data.linkedmdb.org/resource/actor/209"/>
  </rdf:Description>
  <rdf:Description rdf:about="http://data.linkedmdb.org/resource/film/44187">
    <movie:actor rdf:resource="http://data.linkedmdb.org/resource/actor/209"/>
  </rdf:Description>
  <rdf:Description rdf:about="http://data.linkedmdb.org/resource/interlink/110596">
    <oddlinker:link_source rdf:resource="http://data.linkedmdb.org/resource/actor/209"/>
  </rdf:Description>
  <rdf:Description rdf:about="http://data.linkedmdb.org/resource/film/6509">
    <movie:actor rdf:resource="http://data.linkedmdb.org/resource/actor/209"/>
  </rdf:Description>
  <rdf:Description rdf:about="http://data.linkedmdb.org/resource/film/42830">
    <movie:actor rdf:resource="http://data.linkedmdb.org/resource/actor/209"/>
  </rdf:Description>
  <rdf:Description rdf:about="http://data.linkedmdb.org/resource/film/1848">
    <movie:actor rdf:resource="http://data.linkedmdb.org/resource/actor/209"/>
  </rdf:Description>
  <rdf:Description rdf:about="http://data.linkedmdb.org/resource/film/21509">
    <movie:actor rdf:resource="http://data.linkedmdb.org/resource/actor/209"/>
  </rdf:Description>
  <rdf:Description rdf:about="http://data.linkedmdb.org/resource/film/21246">
    <movie:actor rdf:resource="http://data.linkedmdb.org/resource/actor/209"/>
  </rdf:Description>
  <rdf:Description rdf:about="http://data.linkedmdb.org/resource/film/42376">
    <movie:actor rdf:resource="http://data.linkedmdb.org/resource/actor/209"/>
  </rdf:Description>
  <rdf:Description rdf:about="http://data.linkedmdb.org/resource/film/5498">
    <movie:actor rdf:resource="http://data.linkedmdb.org/resource/actor/209"/>
  </rdf:Description>
</rdf:RDF>
