<?xml version="1.0"?>
<rdf:RDF
    xmlns:dbpedia="http://dbpedia.org/property/"
    xmlns:skos="http://www.w3.org/2004/02/skos/core#"
    xmlns:oddlinker="http://data.linkedmdb.org/resource/oddlinker/"
    xmlns:db="http://data.linkedmdb.org/resource/"
    xmlns:movie="http://data.linkedmdb.org/resource/movie/"
    xmlns:rdf="http://www.w3.org/1999/02/22-rdf-syntax-ns#"
    xmlns:map="file:/C:/d2r-server-0.4/mapping.n3#"
    xmlns:foaf="http://xmlns.com/foaf/0.1/"
    xmlns:d2r="http://sites.wiwiss.fu-berlin.de/suhl/bizer/d2r-server/config.rdf#"
    xmlns:owl="http://www.w3.org/2002/07/owl#"
    xmlns:dc="http://purl.org/dc/terms/"
    xmlns:xsd="http://www.w3.org/2001/XMLSchema#"
    xmlns:rdfs="http://www.w3.org/2000/01/rdf-schema#">
  <rdf:Description rdf:about="http://www.freebase.com/view/guid/9202a8c04000641f8000000000a92b91">
    <rdfs:seeAlso rdf:resource="http://data.linkedmdb.org/sparql?query=DESCRIBE+%3Chttp%3A%2F%2Fwww.freebase.com%2Fview%2Fguid%2F9202a8c04000641f8000000000a92b91%3E"/>
  </rdf:Description>
  <rdf:Description rdf:about="http://data.linkedmdb.org/resource/film/66025">
    <movie:actor>
      <foaf:Person rdf:about="http://data.linkedmdb.org/resource/actor/1040">
        <movie:performance rdf:resource="http://data.linkedmdb.org/resource/performance/114174"/>
        <movie:performance rdf:resource="http://data.linkedmdb.org/resource/performance/87949"/>
        <movie:performance rdf:resource="http://data.linkedmdb.org/resource/performance/95758"/>
        <movie:performance rdf:resource="http://data.linkedmdb.org/resource/performance/84565"/>
        <movie:performance rdf:resource="http://data.linkedmdb.org/resource/performance/117224"/>
        <movie:performance rdf:resource="http://data.linkedmdb.org/resource/performance/143294"/>
        <movie:performance rdf:resource="http://data.linkedmdb.org/resource/performance/99410"/>
        <movie:performance rdf:resource="http://data.linkedmdb.org/resource/performance/147963"/>
        <movie:performance rdf:resource="http://data.linkedmdb.org/resource/performance/14693"/>
        <rdfs:label>Taraji P. Henson (Actor)</rdfs:label>
        <movie:actor_name>Taraji P. Henson</movie:actor_name>
        <owl:sameAs>
          <rdf:Description rdf:about="http://dbpedia.org/resource/Taraji_P._Henson">
            <rdfs:seeAlso rdf:resource="http://data.linkedmdb.org/sparql?query=DESCRIBE+%3Chttp%3A%2F%2Fdbpedia.org%2Fresource%2FTaraji_P._Henson%3E"/>
          </rdf:Description>
        </owl:sameAs>
        <movie:performance rdf:resource="http://data.linkedmdb.org/resource/performance/184655"/>
        <movie:performance rdf:resource="http://data.linkedmdb.org/resource/performance/102450"/>
        <foaf:page rdf:resource="http://www.freebase.com/view/guid/9202a8c04000641f8000000000a92b91"/>
        <owl:sameAs>
          <rdf:Description rdf:about="http://mpii.de/yago/resource/Taraji_P._Henson">
            <rdfs:seeAlso rdf:resource="http://data.linkedmdb.org/sparql?query=DESCRIBE+%3Chttp%3A%2F%2Fmpii.de%2Fyago%2Fresource%2FTaraji_P._Henson%3E"/>
          </rdf:Description>
        </owl:sameAs>
        <rdf:type rdf:resource="http://data.linkedmdb.org/resource/movie/actor"/>
        <dbpedia:hasPhotoCollection>
          <rdf:Description rdf:about="http://www4.wiwiss.fu-berlin.de/flickrwrappr/photos/Taraji_P._Henson">
            <rdfs:seeAlso rdf:resource="http://data.linkedmdb.org/sparql?query=DESCRIBE+%3Chttp%3A%2F%2Fwww4.wiwiss.fu-berlin.de%2Fflickrwrappr%2Fphotos%2FTaraji_P._Henson%3E"/>
          </rdf:Description>
        </dbpedia:hasPhotoCollection>
        <movie:performance rdf:resource="http://data.linkedmdb.org/resource/performance/77111"/>
        <movie:performance rdf:resource="http://data.linkedmdb.org/resource/performance/3253"/>
        <movie:performance rdf:resource="http://data.linkedmdb.org/resource/performance/149570"/>
        <movie:performance rdf:resource="http://data.linkedmdb.org/resource/performance/147656"/>
        <movie:performance rdf:resource="http://data.linkedmdb.org/resource/performance/186251"/>
        <movie:actor_actorid rdf:datatype="http://www.w3.org/2001/XMLSchema#int"
        >1040</movie:actor_actorid>
      </foaf:Person>
    </movie:actor>
  </rdf:Description>
  <rdf:Description rdf:about="http://data.linkedmdb.org/resource/film/3432">
    <movie:actor rdf:resource="http://data.linkedmdb.org/resource/actor/1040"/>
  </rdf:Description>
  <rdf:Description rdf:about="http://data.linkedmdb.org/resource/film/96301">
    <movie:actor rdf:resource="http://data.linkedmdb.org/resource/actor/1040"/>
  </rdf:Description>
  <rdf:Description rdf:about="http://data.linkedmdb.org/resource/film/9470">
    <movie:actor rdf:resource="http://data.linkedmdb.org/resource/actor/1040"/>
  </rdf:Description>
  <rdf:Description rdf:about="http://data.linkedmdb.org/resource/film/14830">
    <movie:actor rdf:resource="http://data.linkedmdb.org/resource/actor/1040"/>
  </rdf:Description>
  <rdf:Description rdf:about="http://data.linkedmdb.org/resource/film/71379">
    <movie:actor rdf:resource="http://data.linkedmdb.org/resource/actor/1040"/>
  </rdf:Description>
  <rdf:Description rdf:about="http://xmlns.com/foaf/0.1/Person">
    <rdfs:seeAlso rdf:resource="http://data.linkedmdb.org/sparql?query=DESCRIBE+%3Chttp%3A%2F%2Fxmlns.com%2Ffoaf%2F0.1%2FPerson%3E"/>
  </rdf:Description>
  <rdf:Description rdf:about="http://data.linkedmdb.org/resource/interlink/107802">
    <oddlinker:link_source rdf:resource="http://data.linkedmdb.org/resource/actor/1040"/>
  </rdf:Description>
  <rdf:Description rdf:about="http://data.linkedmdb.org/resource/film/9656">
    <movie:actor rdf:resource="http://data.linkedmdb.org/resource/actor/1040"/>
  </rdf:Description>
  <rdf:Description rdf:about="http://data.linkedmdb.org/resource/film/54556">
    <movie:actor rdf:resource="http://data.linkedmdb.org/resource/actor/1040"/>
  </rdf:Description>
  <rdf:Description rdf:about="http://data.linkedmdb.org/resource/interlink/119623">
    <oddlinker:link_source rdf:resource="http://data.linkedmdb.org/resource/actor/1040"/>
  </rdf:Description>
  <rdf:Description rdf:about="http://data.linkedmdb.org/data/actor/1040">
    <rdfs:comment>Contents of this file may include content from 
		      FreeBase (http://www.freebase.com) or Wikipedia 
		      (http://www.wikipedia.org) licensed under CC-BY
		      (http://www.freebase.com/view/common/license/cc_attribution_25)
		      or GFDL (http://en.wikipedia.org/wiki/Wikipedia:Text_of_the_GNU_Free_Documentation_License). 
		      Refer to http://www.linkedmdb.org:8080/Main/Licensing for more details.</rdfs:comment>
    <rdfs:label>RDF Description of Taraji P. Henson (Actor)</rdfs:label>
    <foaf:primaryTopic rdf:resource="http://data.linkedmdb.org/resource/actor/1040"/>
  </rdf:Description>
  <rdf:Description rdf:about="http://data.linkedmdb.org/resource/film/73265">
    <movie:actor rdf:resource="http://data.linkedmdb.org/resource/actor/1040"/>
  </rdf:Description>
  <rdf:Description rdf:about="http://data.linkedmdb.org/resource/film/10746">
    <movie:actor rdf:resource="http://data.linkedmdb.org/resource/actor/1040"/>
  </rdf:Description>
  <rdf:Description rdf:about="http://data.linkedmdb.org/resource/interlink/95981">
    <oddlinker:link_source rdf:resource="http://data.linkedmdb.org/resource/actor/1040"/>
  </rdf:Description>
  <rdf:Description rdf:about="http://data.linkedmdb.org/resource/film/21931">
    <movie:actor rdf:resource="http://data.linkedmdb.org/resource/actor/1040"/>
  </rdf:Description>
  <rdf:Description rdf:about="http://data.linkedmdb.org/resource/film/49124">
    <movie:actor rdf:resource="http://data.linkedmdb.org/resource/actor/1040"/>
  </rdf:Description>
  <rdf:Description rdf:about="http://data.linkedmdb.org/resource/film/385">
    <movie:actor rdf:resource="http://data.linkedmdb.org/resource/actor/1040"/>
  </rdf:Description>
  <rdf:Description rdf:about="http://data.linkedmdb.org/resource/film/5781">
    <movie:actor rdf:resource="http://data.linkedmdb.org/resource/actor/1040"/>
  </rdf:Description>
  <rdf:Description rdf:about="http://data.linkedmdb.org/resource/film/5833">
    <movie:actor rdf:resource="http://data.linkedmdb.org/resource/actor/1040"/>
  </rdf:Description>
</rdf:RDF>
