<?xml version="1.0"?>
<rdf:RDF
    xmlns:dbpedia="http://dbpedia.org/property/"
    xmlns:skos="http://www.w3.org/2004/02/skos/core#"
    xmlns:oddlinker="http://data.linkedmdb.org/resource/oddlinker/"
    xmlns:db="http://data.linkedmdb.org/resource/"
    xmlns:movie="http://data.linkedmdb.org/resource/movie/"
    xmlns:rdf="http://www.w3.org/1999/02/22-rdf-syntax-ns#"
    xmlns:map="file:/C:/d2r-server-0.4/mapping.n3#"
    xmlns:foaf="http://xmlns.com/foaf/0.1/"
    xmlns:d2r="http://sites.wiwiss.fu-berlin.de/suhl/bizer/d2r-server/config.rdf#"
    xmlns:owl="http://www.w3.org/2002/07/owl#"
    xmlns:dc="http://purl.org/dc/terms/"
    xmlns:xsd="http://www.w3.org/2001/XMLSchema#"
    xmlns:rdfs="http://www.w3.org/2000/01/rdf-schema#">
  <rdf:Description rdf:about="http://data.linkedmdb.org/resource/film/38859">
    <movie:actor>
      <foaf:Person rdf:about="http://data.linkedmdb.org/resource/actor/246">
        <movie:performance rdf:resource="http://data.linkedmdb.org/resource/performance/190264"/>
        <movie:performance rdf:resource="http://data.linkedmdb.org/resource/performance/97323"/>
        <movie:actor_name>Ron O'Neal</movie:actor_name>
        <rdfs:label>Ron O'Neal (Actor)</rdfs:label>
        <movie:performance rdf:resource="http://data.linkedmdb.org/resource/performance/159209"/>
        <foaf:page>
          <rdf:Description rdf:about="http://www.freebase.com/view/guid/9202a8c04000641f8000000000333891">
            <rdfs:seeAlso rdf:resource="http://data.linkedmdb.org/sparql?query=DESCRIBE+%3Chttp%3A%2F%2Fwww.freebase.com%2Fview%2Fguid%2F9202a8c04000641f8000000000333891%3E"/>
          </rdf:Description>
        </foaf:page>
        <owl:sameAs>
          <rdf:Description rdf:about="http://mpii.de/yago/resource/Ron_O%27Neal">
            <rdfs:seeAlso rdf:resource="http://data.linkedmdb.org/sparql?query=DESCRIBE+%3Chttp%3A%2F%2Fmpii.de%2Fyago%2Fresource%2FRon_O%2527Neal%3E"/>
          </rdf:Description>
        </owl:sameAs>
        <movie:performance rdf:resource="http://data.linkedmdb.org/resource/performance/28188"/>
        <movie:performance rdf:resource="http://data.linkedmdb.org/resource/performance/126559"/>
        <movie:performance rdf:resource="http://data.linkedmdb.org/resource/performance/31149"/>
        <foaf:page>
          <rdf:Description rdf:about="http://www.imdb.com/name/nm0641938/">
            <rdfs:seeAlso rdf:resource="http://data.linkedmdb.org/sparql?query=DESCRIBE+%3Chttp%3A%2F%2Fwww.imdb.com%2Fname%2Fnm0641938%2F%3E"/>
          </rdf:Description>
        </foaf:page>
        <rdf:type rdf:resource="http://data.linkedmdb.org/resource/movie/actor"/>
        <owl:sameAs>
          <rdf:Description rdf:about="http://dbpedia.org/resource/Ron_O%27Neal">
            <rdfs:seeAlso rdf:resource="http://data.linkedmdb.org/sparql?query=DESCRIBE+%3Chttp%3A%2F%2Fdbpedia.org%2Fresource%2FRon_O%2527Neal%3E"/>
          </rdf:Description>
        </owl:sameAs>
        <movie:actor_actorid rdf:datatype="http://www.w3.org/2001/XMLSchema#int"
        >246</movie:actor_actorid>
        <dbpedia:hasPhotoCollection>
          <rdf:Description rdf:about="http://www4.wiwiss.fu-berlin.de/flickrwrappr/photos/Ron_O&apos;Neal">
            <rdfs:seeAlso rdf:resource="http://data.linkedmdb.org/sparql?query=DESCRIBE+%3Chttp%3A%2F%2Fwww4.wiwiss.fu-berlin.de%2Fflickrwrappr%2Fphotos%2FRon_O%27Neal%3E"/>
          </rdf:Description>
        </dbpedia:hasPhotoCollection>
        <movie:performance rdf:resource="http://data.linkedmdb.org/resource/performance/43177"/>
      </foaf:Person>
    </movie:actor>
  </rdf:Description>
  <rdf:Description rdf:about="http://data.linkedmdb.org/resource/film/62355">
    <movie:actor rdf:resource="http://data.linkedmdb.org/resource/actor/246"/>
  </rdf:Description>
  <rdf:Description rdf:about="http://data.linkedmdb.org/resource/film/523">
    <movie:actor rdf:resource="http://data.linkedmdb.org/resource/actor/246"/>
  </rdf:Description>
  <rdf:Description rdf:about="http://xmlns.com/foaf/0.1/Person">
    <rdfs:seeAlso rdf:resource="http://data.linkedmdb.org/sparql?query=DESCRIBE+%3Chttp%3A%2F%2Fxmlns.com%2Ffoaf%2F0.1%2FPerson%3E"/>
  </rdf:Description>
  <rdf:Description rdf:about="http://data.linkedmdb.org/resource/film/39096">
    <movie:actor rdf:resource="http://data.linkedmdb.org/resource/actor/246"/>
  </rdf:Description>
  <rdf:Description rdf:about="http://data.linkedmdb.org/resource/interlink/94956">
    <oddlinker:link_source rdf:resource="http://data.linkedmdb.org/resource/actor/246"/>
  </rdf:Description>
  <rdf:Description rdf:about="http://data.linkedmdb.org/data/actor/246">
    <rdfs:comment>Contents of this file may include content from 
		      FreeBase (http://www.freebase.com) or Wikipedia 
		      (http://www.wikipedia.org) licensed under CC-BY
		      (http://www.freebase.com/view/common/license/cc_attribution_25)
		      or GFDL (http://en.wikipedia.org/wiki/Wikipedia:Text_of_the_GNU_Free_Documentation_License). 
		      Refer to http://www.linkedmdb.org:8080/Main/Licensing for more details.</rdfs:comment>
    <rdfs:label>RDF Description of Ron O'Neal (Actor)</rdfs:label>
    <foaf:primaryTopic rdf:resource="http://data.linkedmdb.org/resource/actor/246"/>
  </rdf:Description>
  <rdf:Description rdf:about="http://data.linkedmdb.org/resource/interlink/106777">
    <oddlinker:link_source rdf:resource="http://data.linkedmdb.org/resource/actor/246"/>
  </rdf:Description>
  <rdf:Description rdf:about="http://data.linkedmdb.org/resource/film/49114">
    <movie:actor rdf:resource="http://data.linkedmdb.org/resource/actor/246"/>
  </rdf:Description>
  <rdf:Description rdf:about="http://data.linkedmdb.org/resource/interlink/118598">
    <oddlinker:link_source rdf:resource="http://data.linkedmdb.org/resource/actor/246"/>
  </rdf:Description>
  <rdf:Description rdf:about="http://data.linkedmdb.org/resource/film/3194">
    <movie:actor rdf:resource="http://data.linkedmdb.org/resource/actor/246"/>
  </rdf:Description>
  <rdf:Description rdf:about="http://data.linkedmdb.org/resource/film/44952">
    <movie:actor rdf:resource="http://data.linkedmdb.org/resource/actor/246"/>
  </rdf:Description>
</rdf:RDF>
