<?xml version="1.0"?>
<rdf:RDF
    xmlns:dbpedia="http://dbpedia.org/property/"
    xmlns:skos="http://www.w3.org/2004/02/skos/core#"
    xmlns:oddlinker="http://data.linkedmdb.org/resource/oddlinker/"
    xmlns:db="http://data.linkedmdb.org/resource/"
    xmlns:movie="http://data.linkedmdb.org/resource/movie/"
    xmlns:rdf="http://www.w3.org/1999/02/22-rdf-syntax-ns#"
    xmlns:map="file:/C:/d2r-server-0.4/mapping.n3#"
    xmlns:foaf="http://xmlns.com/foaf/0.1/"
    xmlns:d2r="http://sites.wiwiss.fu-berlin.de/suhl/bizer/d2r-server/config.rdf#"
    xmlns:owl="http://www.w3.org/2002/07/owl#"
    xmlns:dc="http://purl.org/dc/terms/"
    xmlns:xsd="http://www.w3.org/2001/XMLSchema#"
    xmlns:rdfs="http://www.w3.org/2000/01/rdf-schema#">
  <rdf:Description rdf:about="http://xmlns.com/foaf/0.1/Person">
    <rdfs:seeAlso rdf:resource="http://data.linkedmdb.org/sparql?query=DESCRIBE+%3Chttp%3A%2F%2Fxmlns.com%2Ffoaf%2F0.1%2FPerson%3E"/>
  </rdf:Description>
  <rdf:Description rdf:about="http://data.linkedmdb.org/data/actor/1275">
    <rdfs:comment>Contents of this file may include content from 
		      FreeBase (http://www.freebase.com) or Wikipedia 
		      (http://www.wikipedia.org) licensed under CC-BY
		      (http://www.freebase.com/view/common/license/cc_attribution_25)
		      or GFDL (http://en.wikipedia.org/wiki/Wikipedia:Text_of_the_GNU_Free_Documentation_License). 
		      Refer to http://www.linkedmdb.org:8080/Main/Licensing for more details.</rdfs:comment>
    <rdfs:label>RDF Description of Brian Thompson (Actor)</rdfs:label>
    <foaf:primaryTopic>
      <movie:actor rdf:about="http://data.linkedmdb.org/resource/actor/1275">
        <movie:actor_actorid rdf:datatype="http://www.w3.org/2001/XMLSchema#int"
        >1275</movie:actor_actorid>
        <movie:performance rdf:resource="http://data.linkedmdb.org/resource/performance/94899"/>
        <movie:performance rdf:resource="http://data.linkedmdb.org/resource/performance/142530"/>
        <movie:performance rdf:resource="http://data.linkedmdb.org/resource/performance/142518"/>
        <movie:performance rdf:resource="http://data.linkedmdb.org/resource/performance/87634"/>
        <movie:performance rdf:resource="http://data.linkedmdb.org/resource/performance/109771"/>
        <rdf:type rdf:resource="http://xmlns.com/foaf/0.1/Person"/>
        <movie:actor_name>Brian Thompson</movie:actor_name>
        <foaf:page>
          <rdf:Description rdf:about="http://www.freebase.com/view/guid/9202a8c04000641f8000000000d38056">
            <rdfs:seeAlso rdf:resource="http://data.linkedmdb.org/sparql?query=DESCRIBE+%3Chttp%3A%2F%2Fwww.freebase.com%2Fview%2Fguid%2F9202a8c04000641f8000000000d38056%3E"/>
          </rdf:Description>
        </foaf:page>
        <movie:performance rdf:resource="http://data.linkedmdb.org/resource/performance/54162"/>
        <rdfs:label>Brian Thompson (Actor)</rdfs:label>
        <movie:performance rdf:resource="http://data.linkedmdb.org/resource/performance/142633"/>
        <movie:performance rdf:resource="http://data.linkedmdb.org/resource/performance/36775"/>
      </movie:actor>
    </foaf:primaryTopic>
  </rdf:Description>
  <rdf:Description rdf:about="http://data.linkedmdb.org/resource/film/6092">
    <movie:actor rdf:resource="http://data.linkedmdb.org/resource/actor/1275"/>
  </rdf:Description>
  <rdf:Description rdf:about="http://data.linkedmdb.org/resource/film/4512">
    <movie:actor rdf:resource="http://data.linkedmdb.org/resource/actor/1275"/>
  </rdf:Description>
  <rdf:Description rdf:about="http://data.linkedmdb.org/resource/film/43804">
    <movie:actor rdf:resource="http://data.linkedmdb.org/resource/actor/1275"/>
  </rdf:Description>
  <rdf:Description rdf:about="http://data.linkedmdb.org/resource/film/461">
    <movie:actor rdf:resource="http://data.linkedmdb.org/resource/actor/1275"/>
  </rdf:Description>
  <rdf:Description rdf:about="http://data.linkedmdb.org/resource/film/40516">
    <movie:actor rdf:resource="http://data.linkedmdb.org/resource/actor/1275"/>
  </rdf:Description>
  <rdf:Description rdf:about="http://data.linkedmdb.org/resource/film/988">
    <movie:actor rdf:resource="http://data.linkedmdb.org/resource/actor/1275"/>
  </rdf:Description>
  <rdf:Description rdf:about="http://data.linkedmdb.org/resource/film/1109">
    <movie:actor rdf:resource="http://data.linkedmdb.org/resource/actor/1275"/>
  </rdf:Description>
  <rdf:Description rdf:about="http://data.linkedmdb.org/resource/film/2029">
    <movie:actor rdf:resource="http://data.linkedmdb.org/resource/actor/1275"/>
  </rdf:Description>
</rdf:RDF>
