<?xml version="1.0"?>
<rdf:RDF
    xmlns:dbpedia="http://dbpedia.org/property/"
    xmlns:skos="http://www.w3.org/2004/02/skos/core#"
    xmlns:oddlinker="http://data.linkedmdb.org/resource/oddlinker/"
    xmlns:db="http://data.linkedmdb.org/resource/"
    xmlns:movie="http://data.linkedmdb.org/resource/movie/"
    xmlns:rdf="http://www.w3.org/1999/02/22-rdf-syntax-ns#"
    xmlns:map="file:/C:/d2r-server-0.4/mapping.n3#"
    xmlns:foaf="http://xmlns.com/foaf/0.1/"
    xmlns:d2r="http://sites.wiwiss.fu-berlin.de/suhl/bizer/d2r-server/config.rdf#"
    xmlns:owl="http://www.w3.org/2002/07/owl#"
    xmlns:dc="http://purl.org/dc/terms/"
    xmlns:xsd="http://www.w3.org/2001/XMLSchema#"
    xmlns:rdfs="http://www.w3.org/2000/01/rdf-schema#">
  <rdf:Description rdf:about="http://data.linkedmdb.org/resource/film/44496">
    <movie:actor>
      <foaf:Person rdf:about="http://data.linkedmdb.org/resource/actor/10029">
        <movie:performance rdf:resource="http://data.linkedmdb.org/resource/performance/101377"/>
        <movie:performance rdf:resource="http://data.linkedmdb.org/resource/performance/145367"/>
        <movie:performance rdf:resource="http://data.linkedmdb.org/resource/performance/81781"/>
        <owl:sameAs>
          <rdf:Description rdf:about="http://dbpedia.org/resource/Raf_Vallone">
            <rdfs:seeAlso rdf:resource="http://data.linkedmdb.org/sparql?query=DESCRIBE+%3Chttp%3A%2F%2Fdbpedia.org%2Fresource%2FRaf_Vallone%3E"/>
          </rdf:Description>
        </owl:sameAs>
        <movie:performance rdf:resource="http://data.linkedmdb.org/resource/performance/179869"/>
        <movie:performance rdf:resource="http://data.linkedmdb.org/resource/performance/87203"/>
        <dbpedia:hasPhotoCollection>
          <rdf:Description rdf:about="http://www4.wiwiss.fu-berlin.de/flickrwrappr/photos/Raf_Vallone">
            <rdfs:seeAlso rdf:resource="http://data.linkedmdb.org/sparql?query=DESCRIBE+%3Chttp%3A%2F%2Fwww4.wiwiss.fu-berlin.de%2Fflickrwrappr%2Fphotos%2FRaf_Vallone%3E"/>
          </rdf:Description>
        </dbpedia:hasPhotoCollection>
        <movie:performance rdf:resource="http://data.linkedmdb.org/resource/performance/102901"/>
        <movie:performance rdf:resource="http://data.linkedmdb.org/resource/performance/51903"/>
        <movie:performance rdf:resource="http://data.linkedmdb.org/resource/performance/102143"/>
        <movie:performance rdf:resource="http://data.linkedmdb.org/resource/performance/146513"/>
        <movie:actor_actorid rdf:datatype="http://www.w3.org/2001/XMLSchema#int"
        >10029</movie:actor_actorid>
        <movie:performance rdf:resource="http://data.linkedmdb.org/resource/performance/63485"/>
        <movie:performance rdf:resource="http://data.linkedmdb.org/resource/performance/64212"/>
        <movie:performance rdf:resource="http://data.linkedmdb.org/resource/performance/66399"/>
        <foaf:page>
          <rdf:Description rdf:about="http://www.freebase.com/view/guid/9202a8c04000641f800000000478f8e0">
            <rdfs:seeAlso rdf:resource="http://data.linkedmdb.org/sparql?query=DESCRIBE+%3Chttp%3A%2F%2Fwww.freebase.com%2Fview%2Fguid%2F9202a8c04000641f800000000478f8e0%3E"/>
          </rdf:Description>
        </foaf:page>
        <movie:performance rdf:resource="http://data.linkedmdb.org/resource/performance/150629"/>
        <owl:sameAs>
          <rdf:Description rdf:about="http://mpii.de/yago/resource/Raf_Vallone">
            <rdfs:seeAlso rdf:resource="http://data.linkedmdb.org/sparql?query=DESCRIBE+%3Chttp%3A%2F%2Fmpii.de%2Fyago%2Fresource%2FRaf_Vallone%3E"/>
          </rdf:Description>
        </owl:sameAs>
        <movie:performance rdf:resource="http://data.linkedmdb.org/resource/performance/86693"/>
        <movie:performance rdf:resource="http://data.linkedmdb.org/resource/performance/78405"/>
        <movie:performance rdf:resource="http://data.linkedmdb.org/resource/performance/73336"/>
        <movie:performance rdf:resource="http://data.linkedmdb.org/resource/performance/59655"/>
        <rdfs:label>Raf Vallone (Actor)</rdfs:label>
        <movie:performance rdf:resource="http://data.linkedmdb.org/resource/performance/58251"/>
        <movie:performance rdf:resource="http://data.linkedmdb.org/resource/performance/160581"/>
        <movie:performance rdf:resource="http://data.linkedmdb.org/resource/performance/146976"/>
        <movie:performance rdf:resource="http://data.linkedmdb.org/resource/performance/82169"/>
        <movie:performance rdf:resource="http://data.linkedmdb.org/resource/performance/93027"/>
        <movie:performance rdf:resource="http://data.linkedmdb.org/resource/performance/111447"/>
        <movie:performance rdf:resource="http://data.linkedmdb.org/resource/performance/179928"/>
        <movie:actor_name>Raf Vallone</movie:actor_name>
        <rdf:type rdf:resource="http://data.linkedmdb.org/resource/movie/actor"/>
      </foaf:Person>
    </movie:actor>
  </rdf:Description>
  <rdf:Description rdf:about="http://data.linkedmdb.org/resource/film/51520">
    <movie:actor rdf:resource="http://data.linkedmdb.org/resource/actor/10029"/>
  </rdf:Description>
  <rdf:Description rdf:about="http://data.linkedmdb.org/resource/film/73929">
    <movie:actor rdf:resource="http://data.linkedmdb.org/resource/actor/10029"/>
  </rdf:Description>
  <rdf:Description rdf:about="http://data.linkedmdb.org/resource/film/18359">
    <movie:actor rdf:resource="http://data.linkedmdb.org/resource/actor/10029"/>
  </rdf:Description>
  <rdf:Description rdf:about="http://data.linkedmdb.org/resource/film/1412">
    <movie:actor rdf:resource="http://data.linkedmdb.org/resource/actor/10029"/>
  </rdf:Description>
  <rdf:Description rdf:about="http://xmlns.com/foaf/0.1/Person">
    <rdfs:seeAlso rdf:resource="http://data.linkedmdb.org/sparql?query=DESCRIBE+%3Chttp%3A%2F%2Fxmlns.com%2Ffoaf%2F0.1%2FPerson%3E"/>
  </rdf:Description>
  <rdf:Description rdf:about="http://data.linkedmdb.org/resource/film/69760">
    <movie:actor rdf:resource="http://data.linkedmdb.org/resource/actor/10029"/>
  </rdf:Description>
  <rdf:Description rdf:about="http://data.linkedmdb.org/resource/film/72922">
    <movie:actor rdf:resource="http://data.linkedmdb.org/resource/actor/10029"/>
  </rdf:Description>
  <rdf:Description rdf:about="http://data.linkedmdb.org/resource/film/22260">
    <movie:actor rdf:resource="http://data.linkedmdb.org/resource/actor/10029"/>
  </rdf:Description>
  <rdf:Description rdf:about="http://data.linkedmdb.org/resource/film/18702">
    <movie:actor rdf:resource="http://data.linkedmdb.org/resource/actor/10029"/>
  </rdf:Description>
  <rdf:Description rdf:about="http://data.linkedmdb.org/resource/film/41115">
    <movie:actor rdf:resource="http://data.linkedmdb.org/resource/actor/10029"/>
  </rdf:Description>
  <rdf:Description rdf:about="http://data.linkedmdb.org/resource/film/21062">
    <movie:actor rdf:resource="http://data.linkedmdb.org/resource/actor/10029"/>
  </rdf:Description>
  <rdf:Description rdf:about="http://data.linkedmdb.org/resource/film/48935">
    <movie:actor rdf:resource="http://data.linkedmdb.org/resource/actor/10029"/>
  </rdf:Description>
  <rdf:Description rdf:about="http://data.linkedmdb.org/resource/film/21669">
    <movie:actor rdf:resource="http://data.linkedmdb.org/resource/actor/10029"/>
  </rdf:Description>
  <rdf:Description rdf:about="http://data.linkedmdb.org/data/actor/10029">
    <rdfs:comment>Contents of this file may include content from 
		      FreeBase (http://www.freebase.com) or Wikipedia 
		      (http://www.wikipedia.org) licensed under CC-BY
		      (http://www.freebase.com/view/common/license/cc_attribution_25)
		      or GFDL (http://en.wikipedia.org/wiki/Wikipedia:Text_of_the_GNU_Free_Documentation_License). 
		      Refer to http://www.linkedmdb.org:8080/Main/Licensing for more details.</rdfs:comment>
    <rdfs:label>RDF Description of Raf Vallone (Actor)</rdfs:label>
    <foaf:primaryTopic rdf:resource="http://data.linkedmdb.org/resource/actor/10029"/>
  </rdf:Description>
  <rdf:Description rdf:about="http://data.linkedmdb.org/resource/film/41109">
    <movie:actor rdf:resource="http://data.linkedmdb.org/resource/actor/10029"/>
  </rdf:Description>
  <rdf:Description rdf:about="http://data.linkedmdb.org/resource/film/18699">
    <movie:actor rdf:resource="http://data.linkedmdb.org/resource/actor/10029"/>
  </rdf:Description>
  <rdf:Description rdf:about="http://data.linkedmdb.org/resource/interlink/118175">
    <oddlinker:link_source rdf:resource="http://data.linkedmdb.org/resource/actor/10029"/>
  </rdf:Description>
  <rdf:Description rdf:about="http://data.linkedmdb.org/resource/film/41124">
    <movie:actor rdf:resource="http://data.linkedmdb.org/resource/actor/10029"/>
  </rdf:Description>
  <rdf:Description rdf:about="http://data.linkedmdb.org/resource/film/43328">
    <movie:actor rdf:resource="http://data.linkedmdb.org/resource/actor/10029"/>
  </rdf:Description>
  <rdf:Description rdf:about="http://data.linkedmdb.org/resource/interlink/94533">
    <oddlinker:link_source rdf:resource="http://data.linkedmdb.org/resource/actor/10029"/>
  </rdf:Description>
  <rdf:Description rdf:about="http://data.linkedmdb.org/resource/interlink/106354">
    <oddlinker:link_source rdf:resource="http://data.linkedmdb.org/resource/actor/10029"/>
  </rdf:Description>
  <rdf:Description rdf:about="http://data.linkedmdb.org/resource/film/48789">
    <movie:actor rdf:resource="http://data.linkedmdb.org/resource/actor/10029"/>
  </rdf:Description>
  <rdf:Description rdf:about="http://data.linkedmdb.org/resource/film/20183">
    <movie:actor rdf:resource="http://data.linkedmdb.org/resource/actor/10029"/>
  </rdf:Description>
  <rdf:Description rdf:about="http://data.linkedmdb.org/resource/film/38329">
    <movie:actor rdf:resource="http://data.linkedmdb.org/resource/actor/10029"/>
  </rdf:Description>
  <rdf:Description rdf:about="http://data.linkedmdb.org/resource/film/70521">
    <movie:actor rdf:resource="http://data.linkedmdb.org/resource/actor/10029"/>
  </rdf:Description>
  <rdf:Description rdf:about="http://data.linkedmdb.org/resource/film/76989">
    <movie:actor rdf:resource="http://data.linkedmdb.org/resource/actor/10029"/>
  </rdf:Description>
  <rdf:Description rdf:about="http://data.linkedmdb.org/resource/film/11902">
    <movie:actor rdf:resource="http://data.linkedmdb.org/resource/actor/10029"/>
  </rdf:Description>
  <rdf:Description rdf:about="http://data.linkedmdb.org/resource/film/73883">
    <movie:actor rdf:resource="http://data.linkedmdb.org/resource/actor/10029"/>
  </rdf:Description>
</rdf:RDF>
