<?xml version="1.0"?>
<rdf:RDF
    xmlns:dbpedia="http://dbpedia.org/property/"
    xmlns:skos="http://www.w3.org/2004/02/skos/core#"
    xmlns:oddlinker="http://data.linkedmdb.org/resource/oddlinker/"
    xmlns:db="http://data.linkedmdb.org/resource/"
    xmlns:movie="http://data.linkedmdb.org/resource/movie/"
    xmlns:rdf="http://www.w3.org/1999/02/22-rdf-syntax-ns#"
    xmlns:map="file:/C:/d2r-server-0.4/mapping.n3#"
    xmlns:foaf="http://xmlns.com/foaf/0.1/"
    xmlns:d2r="http://sites.wiwiss.fu-berlin.de/suhl/bizer/d2r-server/config.rdf#"
    xmlns:owl="http://www.w3.org/2002/07/owl#"
    xmlns:dc="http://purl.org/dc/terms/"
    xmlns:xsd="http://www.w3.org/2001/XMLSchema#"
    xmlns:rdfs="http://www.w3.org/2000/01/rdf-schema#">
  <rdf:Description rdf:about="http://data.linkedmdb.org/resource/film/22944">
    <movie:actor>
      <movie:actor rdf:about="http://data.linkedmdb.org/resource/actor/1215">
        <dbpedia:hasPhotoCollection>
          <rdf:Description rdf:about="http://www4.wiwiss.fu-berlin.de/flickrwrappr/photos/Clifton_Collins,_Jr.">
            <rdfs:seeAlso rdf:resource="http://data.linkedmdb.org/sparql?query=DESCRIBE+%3Chttp%3A%2F%2Fwww4.wiwiss.fu-berlin.de%2Fflickrwrappr%2Fphotos%2FClifton_Collins%2C_Jr.%3E"/>
          </rdf:Description>
        </dbpedia:hasPhotoCollection>
        <movie:performance rdf:resource="http://data.linkedmdb.org/resource/performance/5994"/>
        <movie:performance rdf:resource="http://data.linkedmdb.org/resource/performance/142481"/>
        <movie:performance rdf:resource="http://data.linkedmdb.org/resource/performance/135026"/>
        <movie:performance rdf:resource="http://data.linkedmdb.org/resource/performance/90765"/>
        <owl:sameAs>
          <rdf:Description rdf:about="http://mpii.de/yago/resource/Clifton_Collins%2C_Jr.">
            <rdfs:seeAlso rdf:resource="http://data.linkedmdb.org/sparql?query=DESCRIBE+%3Chttp%3A%2F%2Fmpii.de%2Fyago%2Fresource%2FClifton_Collins%252C_Jr.%3E"/>
          </rdf:Description>
        </owl:sameAs>
        <movie:performance rdf:resource="http://data.linkedmdb.org/resource/performance/35181"/>
        <movie:performance rdf:resource="http://data.linkedmdb.org/resource/performance/93504"/>
        <movie:performance rdf:resource="http://data.linkedmdb.org/resource/performance/159161"/>
        <movie:performance rdf:resource="http://data.linkedmdb.org/resource/performance/172931"/>
        <rdfs:label>Clifton Collins, Jr. (Actor)</rdfs:label>
        <movie:performance rdf:resource="http://data.linkedmdb.org/resource/performance/147758"/>
        <movie:performance rdf:resource="http://data.linkedmdb.org/resource/performance/100135"/>
        <movie:performance rdf:resource="http://data.linkedmdb.org/resource/performance/94506"/>
        <movie:performance rdf:resource="http://data.linkedmdb.org/resource/performance/36206"/>
        <movie:performance rdf:resource="http://data.linkedmdb.org/resource/performance/158574"/>
        <movie:actor_actorid rdf:datatype="http://www.w3.org/2001/XMLSchema#int"
        >1215</movie:actor_actorid>
        <movie:performance rdf:resource="http://data.linkedmdb.org/resource/performance/177978"/>
        <movie:performance rdf:resource="http://data.linkedmdb.org/resource/performance/172774"/>
        <movie:performance rdf:resource="http://data.linkedmdb.org/resource/performance/94704"/>
        <movie:performance rdf:resource="http://data.linkedmdb.org/resource/performance/90372"/>
        <rdf:type>
          <rdf:Description rdf:about="http://xmlns.com/foaf/0.1/Person">
            <rdfs:seeAlso rdf:resource="http://data.linkedmdb.org/sparql?query=DESCRIBE+%3Chttp%3A%2F%2Fxmlns.com%2Ffoaf%2F0.1%2FPerson%3E"/>
          </rdf:Description>
        </rdf:type>
        <owl:sameAs>
          <rdf:Description rdf:about="http://dbpedia.org/resource/Clifton_Collins%2C_Jr.">
            <rdfs:seeAlso rdf:resource="http://data.linkedmdb.org/sparql?query=DESCRIBE+%3Chttp%3A%2F%2Fdbpedia.org%2Fresource%2FClifton_Collins%252C_Jr.%3E"/>
          </rdf:Description>
        </owl:sameAs>
        <foaf:page>
          <rdf:Description rdf:about="http://www.freebase.com/view/guid/9202a8c04000641f8000000000c93a50">
            <rdfs:seeAlso rdf:resource="http://data.linkedmdb.org/sparql?query=DESCRIBE+%3Chttp%3A%2F%2Fwww.freebase.com%2Fview%2Fguid%2F9202a8c04000641f8000000000c93a50%3E"/>
          </rdf:Description>
        </foaf:page>
        <movie:performance rdf:resource="http://data.linkedmdb.org/resource/performance/94413"/>
        <movie:performance rdf:resource="http://data.linkedmdb.org/resource/performance/98787"/>
        <movie:performance rdf:resource="http://data.linkedmdb.org/resource/performance/19658"/>
        <movie:performance rdf:resource="http://data.linkedmdb.org/resource/performance/130782"/>
        <movie:performance rdf:resource="http://data.linkedmdb.org/resource/performance/187040"/>
        <movie:actor_name>Clifton Collins, Jr.</movie:actor_name>
      </movie:actor>
    </movie:actor>
  </rdf:Description>
  <rdf:Description rdf:about="http://data.linkedmdb.org/resource/film/65763">
    <movie:actor rdf:resource="http://data.linkedmdb.org/resource/actor/1215"/>
  </rdf:Description>
  <rdf:Description rdf:about="http://data.linkedmdb.org/resource/film/20717">
    <movie:actor rdf:resource="http://data.linkedmdb.org/resource/actor/1215"/>
  </rdf:Description>
  <rdf:Description rdf:about="http://data.linkedmdb.org/resource/film/43358">
    <movie:actor rdf:resource="http://data.linkedmdb.org/resource/actor/1215"/>
  </rdf:Description>
  <rdf:Description rdf:about="http://data.linkedmdb.org/resource/interlink/111105">
    <oddlinker:link_source rdf:resource="http://data.linkedmdb.org/resource/actor/1215"/>
  </rdf:Description>
  <rdf:Description rdf:about="http://data.linkedmdb.org/resource/film/71162">
    <movie:actor rdf:resource="http://data.linkedmdb.org/resource/actor/1215"/>
  </rdf:Description>
  <rdf:Description rdf:about="http://data.linkedmdb.org/resource/film/42914">
    <movie:actor rdf:resource="http://data.linkedmdb.org/resource/actor/1215"/>
  </rdf:Description>
  <rdf:Description rdf:about="http://data.linkedmdb.org/resource/film/44396">
    <movie:actor rdf:resource="http://data.linkedmdb.org/resource/actor/1215"/>
  </rdf:Description>
  <rdf:Description rdf:about="http://data.linkedmdb.org/resource/film/12769">
    <movie:actor rdf:resource="http://data.linkedmdb.org/resource/actor/1215"/>
  </rdf:Description>
  <rdf:Description rdf:about="http://data.linkedmdb.org/resource/film/40659">
    <movie:actor rdf:resource="http://data.linkedmdb.org/resource/actor/1215"/>
  </rdf:Description>
  <rdf:Description rdf:about="http://data.linkedmdb.org/resource/film/21354">
    <movie:actor rdf:resource="http://data.linkedmdb.org/resource/actor/1215"/>
  </rdf:Description>
  <rdf:Description rdf:about="http://data.linkedmdb.org/resource/interlink/99284">
    <oddlinker:link_source rdf:resource="http://data.linkedmdb.org/resource/actor/1215"/>
  </rdf:Description>
  <rdf:Description rdf:about="http://data.linkedmdb.org/data/actor/1215">
    <rdfs:comment>Contents of this file may include content from 
		      FreeBase (http://www.freebase.com) or Wikipedia 
		      (http://www.wikipedia.org) licensed under CC-BY
		      (http://www.freebase.com/view/common/license/cc_attribution_25)
		      or GFDL (http://en.wikipedia.org/wiki/Wikipedia:Text_of_the_GNU_Free_Documentation_License). 
		      Refer to http://www.linkedmdb.org:8080/Main/Licensing for more details.</rdfs:comment>
    <rdfs:label>RDF Description of Clifton Collins, Jr. (Actor)</rdfs:label>
    <foaf:primaryTopic rdf:resource="http://data.linkedmdb.org/resource/actor/1215"/>
  </rdf:Description>
  <rdf:Description rdf:about="http://data.linkedmdb.org/resource/film/24169">
    <movie:actor rdf:resource="http://data.linkedmdb.org/resource/actor/1215"/>
  </rdf:Description>
  <rdf:Description rdf:about="http://data.linkedmdb.org/resource/film/47372">
    <movie:actor rdf:resource="http://data.linkedmdb.org/resource/actor/1215"/>
  </rdf:Description>
  <rdf:Description rdf:about="http://data.linkedmdb.org/resource/film/52422">
    <movie:actor rdf:resource="http://data.linkedmdb.org/resource/actor/1215"/>
  </rdf:Description>
  <rdf:Description rdf:about="http://data.linkedmdb.org/resource/film/4965">
    <movie:actor rdf:resource="http://data.linkedmdb.org/resource/actor/1215"/>
  </rdf:Description>
  <rdf:Description rdf:about="http://data.linkedmdb.org/resource/film/39576">
    <movie:actor rdf:resource="http://data.linkedmdb.org/resource/actor/1215"/>
  </rdf:Description>
  <rdf:Description rdf:about="http://data.linkedmdb.org/resource/film/42676">
    <movie:actor rdf:resource="http://data.linkedmdb.org/resource/actor/1215"/>
  </rdf:Description>
  <rdf:Description rdf:about="http://data.linkedmdb.org/resource/film/2369">
    <movie:actor rdf:resource="http://data.linkedmdb.org/resource/actor/1215"/>
  </rdf:Description>
  <rdf:Description rdf:about="http://data.linkedmdb.org/resource/film/15492">
    <movie:actor rdf:resource="http://data.linkedmdb.org/resource/actor/1215"/>
  </rdf:Description>
  <rdf:Description rdf:about="http://data.linkedmdb.org/resource/interlink/87463">
    <oddlinker:link_source rdf:resource="http://data.linkedmdb.org/resource/actor/1215"/>
  </rdf:Description>
  <rdf:Description rdf:about="http://data.linkedmdb.org/resource/film/3454">
    <movie:actor rdf:resource="http://data.linkedmdb.org/resource/actor/1215"/>
  </rdf:Description>
  <rdf:Description rdf:about="http://data.linkedmdb.org/resource/film/77947">
    <movie:actor rdf:resource="http://data.linkedmdb.org/resource/actor/1215"/>
  </rdf:Description>
  <rdf:Description rdf:about="http://data.linkedmdb.org/resource/film/12493">
    <movie:actor rdf:resource="http://data.linkedmdb.org/resource/actor/1215"/>
  </rdf:Description>
  <rdf:Description rdf:about="http://data.linkedmdb.org/resource/film/16507">
    <movie:actor rdf:resource="http://data.linkedmdb.org/resource/actor/1215"/>
  </rdf:Description>
</rdf:RDF>
