<?xml version="1.0"?>
<rdf:RDF
    xmlns:dbpedia="http://dbpedia.org/property/"
    xmlns:skos="http://www.w3.org/2004/02/skos/core#"
    xmlns:oddlinker="http://data.linkedmdb.org/resource/oddlinker/"
    xmlns:db="http://data.linkedmdb.org/resource/"
    xmlns:movie="http://data.linkedmdb.org/resource/movie/"
    xmlns:rdf="http://www.w3.org/1999/02/22-rdf-syntax-ns#"
    xmlns:map="file:/C:/d2r-server-0.4/mapping.n3#"
    xmlns:foaf="http://xmlns.com/foaf/0.1/"
    xmlns:d2r="http://sites.wiwiss.fu-berlin.de/suhl/bizer/d2r-server/config.rdf#"
    xmlns:owl="http://www.w3.org/2002/07/owl#"
    xmlns:dc="http://purl.org/dc/terms/"
    xmlns:xsd="http://www.w3.org/2001/XMLSchema#"
    xmlns:rdfs="http://www.w3.org/2000/01/rdf-schema#">
  <rdf:Description rdf:about="http://data.linkedmdb.org/data/actor/17">
    <rdfs:comment>Contents of this file may include content from 
		      FreeBase (http://www.freebase.com) or Wikipedia 
		      (http://www.wikipedia.org) licensed under CC-BY
		      (http://www.freebase.com/view/common/license/cc_attribution_25)
		      or GFDL (http://en.wikipedia.org/wiki/Wikipedia:Text_of_the_GNU_Free_Documentation_License). 
		      Refer to http://www.linkedmdb.org:8080/Main/Licensing for more details.</rdfs:comment>
    <rdfs:label>RDF Description of Sting (Actor)</rdfs:label>
    <foaf:primaryTopic>
      <movie:actor rdf:about="http://data.linkedmdb.org/resource/actor/17">
        <movie:performance rdf:resource="http://data.linkedmdb.org/resource/performance/42374"/>
        <movie:performance rdf:resource="http://data.linkedmdb.org/resource/performance/163422"/>
        <movie:performance rdf:resource="http://data.linkedmdb.org/resource/performance/133461"/>
        <movie:performance rdf:resource="http://data.linkedmdb.org/resource/performance/98058"/>
        <movie:actor_name>Sting</movie:actor_name>
        <movie:performance rdf:resource="http://data.linkedmdb.org/resource/performance/109709"/>
        <movie:performance rdf:resource="http://data.linkedmdb.org/resource/performance/27817"/>
        <movie:actor_actorid rdf:datatype="http://www.w3.org/2001/XMLSchema#int"
        >17</movie:actor_actorid>
        <movie:performance rdf:resource="http://data.linkedmdb.org/resource/performance/29892"/>
        <movie:performance rdf:resource="http://data.linkedmdb.org/resource/performance/93932"/>
        <rdf:type>
          <rdf:Description rdf:about="http://xmlns.com/foaf/0.1/Person">
            <rdfs:seeAlso rdf:resource="http://data.linkedmdb.org/sparql?query=DESCRIBE+%3Chttp%3A%2F%2Fxmlns.com%2Ffoaf%2F0.1%2FPerson%3E"/>
          </rdf:Description>
        </rdf:type>
        <movie:performance rdf:resource="http://data.linkedmdb.org/resource/performance/23723"/>
        <movie:performance rdf:resource="http://data.linkedmdb.org/resource/performance/18210"/>
        <rdfs:label>Sting (Actor)</rdfs:label>
        <foaf:page>
          <rdf:Description rdf:about="http://www.freebase.com/view/guid/9202a8c04000641f8000000000092a01">
            <rdfs:seeAlso rdf:resource="http://data.linkedmdb.org/sparql?query=DESCRIBE+%3Chttp%3A%2F%2Fwww.freebase.com%2Fview%2Fguid%2F9202a8c04000641f8000000000092a01%3E"/>
          </rdf:Description>
        </foaf:page>
      </movie:actor>
    </foaf:primaryTopic>
  </rdf:Description>
  <rdf:Description rdf:about="http://data.linkedmdb.org/resource/film/6285">
    <movie:actor rdf:resource="http://data.linkedmdb.org/resource/actor/17"/>
  </rdf:Description>
  <rdf:Description rdf:about="http://data.linkedmdb.org/resource/film/143">
    <movie:actor rdf:resource="http://data.linkedmdb.org/resource/actor/17"/>
  </rdf:Description>
  <rdf:Description rdf:about="http://data.linkedmdb.org/resource/film/10163">
    <movie:actor rdf:resource="http://data.linkedmdb.org/resource/actor/17"/>
  </rdf:Description>
  <rdf:Description rdf:about="http://data.linkedmdb.org/resource/film/39270">
    <movie:actor rdf:resource="http://data.linkedmdb.org/resource/actor/17"/>
  </rdf:Description>
  <rdf:Description rdf:about="http://data.linkedmdb.org/resource/film/38730">
    <movie:actor rdf:resource="http://data.linkedmdb.org/resource/actor/17"/>
  </rdf:Description>
  <rdf:Description rdf:about="http://data.linkedmdb.org/resource/film/47280">
    <movie:actor rdf:resource="http://data.linkedmdb.org/resource/actor/17"/>
  </rdf:Description>
  <rdf:Description rdf:about="http://data.linkedmdb.org/resource/film/78221">
    <movie:actor rdf:resource="http://data.linkedmdb.org/resource/actor/17"/>
  </rdf:Description>
  <rdf:Description rdf:about="http://data.linkedmdb.org/resource/film/9841">
    <movie:actor rdf:resource="http://data.linkedmdb.org/resource/actor/17"/>
  </rdf:Description>
  <rdf:Description rdf:about="http://data.linkedmdb.org/resource/film/38916">
    <movie:actor rdf:resource="http://data.linkedmdb.org/resource/actor/17"/>
  </rdf:Description>
  <rdf:Description rdf:about="http://data.linkedmdb.org/resource/film/1323">
    <movie:actor rdf:resource="http://data.linkedmdb.org/resource/actor/17"/>
  </rdf:Description>
</rdf:RDF>
