<?xml version="1.0"?>
<rdf:RDF
    xmlns:dbpedia="http://dbpedia.org/property/"
    xmlns:skos="http://www.w3.org/2004/02/skos/core#"
    xmlns:oddlinker="http://data.linkedmdb.org/resource/oddlinker/"
    xmlns:db="http://data.linkedmdb.org/resource/"
    xmlns:movie="http://data.linkedmdb.org/resource/movie/"
    xmlns:rdf="http://www.w3.org/1999/02/22-rdf-syntax-ns#"
    xmlns:map="file:/C:/d2r-server-0.4/mapping.n3#"
    xmlns:foaf="http://xmlns.com/foaf/0.1/"
    xmlns:d2r="http://sites.wiwiss.fu-berlin.de/suhl/bizer/d2r-server/config.rdf#"
    xmlns:owl="http://www.w3.org/2002/07/owl#"
    xmlns:dc="http://purl.org/dc/terms/"
    xmlns:xsd="http://www.w3.org/2001/XMLSchema#"
    xmlns:rdfs="http://www.w3.org/2000/01/rdf-schema#">
  <rdf:Description rdf:about="http://xmlns.com/foaf/0.1/Person">
    <rdfs:seeAlso rdf:resource="http://data.linkedmdb.org/sparql?query=DESCRIBE+%3Chttp%3A%2F%2Fxmlns.com%2Ffoaf%2F0.1%2FPerson%3E"/>
  </rdf:Description>
  <rdf:Description rdf:about="http://www.freebase.com/view/guid/9202a8c04000641f8000000000d22878">
    <rdfs:seeAlso rdf:resource="http://data.linkedmdb.org/sparql?query=DESCRIBE+%3Chttp%3A%2F%2Fwww.freebase.com%2Fview%2Fguid%2F9202a8c04000641f8000000000d22878%3E"/>
  </rdf:Description>
  <rdf:Description rdf:about="http://data.linkedmdb.org/data/actor/1267">
    <rdfs:comment>Contents of this file may include content from 
		      FreeBase (http://www.freebase.com) or Wikipedia 
		      (http://www.wikipedia.org) licensed under CC-BY
		      (http://www.freebase.com/view/common/license/cc_attribution_25)
		      or GFDL (http://en.wikipedia.org/wiki/Wikipedia:Text_of_the_GNU_Free_Documentation_License). 
		      Refer to http://www.linkedmdb.org:8080/Main/Licensing for more details.</rdfs:comment>
    <rdfs:label>RDF Description of Irma P. Hall (Actor)</rdfs:label>
    <foaf:primaryTopic>
      <movie:actor rdf:about="http://data.linkedmdb.org/resource/actor/1267">
        <movie:performance rdf:resource="http://data.linkedmdb.org/resource/performance/184491"/>
        <movie:performance rdf:resource="http://data.linkedmdb.org/resource/performance/168859"/>
        <foaf:page rdf:resource="http://www.freebase.com/view/guid/9202a8c04000641f8000000000d22878"/>
        <movie:performance rdf:resource="http://data.linkedmdb.org/resource/performance/65071"/>
        <rdfs:label>Irma P. Hall (Actor)</rdfs:label>
        <movie:performance rdf:resource="http://data.linkedmdb.org/resource/performance/140929"/>
        <rdf:type rdf:resource="http://xmlns.com/foaf/0.1/Person"/>
        <movie:performance rdf:resource="http://data.linkedmdb.org/resource/performance/71178"/>
        <movie:actor_actorid rdf:datatype="http://www.w3.org/2001/XMLSchema#int"
        >1267</movie:actor_actorid>
        <movie:performance rdf:resource="http://data.linkedmdb.org/resource/performance/185473"/>
        <movie:performance rdf:resource="http://data.linkedmdb.org/resource/performance/32543"/>
        <movie:performance rdf:resource="http://data.linkedmdb.org/resource/performance/157831"/>
        <movie:actor_name>Irma P. Hall</movie:actor_name>
      </movie:actor>
    </foaf:primaryTopic>
  </rdf:Description>
  <rdf:Description rdf:about="http://data.linkedmdb.org/resource/film/11586">
    <movie:actor rdf:resource="http://data.linkedmdb.org/resource/actor/1267"/>
  </rdf:Description>
  <rdf:Description rdf:about="http://data.linkedmdb.org/resource/film/1851">
    <movie:actor rdf:resource="http://data.linkedmdb.org/resource/actor/1267"/>
  </rdf:Description>
  <rdf:Description rdf:about="http://data.linkedmdb.org/resource/film/66025">
    <movie:actor rdf:resource="http://data.linkedmdb.org/resource/actor/1267"/>
  </rdf:Description>
  <rdf:Description rdf:about="http://data.linkedmdb.org/resource/film/7575">
    <movie:actor rdf:resource="http://data.linkedmdb.org/resource/actor/1267"/>
  </rdf:Description>
  <rdf:Description rdf:about="http://data.linkedmdb.org/resource/film/56924">
    <movie:actor rdf:resource="http://data.linkedmdb.org/resource/actor/1267"/>
  </rdf:Description>
  <rdf:Description rdf:about="http://data.linkedmdb.org/resource/film/67536">
    <movie:actor rdf:resource="http://data.linkedmdb.org/resource/actor/1267"/>
  </rdf:Description>
  <rdf:Description rdf:about="http://data.linkedmdb.org/resource/film/77162">
    <movie:actor rdf:resource="http://data.linkedmdb.org/resource/actor/1267"/>
  </rdf:Description>
  <rdf:Description rdf:about="http://data.linkedmdb.org/resource/film/81265">
    <movie:actor rdf:resource="http://data.linkedmdb.org/resource/actor/1267"/>
  </rdf:Description>
</rdf:RDF>
