<?xml version="1.0"?>
<rdf:RDF
    xmlns:dbpedia="http://dbpedia.org/property/"
    xmlns:skos="http://www.w3.org/2004/02/skos/core#"
    xmlns:oddlinker="http://data.linkedmdb.org/resource/oddlinker/"
    xmlns:db="http://data.linkedmdb.org/resource/"
    xmlns:movie="http://data.linkedmdb.org/resource/movie/"
    xmlns:rdf="http://www.w3.org/1999/02/22-rdf-syntax-ns#"
    xmlns:map="file:/C:/d2r-server-0.4/mapping.n3#"
    xmlns:foaf="http://xmlns.com/foaf/0.1/"
    xmlns:d2r="http://sites.wiwiss.fu-berlin.de/suhl/bizer/d2r-server/config.rdf#"
    xmlns:owl="http://www.w3.org/2002/07/owl#"
    xmlns:dc="http://purl.org/dc/terms/"
    xmlns:xsd="http://www.w3.org/2001/XMLSchema#"
    xmlns:rdfs="http://www.w3.org/2000/01/rdf-schema#">
  <rdf:Description rdf:about="http://data.linkedmdb.org/resource/film/85702">
    <movie:actor>
      <foaf:Person rdf:about="http://data.linkedmdb.org/resource/actor/11115">
        <movie:performance rdf:resource="http://data.linkedmdb.org/resource/performance/45939"/>
        <foaf:page>
          <rdf:Description rdf:about="http://www.freebase.com/view/guid/9202a8c04000641f800000000571876d">
            <rdfs:seeAlso rdf:resource="http://data.linkedmdb.org/sparql?query=DESCRIBE+%3Chttp%3A%2F%2Fwww.freebase.com%2Fview%2Fguid%2F9202a8c04000641f800000000571876d%3E"/>
          </rdf:Description>
        </foaf:page>
        <movie:actor_actorid rdf:datatype="http://www.w3.org/2001/XMLSchema#int"
        >11115</movie:actor_actorid>
        <movie:performance rdf:resource="http://data.linkedmdb.org/resource/performance/43184"/>
        <foaf:page>
          <rdf:Description rdf:about="http://www.imdb.com/name/nm0151068/">
            <rdfs:seeAlso rdf:resource="http://data.linkedmdb.org/sparql?query=DESCRIBE+%3Chttp%3A%2F%2Fwww.imdb.com%2Fname%2Fnm0151068%2F%3E"/>
          </rdf:Description>
        </foaf:page>
        <movie:actor_name>Philip Chan</movie:actor_name>
        <movie:performance rdf:resource="http://data.linkedmdb.org/resource/performance/171038"/>
        <movie:performance rdf:resource="http://data.linkedmdb.org/resource/performance/89214"/>
        <movie:performance rdf:resource="http://data.linkedmdb.org/resource/performance/81687"/>
        <movie:performance rdf:resource="http://data.linkedmdb.org/resource/performance/86290"/>
        <movie:performance rdf:resource="http://data.linkedmdb.org/resource/performance/139915"/>
        <rdf:type rdf:resource="http://data.linkedmdb.org/resource/movie/actor"/>
        <movie:performance rdf:resource="http://data.linkedmdb.org/resource/performance/84229"/>
        <rdfs:label>Philip Chan (Actor)</rdfs:label>
      </foaf:Person>
    </movie:actor>
  </rdf:Description>
  <rdf:Description rdf:about="http://data.linkedmdb.org/data/actor/11115">
    <rdfs:comment>Contents of this file may include content from 
		      FreeBase (http://www.freebase.com) or Wikipedia 
		      (http://www.wikipedia.org) licensed under CC-BY
		      (http://www.freebase.com/view/common/license/cc_attribution_25)
		      or GFDL (http://en.wikipedia.org/wiki/Wikipedia:Text_of_the_GNU_Free_Documentation_License). 
		      Refer to http://www.linkedmdb.org:8080/Main/Licensing for more details.</rdfs:comment>
    <rdfs:label>RDF Description of Philip Chan (Actor)</rdfs:label>
    <foaf:primaryTopic rdf:resource="http://data.linkedmdb.org/resource/actor/11115"/>
  </rdf:Description>
  <rdf:Description rdf:about="http://data.linkedmdb.org/resource/film/39853">
    <movie:actor rdf:resource="http://data.linkedmdb.org/resource/actor/11115"/>
  </rdf:Description>
  <rdf:Description rdf:about="http://data.linkedmdb.org/resource/film/13705">
    <movie:actor rdf:resource="http://data.linkedmdb.org/resource/actor/11115"/>
  </rdf:Description>
  <rdf:Description rdf:about="http://xmlns.com/foaf/0.1/Person">
    <rdfs:seeAlso rdf:resource="http://data.linkedmdb.org/sparql?query=DESCRIBE+%3Chttp%3A%2F%2Fxmlns.com%2Ffoaf%2F0.1%2FPerson%3E"/>
  </rdf:Description>
  <rdf:Description rdf:about="http://data.linkedmdb.org/resource/film/39688">
    <movie:actor rdf:resource="http://data.linkedmdb.org/resource/actor/11115"/>
  </rdf:Description>
  <rdf:Description rdf:about="http://data.linkedmdb.org/resource/film/1052">
    <movie:actor rdf:resource="http://data.linkedmdb.org/resource/actor/11115"/>
  </rdf:Description>
  <rdf:Description rdf:about="http://data.linkedmdb.org/resource/film/66604">
    <movie:actor rdf:resource="http://data.linkedmdb.org/resource/actor/11115"/>
  </rdf:Description>
  <rdf:Description rdf:about="http://data.linkedmdb.org/resource/film/43013">
    <movie:actor rdf:resource="http://data.linkedmdb.org/resource/actor/11115"/>
  </rdf:Description>
  <rdf:Description rdf:about="http://data.linkedmdb.org/resource/film/9718">
    <movie:actor rdf:resource="http://data.linkedmdb.org/resource/actor/11115"/>
  </rdf:Description>
</rdf:RDF>
