<?xml version="1.0"?>
<rdf:RDF
    xmlns:dbpedia="http://dbpedia.org/property/"
    xmlns:skos="http://www.w3.org/2004/02/skos/core#"
    xmlns:oddlinker="http://data.linkedmdb.org/resource/oddlinker/"
    xmlns:db="http://data.linkedmdb.org/resource/"
    xmlns:movie="http://data.linkedmdb.org/resource/movie/"
    xmlns:rdf="http://www.w3.org/1999/02/22-rdf-syntax-ns#"
    xmlns:map="file:/C:/d2r-server-0.4/mapping.n3#"
    xmlns:foaf="http://xmlns.com/foaf/0.1/"
    xmlns:d2r="http://sites.wiwiss.fu-berlin.de/suhl/bizer/d2r-server/config.rdf#"
    xmlns:owl="http://www.w3.org/2002/07/owl#"
    xmlns:dc="http://purl.org/dc/terms/"
    xmlns:xsd="http://www.w3.org/2001/XMLSchema#"
    xmlns:rdfs="http://www.w3.org/2000/01/rdf-schema#">
  <rdf:Description rdf:about="http://www4.wiwiss.fu-berlin.de/flickrwrappr/photos/Matt_O&apos;Leary">
    <rdfs:seeAlso rdf:resource="http://data.linkedmdb.org/sparql?query=DESCRIBE+%3Chttp%3A%2F%2Fwww4.wiwiss.fu-berlin.de%2Fflickrwrappr%2Fphotos%2FMatt_O%27Leary%3E"/>
  </rdf:Description>
  <rdf:Description rdf:about="http://data.linkedmdb.org/resource/interlink/92979">
    <oddlinker:link_source>
      <movie:actor rdf:about="http://data.linkedmdb.org/resource/actor/1026">
        <movie:performance rdf:resource="http://data.linkedmdb.org/resource/performance/80294"/>
        <movie:performance rdf:resource="http://data.linkedmdb.org/resource/performance/172350"/>
        <movie:actor_name>Matt O'Leary</movie:actor_name>
        <movie:performance rdf:resource="http://data.linkedmdb.org/resource/performance/142923"/>
        <movie:performance rdf:resource="http://data.linkedmdb.org/resource/performance/172348"/>
        <movie:performance rdf:resource="http://data.linkedmdb.org/resource/performance/78800"/>
        <movie:performance rdf:resource="http://data.linkedmdb.org/resource/performance/84425"/>
        <movie:performance rdf:resource="http://data.linkedmdb.org/resource/performance/172349"/>
        <rdfs:label>Matt O'Leary (Actor)</rdfs:label>
        <owl:sameAs>
          <rdf:Description rdf:about="http://mpii.de/yago/resource/Matt_O%27Leary">
            <rdfs:seeAlso rdf:resource="http://data.linkedmdb.org/sparql?query=DESCRIBE+%3Chttp%3A%2F%2Fmpii.de%2Fyago%2Fresource%2FMatt_O%2527Leary%3E"/>
          </rdf:Description>
        </owl:sameAs>
        <movie:performance rdf:resource="http://data.linkedmdb.org/resource/performance/42436"/>
        <foaf:page>
          <rdf:Description rdf:about="http://www.freebase.com/view/guid/9202a8c04000641f8000000000a68145">
            <rdfs:seeAlso rdf:resource="http://data.linkedmdb.org/sparql?query=DESCRIBE+%3Chttp%3A%2F%2Fwww.freebase.com%2Fview%2Fguid%2F9202a8c04000641f8000000000a68145%3E"/>
          </rdf:Description>
        </foaf:page>
        <movie:performance rdf:resource="http://data.linkedmdb.org/resource/performance/82819"/>
        <movie:actor_actorid rdf:datatype="http://www.w3.org/2001/XMLSchema#int"
        >1026</movie:actor_actorid>
        <movie:performance rdf:resource="http://data.linkedmdb.org/resource/performance/82397"/>
        <movie:performance rdf:resource="http://data.linkedmdb.org/resource/performance/172346"/>
        <movie:performance rdf:resource="http://data.linkedmdb.org/resource/performance/84048"/>
        <movie:performance rdf:resource="http://data.linkedmdb.org/resource/performance/45305"/>
        <rdf:type>
          <rdf:Description rdf:about="http://xmlns.com/foaf/0.1/Person">
            <rdfs:seeAlso rdf:resource="http://data.linkedmdb.org/sparql?query=DESCRIBE+%3Chttp%3A%2F%2Fxmlns.com%2Ffoaf%2F0.1%2FPerson%3E"/>
          </rdf:Description>
        </rdf:type>
        <movie:performance rdf:resource="http://data.linkedmdb.org/resource/performance/154849"/>
        <dbpedia:hasPhotoCollection rdf:resource="http://www4.wiwiss.fu-berlin.de/flickrwrappr/photos/Matt_O&apos;Leary"/>
        <movie:performance rdf:resource="http://data.linkedmdb.org/resource/performance/172347"/>
        <owl:sameAs>
          <rdf:Description rdf:about="http://dbpedia.org/resource/Matt_O%27Leary">
            <rdfs:seeAlso rdf:resource="http://data.linkedmdb.org/sparql?query=DESCRIBE+%3Chttp%3A%2F%2Fdbpedia.org%2Fresource%2FMatt_O%2527Leary%3E"/>
          </rdf:Description>
        </owl:sameAs>
      </movie:actor>
    </oddlinker:link_source>
  </rdf:Description>
  <rdf:Description rdf:about="http://data.linkedmdb.org/resource/film/10181">
    <movie:actor rdf:resource="http://data.linkedmdb.org/resource/actor/1026"/>
  </rdf:Description>
  <rdf:Description rdf:about="http://data.linkedmdb.org/resource/film/18300">
    <movie:actor rdf:resource="http://data.linkedmdb.org/resource/actor/1026"/>
  </rdf:Description>
  <rdf:Description rdf:about="http://data.linkedmdb.org/resource/film/3520">
    <movie:actor rdf:resource="http://data.linkedmdb.org/resource/actor/1026"/>
  </rdf:Description>
  <rdf:Description rdf:about="http://data.linkedmdb.org/resource/film/67099">
    <movie:actor rdf:resource="http://data.linkedmdb.org/resource/actor/1026"/>
  </rdf:Description>
  <rdf:Description rdf:about="http://data.linkedmdb.org/resource/film/86641">
    <movie:actor rdf:resource="http://data.linkedmdb.org/resource/actor/1026"/>
  </rdf:Description>
  <rdf:Description rdf:about="http://data.linkedmdb.org/resource/film/4272">
    <movie:actor rdf:resource="http://data.linkedmdb.org/resource/actor/1026"/>
  </rdf:Description>
  <rdf:Description rdf:about="http://data.linkedmdb.org/resource/film/40488">
    <movie:actor rdf:resource="http://data.linkedmdb.org/resource/actor/1026"/>
  </rdf:Description>
  <rdf:Description rdf:about="http://data.linkedmdb.org/resource/film/12455">
    <movie:actor rdf:resource="http://data.linkedmdb.org/resource/actor/1026"/>
  </rdf:Description>
  <rdf:Description rdf:about="http://data.linkedmdb.org/resource/film/41630">
    <movie:actor rdf:resource="http://data.linkedmdb.org/resource/actor/1026"/>
  </rdf:Description>
  <rdf:Description rdf:about="http://data.linkedmdb.org/resource/interlink/104800">
    <oddlinker:link_source rdf:resource="http://data.linkedmdb.org/resource/actor/1026"/>
  </rdf:Description>
  <rdf:Description rdf:about="http://data.linkedmdb.org/data/actor/1026">
    <rdfs:comment>Contents of this file may include content from 
		      FreeBase (http://www.freebase.com) or Wikipedia 
		      (http://www.wikipedia.org) licensed under CC-BY
		      (http://www.freebase.com/view/common/license/cc_attribution_25)
		      or GFDL (http://en.wikipedia.org/wiki/Wikipedia:Text_of_the_GNU_Free_Documentation_License). 
		      Refer to http://www.linkedmdb.org:8080/Main/Licensing for more details.</rdfs:comment>
    <rdfs:label>RDF Description of Matt O'Leary (Actor)</rdfs:label>
    <foaf:primaryTopic rdf:resource="http://data.linkedmdb.org/resource/actor/1026"/>
  </rdf:Description>
  <rdf:Description rdf:about="http://data.linkedmdb.org/resource/film/10165">
    <movie:actor rdf:resource="http://data.linkedmdb.org/resource/actor/1026"/>
  </rdf:Description>
  <rdf:Description rdf:about="http://data.linkedmdb.org/resource/interlink/116621">
    <oddlinker:link_source rdf:resource="http://data.linkedmdb.org/resource/actor/1026"/>
  </rdf:Description>
  <rdf:Description rdf:about="http://data.linkedmdb.org/resource/film/2238">
    <movie:actor rdf:resource="http://data.linkedmdb.org/resource/actor/1026"/>
  </rdf:Description>
  <rdf:Description rdf:about="http://data.linkedmdb.org/resource/film/86642">
    <movie:actor rdf:resource="http://data.linkedmdb.org/resource/actor/1026"/>
  </rdf:Description>
  <rdf:Description rdf:about="http://data.linkedmdb.org/resource/film/13953">
    <movie:actor rdf:resource="http://data.linkedmdb.org/resource/actor/1026"/>
  </rdf:Description>
  <rdf:Description rdf:about="http://data.linkedmdb.org/resource/film/41911">
    <movie:actor rdf:resource="http://data.linkedmdb.org/resource/actor/1026"/>
  </rdf:Description>
  <rdf:Description rdf:about="http://data.linkedmdb.org/resource/film/86640">
    <movie:actor rdf:resource="http://data.linkedmdb.org/resource/actor/1026"/>
  </rdf:Description>
</rdf:RDF>
