<?xml version="1.0"?>
<rdf:RDF
    xmlns:dbpedia="http://dbpedia.org/property/"
    xmlns:skos="http://www.w3.org/2004/02/skos/core#"
    xmlns:oddlinker="http://data.linkedmdb.org/resource/oddlinker/"
    xmlns:db="http://data.linkedmdb.org/resource/"
    xmlns:movie="http://data.linkedmdb.org/resource/movie/"
    xmlns:rdf="http://www.w3.org/1999/02/22-rdf-syntax-ns#"
    xmlns:map="file:/C:/d2r-server-0.4/mapping.n3#"
    xmlns:foaf="http://xmlns.com/foaf/0.1/"
    xmlns:d2r="http://sites.wiwiss.fu-berlin.de/suhl/bizer/d2r-server/config.rdf#"
    xmlns:owl="http://www.w3.org/2002/07/owl#"
    xmlns:dc="http://purl.org/dc/terms/"
    xmlns:xsd="http://www.w3.org/2001/XMLSchema#"
    xmlns:rdfs="http://www.w3.org/2000/01/rdf-schema#">
  <rdf:Description rdf:about="http://data.linkedmdb.org/resource/film/7003">
    <movie:actor>
      <movie:actor rdf:about="http://data.linkedmdb.org/resource/actor/257">
        <dbpedia:hasPhotoCollection>
          <rdf:Description rdf:about="http://www4.wiwiss.fu-berlin.de/flickrwrappr/photos/Ed_O&apos;Neill">
            <rdfs:seeAlso rdf:resource="http://data.linkedmdb.org/sparql?query=DESCRIBE+%3Chttp%3A%2F%2Fwww4.wiwiss.fu-berlin.de%2Fflickrwrappr%2Fphotos%2FEd_O%27Neill%3E"/>
          </rdf:Description>
        </dbpedia:hasPhotoCollection>
        <movie:performance rdf:resource="http://data.linkedmdb.org/resource/performance/88812"/>
        <movie:performance rdf:resource="http://data.linkedmdb.org/resource/performance/44015"/>
        <movie:performance rdf:resource="http://data.linkedmdb.org/resource/performance/81748"/>
        <movie:performance rdf:resource="http://data.linkedmdb.org/resource/performance/54668"/>
        <movie:performance rdf:resource="http://data.linkedmdb.org/resource/performance/4761"/>
        <movie:performance rdf:resource="http://data.linkedmdb.org/resource/performance/87501"/>
        <movie:performance rdf:resource="http://data.linkedmdb.org/resource/performance/94225"/>
        <movie:performance rdf:resource="http://data.linkedmdb.org/resource/performance/18054"/>
        <owl:sameAs>
          <rdf:Description rdf:about="http://mpii.de/yago/resource/Ed_O%27Neill">
            <rdfs:seeAlso rdf:resource="http://data.linkedmdb.org/sparql?query=DESCRIBE+%3Chttp%3A%2F%2Fmpii.de%2Fyago%2Fresource%2FEd_O%2527Neill%3E"/>
          </rdf:Description>
        </owl:sameAs>
        <movie:actor_actorid rdf:datatype="http://www.w3.org/2001/XMLSchema#int"
        >257</movie:actor_actorid>
        <movie:performance rdf:resource="http://data.linkedmdb.org/resource/performance/89762"/>
        <movie:actor_name>Ed O'Neill</movie:actor_name>
        <movie:performance rdf:resource="http://data.linkedmdb.org/resource/performance/87345"/>
        <rdfs:label>Ed O'Neill (Actor)</rdfs:label>
        <movie:performance rdf:resource="http://data.linkedmdb.org/resource/performance/16271"/>
        <foaf:page>
          <rdf:Description rdf:about="http://www.freebase.com/view/guid/9202a8c04000641f800000000034b902">
            <rdfs:seeAlso rdf:resource="http://data.linkedmdb.org/sparql?query=DESCRIBE+%3Chttp%3A%2F%2Fwww.freebase.com%2Fview%2Fguid%2F9202a8c04000641f800000000034b902%3E"/>
          </rdf:Description>
        </foaf:page>
        <movie:performance rdf:resource="http://data.linkedmdb.org/resource/performance/73911"/>
        <movie:performance rdf:resource="http://data.linkedmdb.org/resource/performance/76497"/>
        <rdf:type>
          <rdf:Description rdf:about="http://xmlns.com/foaf/0.1/Person">
            <rdfs:seeAlso rdf:resource="http://data.linkedmdb.org/sparql?query=DESCRIBE+%3Chttp%3A%2F%2Fxmlns.com%2Ffoaf%2F0.1%2FPerson%3E"/>
          </rdf:Description>
        </rdf:type>
        <owl:sameAs>
          <rdf:Description rdf:about="http://dbpedia.org/resource/Ed_O%27Neill">
            <rdfs:seeAlso rdf:resource="http://data.linkedmdb.org/sparql?query=DESCRIBE+%3Chttp%3A%2F%2Fdbpedia.org%2Fresource%2FEd_O%2527Neill%3E"/>
          </rdf:Description>
        </owl:sameAs>
        <movie:performance rdf:resource="http://data.linkedmdb.org/resource/performance/197034"/>
      </movie:actor>
    </movie:actor>
  </rdf:Description>
  <rdf:Description rdf:about="http://data.linkedmdb.org/resource/film/42387">
    <movie:actor rdf:resource="http://data.linkedmdb.org/resource/actor/257"/>
  </rdf:Description>
  <rdf:Description rdf:about="http://data.linkedmdb.org/resource/film/40625">
    <movie:actor rdf:resource="http://data.linkedmdb.org/resource/actor/257"/>
  </rdf:Description>
  <rdf:Description rdf:about="http://data.linkedmdb.org/resource/film/73023">
    <movie:actor rdf:resource="http://data.linkedmdb.org/resource/actor/257"/>
  </rdf:Description>
  <rdf:Description rdf:about="http://data.linkedmdb.org/resource/film/48687">
    <movie:actor rdf:resource="http://data.linkedmdb.org/resource/actor/257"/>
  </rdf:Description>
  <rdf:Description rdf:about="http://data.linkedmdb.org/resource/film/43743">
    <movie:actor rdf:resource="http://data.linkedmdb.org/resource/actor/257"/>
  </rdf:Description>
  <rdf:Description rdf:about="http://data.linkedmdb.org/resource/film/41447">
    <movie:actor rdf:resource="http://data.linkedmdb.org/resource/actor/257"/>
  </rdf:Description>
  <rdf:Description rdf:about="http://data.linkedmdb.org/resource/interlink/88415">
    <oddlinker:link_source rdf:resource="http://data.linkedmdb.org/resource/actor/257"/>
  </rdf:Description>
  <rdf:Description rdf:about="http://data.linkedmdb.org/data/actor/257">
    <rdfs:comment>Contents of this file may include content from 
		      FreeBase (http://www.freebase.com) or Wikipedia 
		      (http://www.wikipedia.org) licensed under CC-BY
		      (http://www.freebase.com/view/common/license/cc_attribution_25)
		      or GFDL (http://en.wikipedia.org/wiki/Wikipedia:Text_of_the_GNU_Free_Documentation_License). 
		      Refer to http://www.linkedmdb.org:8080/Main/Licensing for more details.</rdfs:comment>
    <rdfs:label>RDF Description of Ed O'Neill (Actor)</rdfs:label>
    <foaf:primaryTopic rdf:resource="http://data.linkedmdb.org/resource/actor/257"/>
  </rdf:Description>
  <rdf:Description rdf:about="http://data.linkedmdb.org/resource/interlink/100236">
    <oddlinker:link_source rdf:resource="http://data.linkedmdb.org/resource/actor/257"/>
  </rdf:Description>
  <rdf:Description rdf:about="http://data.linkedmdb.org/resource/film/365">
    <movie:actor rdf:resource="http://data.linkedmdb.org/resource/actor/257"/>
  </rdf:Description>
  <rdf:Description rdf:about="http://data.linkedmdb.org/resource/film/42666">
    <movie:actor rdf:resource="http://data.linkedmdb.org/resource/actor/257"/>
  </rdf:Description>
  <rdf:Description rdf:about="http://data.linkedmdb.org/resource/film/16966">
    <movie:actor rdf:resource="http://data.linkedmdb.org/resource/actor/257"/>
  </rdf:Description>
  <rdf:Description rdf:about="http://data.linkedmdb.org/resource/interlink/112057">
    <oddlinker:link_source rdf:resource="http://data.linkedmdb.org/resource/actor/257"/>
  </rdf:Description>
  <rdf:Description rdf:about="http://data.linkedmdb.org/resource/film/1986">
    <movie:actor rdf:resource="http://data.linkedmdb.org/resource/actor/257"/>
  </rdf:Description>
  <rdf:Description rdf:about="http://data.linkedmdb.org/resource/film/46721">
    <movie:actor rdf:resource="http://data.linkedmdb.org/resource/actor/257"/>
  </rdf:Description>
  <rdf:Description rdf:about="http://data.linkedmdb.org/resource/film/245">
    <movie:actor rdf:resource="http://data.linkedmdb.org/resource/actor/257"/>
  </rdf:Description>
  <rdf:Description rdf:about="http://data.linkedmdb.org/resource/film/41625">
    <movie:actor rdf:resource="http://data.linkedmdb.org/resource/actor/257"/>
  </rdf:Description>
</rdf:RDF>
