<?xml version="1.0"?>
<rdf:RDF
    xmlns:dbpedia="http://dbpedia.org/property/"
    xmlns:skos="http://www.w3.org/2004/02/skos/core#"
    xmlns:oddlinker="http://data.linkedmdb.org/resource/oddlinker/"
    xmlns:db="http://data.linkedmdb.org/resource/"
    xmlns:movie="http://data.linkedmdb.org/resource/movie/"
    xmlns:rdf="http://www.w3.org/1999/02/22-rdf-syntax-ns#"
    xmlns:map="file:/C:/d2r-server-0.4/mapping.n3#"
    xmlns:foaf="http://xmlns.com/foaf/0.1/"
    xmlns:d2r="http://sites.wiwiss.fu-berlin.de/suhl/bizer/d2r-server/config.rdf#"
    xmlns:owl="http://www.w3.org/2002/07/owl#"
    xmlns:dc="http://purl.org/dc/terms/"
    xmlns:xsd="http://www.w3.org/2001/XMLSchema#"
    xmlns:rdfs="http://www.w3.org/2000/01/rdf-schema#">
  <rdf:Description rdf:about="http://data.linkedmdb.org/resource/film/39371">
    <movie:actor>
      <foaf:Person rdf:about="http://data.linkedmdb.org/resource/actor/169">
        <movie:actor_name>Daniel Stern</movie:actor_name>
        <movie:performance rdf:resource="http://data.linkedmdb.org/resource/performance/118489"/>
        <movie:performance rdf:resource="http://data.linkedmdb.org/resource/performance/5787"/>
        <movie:performance rdf:resource="http://data.linkedmdb.org/resource/performance/114774"/>
        <movie:performance rdf:resource="http://data.linkedmdb.org/resource/performance/142477"/>
        <movie:performance rdf:resource="http://data.linkedmdb.org/resource/performance/109171"/>
        <movie:performance rdf:resource="http://data.linkedmdb.org/resource/performance/51136"/>
        <movie:performance rdf:resource="http://data.linkedmdb.org/resource/performance/27648"/>
        <movie:performance rdf:resource="http://data.linkedmdb.org/resource/performance/96628"/>
        <movie:performance rdf:resource="http://data.linkedmdb.org/resource/performance/172846"/>
        <rdfs:label>Daniel Stern (Actor)</rdfs:label>
        <owl:sameAs>
          <rdf:Description rdf:about="http://dbpedia.org/resource/Daniel_Stern_%28actor%29">
            <rdfs:seeAlso rdf:resource="http://data.linkedmdb.org/sparql?query=DESCRIBE+%3Chttp%3A%2F%2Fdbpedia.org%2Fresource%2FDaniel_Stern_%2528actor%2529%3E"/>
          </rdf:Description>
        </owl:sameAs>
        <movie:performance rdf:resource="http://data.linkedmdb.org/resource/performance/72358"/>
        <movie:performance rdf:resource="http://data.linkedmdb.org/resource/performance/6922"/>
        <movie:performance rdf:resource="http://data.linkedmdb.org/resource/performance/71556"/>
        <owl:sameAs>
          <rdf:Description rdf:about="http://mpii.de/yago/resource/Daniel_Stern_%28actor%29">
            <rdfs:seeAlso rdf:resource="http://data.linkedmdb.org/sparql?query=DESCRIBE+%3Chttp%3A%2F%2Fmpii.de%2Fyago%2Fresource%2FDaniel_Stern_%2528actor%2529%3E"/>
          </rdf:Description>
        </owl:sameAs>
        <movie:performance rdf:resource="http://data.linkedmdb.org/resource/performance/64512"/>
        <dbpedia:hasPhotoCollection>
          <rdf:Description rdf:about="http://www4.wiwiss.fu-berlin.de/flickrwrappr/photos/Daniel_Stern_(actor)">
            <rdfs:seeAlso rdf:resource="http://data.linkedmdb.org/sparql?query=DESCRIBE+%3Chttp%3A%2F%2Fwww4.wiwiss.fu-berlin.de%2Fflickrwrappr%2Fphotos%2FDaniel_Stern_%28actor%29%3E"/>
          </rdf:Description>
        </dbpedia:hasPhotoCollection>
        <movie:performance rdf:resource="http://data.linkedmdb.org/resource/performance/6926"/>
        <movie:performance rdf:resource="http://data.linkedmdb.org/resource/performance/170762"/>
        <movie:performance rdf:resource="http://data.linkedmdb.org/resource/performance/8898"/>
        <movie:performance rdf:resource="http://data.linkedmdb.org/resource/performance/142540"/>
        <movie:performance rdf:resource="http://data.linkedmdb.org/resource/performance/103587"/>
        <movie:actor_actorid rdf:datatype="http://www.w3.org/2001/XMLSchema#int"
        >169</movie:actor_actorid>
        <movie:performance rdf:resource="http://data.linkedmdb.org/resource/performance/172112"/>
        <movie:performance rdf:resource="http://data.linkedmdb.org/resource/performance/142610"/>
        <foaf:page>
          <rdf:Description rdf:about="http://www.freebase.com/view/guid/9202a8c04000641f800000000029c26a">
            <rdfs:seeAlso rdf:resource="http://data.linkedmdb.org/sparql?query=DESCRIBE+%3Chttp%3A%2F%2Fwww.freebase.com%2Fview%2Fguid%2F9202a8c04000641f800000000029c26a%3E"/>
          </rdf:Description>
        </foaf:page>
        <movie:performance rdf:resource="http://data.linkedmdb.org/resource/performance/14202"/>
        <movie:performance rdf:resource="http://data.linkedmdb.org/resource/performance/142548"/>
        <movie:performance rdf:resource="http://data.linkedmdb.org/resource/performance/142687"/>
        <movie:performance rdf:resource="http://data.linkedmdb.org/resource/performance/70052"/>
        <movie:performance rdf:resource="http://data.linkedmdb.org/resource/performance/66243"/>
        <movie:performance rdf:resource="http://data.linkedmdb.org/resource/performance/120941"/>
        <rdf:type rdf:resource="http://data.linkedmdb.org/resource/movie/actor"/>
      </foaf:Person>
    </movie:actor>
  </rdf:Description>
  <rdf:Description rdf:about="http://data.linkedmdb.org/resource/film/2915">
    <movie:actor rdf:resource="http://data.linkedmdb.org/resource/actor/169"/>
  </rdf:Description>
  <rdf:Description rdf:about="http://data.linkedmdb.org/resource/film/5227">
    <movie:actor rdf:resource="http://data.linkedmdb.org/resource/actor/169"/>
  </rdf:Description>
  <rdf:Description rdf:about="http://data.linkedmdb.org/resource/film/47693">
    <movie:actor rdf:resource="http://data.linkedmdb.org/resource/actor/169"/>
  </rdf:Description>
  <rdf:Description rdf:about="http://data.linkedmdb.org/data/actor/169">
    <rdfs:comment>Contents of this file may include content from 
		      FreeBase (http://www.freebase.com) or Wikipedia 
		      (http://www.wikipedia.org) licensed under CC-BY
		      (http://www.freebase.com/view/common/license/cc_attribution_25)
		      or GFDL (http://en.wikipedia.org/wiki/Wikipedia:Text_of_the_GNU_Free_Documentation_License). 
		      Refer to http://www.linkedmdb.org:8080/Main/Licensing for more details.</rdfs:comment>
    <rdfs:label>RDF Description of Daniel Stern (Actor)</rdfs:label>
    <foaf:primaryTopic rdf:resource="http://data.linkedmdb.org/resource/actor/169"/>
  </rdf:Description>
  <rdf:Description rdf:about="http://data.linkedmdb.org/resource/film/55546">
    <movie:actor rdf:resource="http://data.linkedmdb.org/resource/actor/169"/>
  </rdf:Description>
  <rdf:Description rdf:about="http://xmlns.com/foaf/0.1/Person">
    <rdfs:seeAlso rdf:resource="http://data.linkedmdb.org/sparql?query=DESCRIBE+%3Chttp%3A%2F%2Fxmlns.com%2Ffoaf%2F0.1%2FPerson%3E"/>
  </rdf:Description>
  <rdf:Description rdf:about="http://data.linkedmdb.org/resource/film/39512">
    <movie:actor rdf:resource="http://data.linkedmdb.org/resource/actor/169"/>
  </rdf:Description>
  <rdf:Description rdf:about="http://data.linkedmdb.org/resource/film/15197">
    <movie:actor rdf:resource="http://data.linkedmdb.org/resource/actor/169"/>
  </rdf:Description>
  <rdf:Description rdf:about="http://data.linkedmdb.org/resource/film/2637">
    <movie:actor rdf:resource="http://data.linkedmdb.org/resource/actor/169"/>
  </rdf:Description>
  <rdf:Description rdf:about="http://data.linkedmdb.org/resource/film/51056">
    <movie:actor rdf:resource="http://data.linkedmdb.org/resource/actor/169"/>
  </rdf:Description>
  <rdf:Description rdf:about="http://data.linkedmdb.org/resource/interlink/111090">
    <oddlinker:link_source rdf:resource="http://data.linkedmdb.org/resource/actor/169"/>
  </rdf:Description>
  <rdf:Description rdf:about="http://data.linkedmdb.org/resource/film/1971">
    <movie:actor rdf:resource="http://data.linkedmdb.org/resource/actor/169"/>
  </rdf:Description>
  <rdf:Description rdf:about="http://data.linkedmdb.org/resource/film/2192">
    <movie:actor rdf:resource="http://data.linkedmdb.org/resource/actor/169"/>
  </rdf:Description>
  <rdf:Description rdf:about="http://data.linkedmdb.org/resource/film/38582">
    <movie:actor rdf:resource="http://data.linkedmdb.org/resource/actor/169"/>
  </rdf:Description>
  <rdf:Description rdf:about="http://data.linkedmdb.org/resource/film/2331">
    <movie:actor rdf:resource="http://data.linkedmdb.org/resource/actor/169"/>
  </rdf:Description>
  <rdf:Description rdf:about="http://data.linkedmdb.org/resource/film/39593">
    <movie:actor rdf:resource="http://data.linkedmdb.org/resource/actor/169"/>
  </rdf:Description>
  <rdf:Description rdf:about="http://data.linkedmdb.org/resource/interlink/99269">
    <oddlinker:link_source rdf:resource="http://data.linkedmdb.org/resource/actor/169"/>
  </rdf:Description>
  <rdf:Description rdf:about="http://data.linkedmdb.org/resource/film/58393">
    <movie:actor rdf:resource="http://data.linkedmdb.org/resource/actor/169"/>
  </rdf:Description>
  <rdf:Description rdf:about="http://data.linkedmdb.org/resource/film/5214">
    <movie:actor rdf:resource="http://data.linkedmdb.org/resource/actor/169"/>
  </rdf:Description>
  <rdf:Description rdf:about="http://data.linkedmdb.org/resource/film/38558">
    <movie:actor rdf:resource="http://data.linkedmdb.org/resource/actor/169"/>
  </rdf:Description>
  <rdf:Description rdf:about="http://data.linkedmdb.org/resource/film/21358">
    <movie:actor rdf:resource="http://data.linkedmdb.org/resource/actor/169"/>
  </rdf:Description>
  <rdf:Description rdf:about="http://data.linkedmdb.org/resource/film/4712">
    <movie:actor rdf:resource="http://data.linkedmdb.org/resource/actor/169"/>
  </rdf:Description>
  <rdf:Description rdf:about="http://data.linkedmdb.org/resource/film/2015">
    <movie:actor rdf:resource="http://data.linkedmdb.org/resource/actor/169"/>
  </rdf:Description>
  <rdf:Description rdf:about="http://data.linkedmdb.org/resource/film/38949">
    <movie:actor rdf:resource="http://data.linkedmdb.org/resource/actor/169"/>
  </rdf:Description>
  <rdf:Description rdf:about="http://data.linkedmdb.org/resource/film/55359">
    <movie:actor rdf:resource="http://data.linkedmdb.org/resource/actor/169"/>
  </rdf:Description>
  <rdf:Description rdf:about="http://data.linkedmdb.org/resource/film/41565">
    <movie:actor rdf:resource="http://data.linkedmdb.org/resource/actor/169"/>
  </rdf:Description>
  <rdf:Description rdf:about="http://data.linkedmdb.org/resource/film/22886">
    <movie:actor rdf:resource="http://data.linkedmdb.org/resource/actor/169"/>
  </rdf:Description>
  <rdf:Description rdf:about="http://data.linkedmdb.org/resource/film/706">
    <movie:actor rdf:resource="http://data.linkedmdb.org/resource/actor/169"/>
  </rdf:Description>
  <rdf:Description rdf:about="http://data.linkedmdb.org/resource/interlink/87448">
    <oddlinker:link_source rdf:resource="http://data.linkedmdb.org/resource/actor/169"/>
  </rdf:Description>
  <rdf:Description rdf:about="http://data.linkedmdb.org/resource/film/39246">
    <movie:actor rdf:resource="http://data.linkedmdb.org/resource/actor/169"/>
  </rdf:Description>
</rdf:RDF>
