<?xml version="1.0"?>
<rdf:RDF
    xmlns:dbpedia="http://dbpedia.org/property/"
    xmlns:skos="http://www.w3.org/2004/02/skos/core#"
    xmlns:oddlinker="http://data.linkedmdb.org/resource/oddlinker/"
    xmlns:db="http://data.linkedmdb.org/resource/"
    xmlns:movie="http://data.linkedmdb.org/resource/movie/"
    xmlns:rdf="http://www.w3.org/1999/02/22-rdf-syntax-ns#"
    xmlns:map="file:/C:/d2r-server-0.4/mapping.n3#"
    xmlns:foaf="http://xmlns.com/foaf/0.1/"
    xmlns:d2r="http://sites.wiwiss.fu-berlin.de/suhl/bizer/d2r-server/config.rdf#"
    xmlns:owl="http://www.w3.org/2002/07/owl#"
    xmlns:dc="http://purl.org/dc/terms/"
    xmlns:xsd="http://www.w3.org/2001/XMLSchema#"
    xmlns:rdfs="http://www.w3.org/2000/01/rdf-schema#">
  <rdf:Description rdf:about="http://data.linkedmdb.org/resource/film/7532">
    <movie:actor>
      <foaf:Person rdf:about="http://data.linkedmdb.org/resource/actor/106">
        <movie:performance rdf:resource="http://data.linkedmdb.org/resource/performance/146480"/>
        <movie:performance rdf:resource="http://data.linkedmdb.org/resource/performance/57759"/>
        <movie:performance rdf:resource="http://data.linkedmdb.org/resource/performance/49098"/>
        <movie:performance rdf:resource="http://data.linkedmdb.org/resource/performance/142690"/>
        <movie:performance rdf:resource="http://data.linkedmdb.org/resource/performance/167417"/>
        <movie:performance rdf:resource="http://data.linkedmdb.org/resource/performance/150537"/>
        <movie:performance rdf:resource="http://data.linkedmdb.org/resource/performance/63447"/>
        <movie:performance rdf:resource="http://data.linkedmdb.org/resource/performance/95355"/>
        <movie:performance rdf:resource="http://data.linkedmdb.org/resource/performance/105600"/>
        <movie:performance rdf:resource="http://data.linkedmdb.org/resource/performance/110766"/>
        <movie:performance rdf:resource="http://data.linkedmdb.org/resource/performance/14033"/>
        <movie:performance rdf:resource="http://data.linkedmdb.org/resource/performance/69560"/>
        <movie:performance rdf:resource="http://data.linkedmdb.org/resource/performance/32624"/>
        <movie:performance rdf:resource="http://data.linkedmdb.org/resource/performance/64765"/>
        <movie:performance rdf:resource="http://data.linkedmdb.org/resource/performance/112469"/>
        <movie:performance rdf:resource="http://data.linkedmdb.org/resource/performance/22452"/>
        <movie:performance rdf:resource="http://data.linkedmdb.org/resource/performance/60653"/>
        <movie:performance rdf:resource="http://data.linkedmdb.org/resource/performance/69658"/>
        <movie:performance rdf:resource="http://data.linkedmdb.org/resource/performance/58604"/>
        <rdfs:label>Robert Taylor (Actor)</rdfs:label>
        <movie:performance rdf:resource="http://data.linkedmdb.org/resource/performance/43627"/>
        <movie:performance rdf:resource="http://data.linkedmdb.org/resource/performance/110283"/>
        <movie:performance rdf:resource="http://data.linkedmdb.org/resource/performance/104626"/>
        <movie:performance rdf:resource="http://data.linkedmdb.org/resource/performance/111686"/>
        <rdf:type rdf:resource="http://data.linkedmdb.org/resource/movie/actor"/>
        <movie:performance rdf:resource="http://data.linkedmdb.org/resource/performance/56020"/>
        <movie:performance rdf:resource="http://data.linkedmdb.org/resource/performance/98429"/>
        <owl:sameAs>
          <rdf:Description rdf:about="http://mpii.de/yago/resource/Robert_Taylor_%28actor%29">
            <rdfs:seeAlso rdf:resource="http://data.linkedmdb.org/sparql?query=DESCRIBE+%3Chttp%3A%2F%2Fmpii.de%2Fyago%2Fresource%2FRobert_Taylor_%2528actor%2529%3E"/>
          </rdf:Description>
        </owl:sameAs>
        <movie:performance rdf:resource="http://data.linkedmdb.org/resource/performance/93587"/>
        <movie:performance rdf:resource="http://data.linkedmdb.org/resource/performance/103614"/>
        <movie:performance rdf:resource="http://data.linkedmdb.org/resource/performance/44841"/>
        <movie:actor_name>Robert Taylor</movie:actor_name>
        <movie:performance rdf:resource="http://data.linkedmdb.org/resource/performance/63744"/>
        <movie:performance rdf:resource="http://data.linkedmdb.org/resource/performance/64794"/>
        <movie:performance rdf:resource="http://data.linkedmdb.org/resource/performance/110986"/>
        <movie:performance rdf:resource="http://data.linkedmdb.org/resource/performance/23771"/>
        <movie:performance rdf:resource="http://data.linkedmdb.org/resource/performance/148540"/>
        <movie:performance rdf:resource="http://data.linkedmdb.org/resource/performance/108977"/>
        <movie:performance rdf:resource="http://data.linkedmdb.org/resource/performance/118148"/>
        <foaf:page>
          <rdf:Description rdf:about="http://www.freebase.com/view/guid/9202a8c04000641f80000000001d0d54">
            <rdfs:seeAlso rdf:resource="http://data.linkedmdb.org/sparql?query=DESCRIBE+%3Chttp%3A%2F%2Fwww.freebase.com%2Fview%2Fguid%2F9202a8c04000641f80000000001d0d54%3E"/>
          </rdf:Description>
        </foaf:page>
        <movie:performance rdf:resource="http://data.linkedmdb.org/resource/performance/65159"/>
        <movie:performance rdf:resource="http://data.linkedmdb.org/resource/performance/54662"/>
        <movie:performance rdf:resource="http://data.linkedmdb.org/resource/performance/110765"/>
        <movie:performance rdf:resource="http://data.linkedmdb.org/resource/performance/111001"/>
        <dbpedia:hasPhotoCollection>
          <rdf:Description rdf:about="http://www4.wiwiss.fu-berlin.de/flickrwrappr/photos/Robert_Taylor_(actor)">
            <rdfs:seeAlso rdf:resource="http://data.linkedmdb.org/sparql?query=DESCRIBE+%3Chttp%3A%2F%2Fwww4.wiwiss.fu-berlin.de%2Fflickrwrappr%2Fphotos%2FRobert_Taylor_%28actor%29%3E"/>
          </rdf:Description>
        </dbpedia:hasPhotoCollection>
        <owl:sameAs>
          <rdf:Description rdf:about="http://dbpedia.org/resource/Robert_Taylor_%28actor%29">
            <rdfs:seeAlso rdf:resource="http://data.linkedmdb.org/sparql?query=DESCRIBE+%3Chttp%3A%2F%2Fdbpedia.org%2Fresource%2FRobert_Taylor_%2528actor%2529%3E"/>
          </rdf:Description>
        </owl:sameAs>
        <movie:performance rdf:resource="http://data.linkedmdb.org/resource/performance/104643"/>
        <movie:actor_actorid rdf:datatype="http://www.w3.org/2001/XMLSchema#int"
        >106</movie:actor_actorid>
        <movie:performance rdf:resource="http://data.linkedmdb.org/resource/performance/106240"/>
        <movie:performance rdf:resource="http://data.linkedmdb.org/resource/performance/74666"/>
        <movie:performance rdf:resource="http://data.linkedmdb.org/resource/performance/182694"/>
        <movie:performance rdf:resource="http://data.linkedmdb.org/resource/performance/72787"/>
        <movie:performance rdf:resource="http://data.linkedmdb.org/resource/performance/37867"/>
        <movie:performance rdf:resource="http://data.linkedmdb.org/resource/performance/110425"/>
      </foaf:Person>
    </movie:actor>
  </rdf:Description>
  <rdf:Description rdf:about="http://data.linkedmdb.org/resource/film/49382">
    <movie:actor rdf:resource="http://data.linkedmdb.org/resource/actor/106"/>
  </rdf:Description>
  <rdf:Description rdf:about="http://data.linkedmdb.org/resource/film/72326">
    <movie:actor rdf:resource="http://data.linkedmdb.org/resource/actor/106"/>
  </rdf:Description>
  <rdf:Description rdf:about="http://data.linkedmdb.org/resource/film/15418">
    <movie:actor rdf:resource="http://data.linkedmdb.org/resource/actor/106"/>
  </rdf:Description>
  <rdf:Description rdf:about="http://data.linkedmdb.org/resource/film/41580">
    <movie:actor rdf:resource="http://data.linkedmdb.org/resource/actor/106"/>
  </rdf:Description>
  <rdf:Description rdf:about="http://data.linkedmdb.org/resource/film/72769">
    <movie:actor rdf:resource="http://data.linkedmdb.org/resource/actor/106"/>
  </rdf:Description>
  <rdf:Description rdf:about="http://data.linkedmdb.org/resource/film/14335">
    <movie:actor rdf:resource="http://data.linkedmdb.org/resource/actor/106"/>
  </rdf:Description>
  <rdf:Description rdf:about="http://data.linkedmdb.org/resource/interlink/94953">
    <oddlinker:link_source rdf:resource="http://data.linkedmdb.org/resource/actor/106"/>
  </rdf:Description>
  <rdf:Description rdf:about="http://data.linkedmdb.org/resource/film/41401">
    <movie:actor rdf:resource="http://data.linkedmdb.org/resource/actor/106"/>
  </rdf:Description>
  <rdf:Description rdf:about="http://data.linkedmdb.org/resource/film/23664">
    <movie:actor rdf:resource="http://data.linkedmdb.org/resource/actor/106"/>
  </rdf:Description>
  <rdf:Description rdf:about="http://data.linkedmdb.org/resource/film/23369">
    <movie:actor rdf:resource="http://data.linkedmdb.org/resource/actor/106"/>
  </rdf:Description>
  <rdf:Description rdf:about="http://data.linkedmdb.org/resource/film/69735">
    <movie:actor rdf:resource="http://data.linkedmdb.org/resource/actor/106"/>
  </rdf:Description>
  <rdf:Description rdf:about="http://data.linkedmdb.org/resource/film/376">
    <movie:actor rdf:resource="http://data.linkedmdb.org/resource/actor/106"/>
  </rdf:Description>
  <rdf:Description rdf:about="http://data.linkedmdb.org/resource/film/45271">
    <movie:actor rdf:resource="http://data.linkedmdb.org/resource/actor/106"/>
  </rdf:Description>
  <rdf:Description rdf:about="http://data.linkedmdb.org/resource/film/10807">
    <movie:actor rdf:resource="http://data.linkedmdb.org/resource/actor/106"/>
  </rdf:Description>
  <rdf:Description rdf:about="http://data.linkedmdb.org/resource/film/9014">
    <movie:actor rdf:resource="http://data.linkedmdb.org/resource/actor/106"/>
  </rdf:Description>
  <rdf:Description rdf:about="http://data.linkedmdb.org/resource/film/11288">
    <movie:actor rdf:resource="http://data.linkedmdb.org/resource/actor/106"/>
  </rdf:Description>
  <rdf:Description rdf:about="http://data.linkedmdb.org/resource/interlink/118595">
    <oddlinker:link_source rdf:resource="http://data.linkedmdb.org/resource/actor/106"/>
  </rdf:Description>
  <rdf:Description rdf:about="http://data.linkedmdb.org/resource/film/7533">
    <movie:actor rdf:resource="http://data.linkedmdb.org/resource/actor/106"/>
  </rdf:Description>
  <rdf:Description rdf:about="http://data.linkedmdb.org/resource/film/6366">
    <movie:actor rdf:resource="http://data.linkedmdb.org/resource/actor/106"/>
  </rdf:Description>
  <rdf:Description rdf:about="http://data.linkedmdb.org/resource/film/4242">
    <movie:actor rdf:resource="http://data.linkedmdb.org/resource/actor/106"/>
  </rdf:Description>
  <rdf:Description rdf:about="http://data.linkedmdb.org/resource/film/24768">
    <movie:actor rdf:resource="http://data.linkedmdb.org/resource/actor/106"/>
  </rdf:Description>
  <rdf:Description rdf:about="http://data.linkedmdb.org/resource/film/5353">
    <movie:actor rdf:resource="http://data.linkedmdb.org/resource/actor/106"/>
  </rdf:Description>
  <rdf:Description rdf:about="http://data.linkedmdb.org/resource/film/13409">
    <movie:actor rdf:resource="http://data.linkedmdb.org/resource/actor/106"/>
  </rdf:Description>
  <rdf:Description rdf:about="http://data.linkedmdb.org/resource/film/23683">
    <movie:actor rdf:resource="http://data.linkedmdb.org/resource/actor/106"/>
  </rdf:Description>
  <rdf:Description rdf:about="http://data.linkedmdb.org/resource/film/11223">
    <movie:actor rdf:resource="http://data.linkedmdb.org/resource/actor/106"/>
  </rdf:Description>
  <rdf:Description rdf:about="http://data.linkedmdb.org/resource/film/4955">
    <movie:actor rdf:resource="http://data.linkedmdb.org/resource/actor/106"/>
  </rdf:Description>
  <rdf:Description rdf:about="http://data.linkedmdb.org/resource/film/45347">
    <movie:actor rdf:resource="http://data.linkedmdb.org/resource/actor/106"/>
  </rdf:Description>
  <rdf:Description rdf:about="http://data.linkedmdb.org/data/actor/106">
    <rdfs:comment>Contents of this file may include content from 
		      FreeBase (http://www.freebase.com) or Wikipedia 
		      (http://www.wikipedia.org) licensed under CC-BY
		      (http://www.freebase.com/view/common/license/cc_attribution_25)
		      or GFDL (http://en.wikipedia.org/wiki/Wikipedia:Text_of_the_GNU_Free_Documentation_License). 
		      Refer to http://www.linkedmdb.org:8080/Main/Licensing for more details.</rdfs:comment>
    <rdfs:label>RDF Description of Robert Taylor (Actor)</rdfs:label>
    <foaf:primaryTopic rdf:resource="http://data.linkedmdb.org/resource/actor/106"/>
  </rdf:Description>
  <rdf:Description rdf:about="http://xmlns.com/foaf/0.1/Person">
    <rdfs:seeAlso rdf:resource="http://data.linkedmdb.org/sparql?query=DESCRIBE+%3Chttp%3A%2F%2Fxmlns.com%2Ffoaf%2F0.1%2FPerson%3E"/>
  </rdf:Description>
  <rdf:Description rdf:about="http://data.linkedmdb.org/resource/film/51936">
    <movie:actor rdf:resource="http://data.linkedmdb.org/resource/actor/106"/>
  </rdf:Description>
  <rdf:Description rdf:about="http://data.linkedmdb.org/resource/film/38264">
    <movie:actor rdf:resource="http://data.linkedmdb.org/resource/actor/106"/>
  </rdf:Description>
  <rdf:Description rdf:about="http://data.linkedmdb.org/resource/film/13476">
    <movie:actor rdf:resource="http://data.linkedmdb.org/resource/actor/106"/>
  </rdf:Description>
  <rdf:Description rdf:about="http://data.linkedmdb.org/resource/film/18868">
    <movie:actor rdf:resource="http://data.linkedmdb.org/resource/actor/106"/>
  </rdf:Description>
  <rdf:Description rdf:about="http://data.linkedmdb.org/resource/film/19220">
    <movie:actor rdf:resource="http://data.linkedmdb.org/resource/actor/106"/>
  </rdf:Description>
  <rdf:Description rdf:about="http://data.linkedmdb.org/resource/film/45338">
    <movie:actor rdf:resource="http://data.linkedmdb.org/resource/actor/106"/>
  </rdf:Description>
  <rdf:Description rdf:about="http://data.linkedmdb.org/resource/film/81254">
    <movie:actor rdf:resource="http://data.linkedmdb.org/resource/actor/106"/>
  </rdf:Description>
  <rdf:Description rdf:about="http://data.linkedmdb.org/resource/film/13238">
    <movie:actor rdf:resource="http://data.linkedmdb.org/resource/actor/106"/>
  </rdf:Description>
  <rdf:Description rdf:about="http://data.linkedmdb.org/resource/film/7090">
    <movie:actor rdf:resource="http://data.linkedmdb.org/resource/actor/106"/>
  </rdf:Description>
  <rdf:Description rdf:about="http://data.linkedmdb.org/resource/interlink/106774">
    <oddlinker:link_source rdf:resource="http://data.linkedmdb.org/resource/actor/106"/>
  </rdf:Description>
  <rdf:Description rdf:about="http://data.linkedmdb.org/resource/film/24246">
    <movie:actor rdf:resource="http://data.linkedmdb.org/resource/actor/106"/>
  </rdf:Description>
  <rdf:Description rdf:about="http://data.linkedmdb.org/resource/film/481">
    <movie:actor rdf:resource="http://data.linkedmdb.org/resource/actor/106"/>
  </rdf:Description>
  <rdf:Description rdf:about="http://data.linkedmdb.org/resource/film/48941">
    <movie:actor rdf:resource="http://data.linkedmdb.org/resource/actor/106"/>
  </rdf:Description>
  <rdf:Description rdf:about="http://data.linkedmdb.org/resource/film/52493">
    <movie:actor rdf:resource="http://data.linkedmdb.org/resource/actor/106"/>
  </rdf:Description>
  <rdf:Description rdf:about="http://data.linkedmdb.org/resource/film/41153">
    <movie:actor rdf:resource="http://data.linkedmdb.org/resource/actor/106"/>
  </rdf:Description>
  <rdf:Description rdf:about="http://data.linkedmdb.org/resource/film/18466">
    <movie:actor rdf:resource="http://data.linkedmdb.org/resource/actor/106"/>
  </rdf:Description>
  <rdf:Description rdf:about="http://data.linkedmdb.org/resource/film/9663">
    <movie:actor rdf:resource="http://data.linkedmdb.org/resource/actor/106"/>
  </rdf:Description>
  <rdf:Description rdf:about="http://data.linkedmdb.org/resource/film/6683">
    <movie:actor rdf:resource="http://data.linkedmdb.org/resource/actor/106"/>
  </rdf:Description>
  <rdf:Description rdf:about="http://data.linkedmdb.org/resource/film/22910">
    <movie:actor rdf:resource="http://data.linkedmdb.org/resource/actor/106"/>
  </rdf:Description>
  <rdf:Description rdf:about="http://data.linkedmdb.org/resource/film/7194">
    <movie:actor rdf:resource="http://data.linkedmdb.org/resource/actor/106"/>
  </rdf:Description>
  <rdf:Description rdf:about="http://data.linkedmdb.org/resource/film/13251">
    <movie:actor rdf:resource="http://data.linkedmdb.org/resource/actor/106"/>
  </rdf:Description>
</rdf:RDF>
