<?xml version="1.0"?>
<rdf:RDF
    xmlns:dbpedia="http://dbpedia.org/property/"
    xmlns:skos="http://www.w3.org/2004/02/skos/core#"
    xmlns:oddlinker="http://data.linkedmdb.org/resource/oddlinker/"
    xmlns:db="http://data.linkedmdb.org/resource/"
    xmlns:movie="http://data.linkedmdb.org/resource/movie/"
    xmlns:rdf="http://www.w3.org/1999/02/22-rdf-syntax-ns#"
    xmlns:map="file:/C:/d2r-server-0.4/mapping.n3#"
    xmlns:foaf="http://xmlns.com/foaf/0.1/"
    xmlns:d2r="http://sites.wiwiss.fu-berlin.de/suhl/bizer/d2r-server/config.rdf#"
    xmlns:owl="http://www.w3.org/2002/07/owl#"
    xmlns:dc="http://purl.org/dc/terms/"
    xmlns:xsd="http://www.w3.org/2001/XMLSchema#"
    xmlns:rdfs="http://www.w3.org/2000/01/rdf-schema#">
  <rdf:Description rdf:about="http://www.freebase.com/view/guid/9202a8c04000641f8000000006b8fee2">
    <rdfs:seeAlso rdf:resource="http://data.linkedmdb.org/sparql?query=DESCRIBE+%3Chttp%3A%2F%2Fwww.freebase.com%2Fview%2Fguid%2F9202a8c04000641f8000000006b8fee2%3E"/>
  </rdf:Description>
  <rdf:Description rdf:about="http://data.linkedmdb.org/resource/film/23288">
    <movie:actor>
      <foaf:Person rdf:about="http://data.linkedmdb.org/resource/actor/11658">
        <movie:performance rdf:resource="http://data.linkedmdb.org/resource/performance/104397"/>
        <movie:performance rdf:resource="http://data.linkedmdb.org/resource/performance/99837"/>
        <movie:performance rdf:resource="http://data.linkedmdb.org/resource/performance/100244"/>
        <movie:performance rdf:resource="http://data.linkedmdb.org/resource/performance/107911"/>
        <movie:performance rdf:resource="http://data.linkedmdb.org/resource/performance/105001"/>
        <owl:sameAs>
          <rdf:Description rdf:about="http://dbpedia.org/resource/Theodore_Lorch">
            <rdfs:seeAlso rdf:resource="http://data.linkedmdb.org/sparql?query=DESCRIBE+%3Chttp%3A%2F%2Fdbpedia.org%2Fresource%2FTheodore_Lorch%3E"/>
          </rdf:Description>
        </owl:sameAs>
        <foaf:page rdf:resource="http://www.freebase.com/view/guid/9202a8c04000641f8000000006b8fee2"/>
        <movie:performance rdf:resource="http://data.linkedmdb.org/resource/performance/105005"/>
        <movie:performance rdf:resource="http://data.linkedmdb.org/resource/performance/107725"/>
        <movie:performance rdf:resource="http://data.linkedmdb.org/resource/performance/104040"/>
        <rdf:type rdf:resource="http://data.linkedmdb.org/resource/movie/actor"/>
        <dbpedia:hasPhotoCollection>
          <rdf:Description rdf:about="http://www4.wiwiss.fu-berlin.de/flickrwrappr/photos/Theodore_Lorch">
            <rdfs:seeAlso rdf:resource="http://data.linkedmdb.org/sparql?query=DESCRIBE+%3Chttp%3A%2F%2Fwww4.wiwiss.fu-berlin.de%2Fflickrwrappr%2Fphotos%2FTheodore_Lorch%3E"/>
          </rdf:Description>
        </dbpedia:hasPhotoCollection>
        <rdfs:label>Theodore Lorch (Actor)</rdfs:label>
        <movie:actor_actorid rdf:datatype="http://www.w3.org/2001/XMLSchema#int"
        >11658</movie:actor_actorid>
        <movie:performance rdf:resource="http://data.linkedmdb.org/resource/performance/100096"/>
        <movie:performance rdf:resource="http://data.linkedmdb.org/resource/performance/173900"/>
        <movie:performance rdf:resource="http://data.linkedmdb.org/resource/performance/102831"/>
        <movie:performance rdf:resource="http://data.linkedmdb.org/resource/performance/100306"/>
        <movie:actor_name>Theodore Lorch</movie:actor_name>
        <movie:performance rdf:resource="http://data.linkedmdb.org/resource/performance/100085"/>
        <owl:sameAs>
          <rdf:Description rdf:about="http://mpii.de/yago/resource/Theodore_Lorch">
            <rdfs:seeAlso rdf:resource="http://data.linkedmdb.org/sparql?query=DESCRIBE+%3Chttp%3A%2F%2Fmpii.de%2Fyago%2Fresource%2FTheodore_Lorch%3E"/>
          </rdf:Description>
        </owl:sameAs>
      </foaf:Person>
    </movie:actor>
  </rdf:Description>
  <rdf:Description rdf:about="http://data.linkedmdb.org/resource/film/23549">
    <movie:actor rdf:resource="http://data.linkedmdb.org/resource/actor/11658"/>
  </rdf:Description>
  <rdf:Description rdf:about="http://data.linkedmdb.org/resource/film/14431">
    <movie:actor rdf:resource="http://data.linkedmdb.org/resource/actor/11658"/>
  </rdf:Description>
  <rdf:Description rdf:about="http://data.linkedmdb.org/resource/interlink/119698">
    <oddlinker:link_source rdf:resource="http://data.linkedmdb.org/resource/actor/11658"/>
  </rdf:Description>
  <rdf:Description rdf:about="http://data.linkedmdb.org/resource/film/12286">
    <movie:actor rdf:resource="http://data.linkedmdb.org/resource/actor/11658"/>
  </rdf:Description>
  <rdf:Description rdf:about="http://data.linkedmdb.org/resource/interlink/96056">
    <oddlinker:link_source rdf:resource="http://data.linkedmdb.org/resource/actor/11658"/>
  </rdf:Description>
  <rdf:Description rdf:about="http://data.linkedmdb.org/resource/film/12249">
    <movie:actor rdf:resource="http://data.linkedmdb.org/resource/actor/11658"/>
  </rdf:Description>
  <rdf:Description rdf:about="http://data.linkedmdb.org/resource/film/47776">
    <movie:actor rdf:resource="http://data.linkedmdb.org/resource/actor/11658"/>
  </rdf:Description>
  <rdf:Description rdf:about="http://xmlns.com/foaf/0.1/Person">
    <rdfs:seeAlso rdf:resource="http://data.linkedmdb.org/sparql?query=DESCRIBE+%3Chttp%3A%2F%2Fxmlns.com%2Ffoaf%2F0.1%2FPerson%3E"/>
  </rdf:Description>
  <rdf:Description rdf:about="http://data.linkedmdb.org/resource/film/49067">
    <movie:actor rdf:resource="http://data.linkedmdb.org/resource/actor/11658"/>
  </rdf:Description>
  <rdf:Description rdf:about="http://data.linkedmdb.org/resource/film/23477">
    <movie:actor rdf:resource="http://data.linkedmdb.org/resource/actor/11658"/>
  </rdf:Description>
  <rdf:Description rdf:about="http://data.linkedmdb.org/resource/film/23906">
    <movie:actor rdf:resource="http://data.linkedmdb.org/resource/actor/11658"/>
  </rdf:Description>
  <rdf:Description rdf:about="http://data.linkedmdb.org/resource/film/22202">
    <movie:actor rdf:resource="http://data.linkedmdb.org/resource/actor/11658"/>
  </rdf:Description>
  <rdf:Description rdf:about="http://data.linkedmdb.org/resource/film/23905">
    <movie:actor rdf:resource="http://data.linkedmdb.org/resource/actor/11658"/>
  </rdf:Description>
  <rdf:Description rdf:about="http://data.linkedmdb.org/data/actor/11658">
    <rdfs:comment>Contents of this file may include content from 
		      FreeBase (http://www.freebase.com) or Wikipedia 
		      (http://www.wikipedia.org) licensed under CC-BY
		      (http://www.freebase.com/view/common/license/cc_attribution_25)
		      or GFDL (http://en.wikipedia.org/wiki/Wikipedia:Text_of_the_GNU_Free_Documentation_License). 
		      Refer to http://www.linkedmdb.org:8080/Main/Licensing for more details.</rdfs:comment>
    <rdfs:label>RDF Description of Theodore Lorch (Actor)</rdfs:label>
    <foaf:primaryTopic rdf:resource="http://data.linkedmdb.org/resource/actor/11658"/>
  </rdf:Description>
  <rdf:Description rdf:about="http://data.linkedmdb.org/resource/film/15193">
    <movie:actor rdf:resource="http://data.linkedmdb.org/resource/actor/11658"/>
  </rdf:Description>
  <rdf:Description rdf:about="http://data.linkedmdb.org/resource/film/161">
    <movie:actor rdf:resource="http://data.linkedmdb.org/resource/actor/11658"/>
  </rdf:Description>
  <rdf:Description rdf:about="http://data.linkedmdb.org/resource/interlink/107877">
    <oddlinker:link_source rdf:resource="http://data.linkedmdb.org/resource/actor/11658"/>
  </rdf:Description>
</rdf:RDF>
