<?xml version="1.0"?>
<rdf:RDF
    xmlns:dbpedia="http://dbpedia.org/property/"
    xmlns:skos="http://www.w3.org/2004/02/skos/core#"
    xmlns:oddlinker="http://data.linkedmdb.org/resource/oddlinker/"
    xmlns:db="http://data.linkedmdb.org/resource/"
    xmlns:movie="http://data.linkedmdb.org/resource/movie/"
    xmlns:rdf="http://www.w3.org/1999/02/22-rdf-syntax-ns#"
    xmlns:map="file:/C:/d2r-server-0.4/mapping.n3#"
    xmlns:foaf="http://xmlns.com/foaf/0.1/"
    xmlns:d2r="http://sites.wiwiss.fu-berlin.de/suhl/bizer/d2r-server/config.rdf#"
    xmlns:owl="http://www.w3.org/2002/07/owl#"
    xmlns:dc="http://purl.org/dc/terms/"
    xmlns:xsd="http://www.w3.org/2001/XMLSchema#"
    xmlns:rdfs="http://www.w3.org/2000/01/rdf-schema#">
  <rdf:Description rdf:about="http://data.linkedmdb.org/resource/film/74459">
    <movie:actor>
      <foaf:Person rdf:about="http://data.linkedmdb.org/resource/actor/24">
        <movie:performance rdf:resource="http://data.linkedmdb.org/resource/performance/119629"/>
        <movie:performance rdf:resource="http://data.linkedmdb.org/resource/performance/92691"/>
        <movie:performance rdf:resource="http://data.linkedmdb.org/resource/performance/166594"/>
        <owl:sameAs>
          <rdf:Description rdf:about="http://mpii.de/yago/resource/Vanessa_L._Williams">
            <rdfs:seeAlso rdf:resource="http://data.linkedmdb.org/sparql?query=DESCRIBE+%3Chttp%3A%2F%2Fmpii.de%2Fyago%2Fresource%2FVanessa_L._Williams%3E"/>
          </rdf:Description>
        </owl:sameAs>
        <movie:performance rdf:resource="http://data.linkedmdb.org/resource/performance/10233"/>
        <owl:sameAs>
          <rdf:Description rdf:about="http://dbpedia.org/resource/Vanessa_L._Williams">
            <rdfs:seeAlso rdf:resource="http://data.linkedmdb.org/sparql?query=DESCRIBE+%3Chttp%3A%2F%2Fdbpedia.org%2Fresource%2FVanessa_L._Williams%3E"/>
          </rdf:Description>
        </owl:sameAs>
        <movie:performance rdf:resource="http://data.linkedmdb.org/resource/performance/119630"/>
        <movie:performance rdf:resource="http://data.linkedmdb.org/resource/performance/11931"/>
        <movie:performance rdf:resource="http://data.linkedmdb.org/resource/performance/101030"/>
        <movie:performance rdf:resource="http://data.linkedmdb.org/resource/performance/151436"/>
        <movie:performance rdf:resource="http://data.linkedmdb.org/resource/performance/94908"/>
        <movie:performance rdf:resource="http://data.linkedmdb.org/resource/performance/119628"/>
        <movie:actor_name>Vanessa L. Williams</movie:actor_name>
        <movie:performance rdf:resource="http://data.linkedmdb.org/resource/performance/107535"/>
        <movie:performance rdf:resource="http://data.linkedmdb.org/resource/performance/127944"/>
        <movie:actor_actorid rdf:datatype="http://www.w3.org/2001/XMLSchema#int"
        >24</movie:actor_actorid>
        <movie:performance rdf:resource="http://data.linkedmdb.org/resource/performance/125981"/>
        <movie:performance rdf:resource="http://data.linkedmdb.org/resource/performance/90478"/>
        <foaf:page>
          <rdf:Description rdf:about="http://www.freebase.com/view/guid/9202a8c04000641f80000000000af5c6">
            <rdfs:seeAlso rdf:resource="http://data.linkedmdb.org/sparql?query=DESCRIBE+%3Chttp%3A%2F%2Fwww.freebase.com%2Fview%2Fguid%2F9202a8c04000641f80000000000af5c6%3E"/>
          </rdf:Description>
        </foaf:page>
        <rdf:type rdf:resource="http://data.linkedmdb.org/resource/movie/actor"/>
        <movie:performance rdf:resource="http://data.linkedmdb.org/resource/performance/187033"/>
        <rdfs:label>Vanessa L. Williams (Actor)</rdfs:label>
        <movie:performance rdf:resource="http://data.linkedmdb.org/resource/performance/100268"/>
        <dbpedia:hasPhotoCollection>
          <rdf:Description rdf:about="http://www4.wiwiss.fu-berlin.de/flickrwrappr/photos/Vanessa_L._Williams">
            <rdfs:seeAlso rdf:resource="http://data.linkedmdb.org/sparql?query=DESCRIBE+%3Chttp%3A%2F%2Fwww4.wiwiss.fu-berlin.de%2Fflickrwrappr%2Fphotos%2FVanessa_L._Williams%3E"/>
          </rdf:Description>
        </dbpedia:hasPhotoCollection>
        <movie:performance rdf:resource="http://data.linkedmdb.org/resource/performance/140678"/>
        <movie:performance rdf:resource="http://data.linkedmdb.org/resource/performance/94235"/>
        <movie:performance rdf:resource="http://data.linkedmdb.org/resource/performance/90830"/>
        <movie:performance rdf:resource="http://data.linkedmdb.org/resource/performance/157753"/>
      </foaf:Person>
    </movie:actor>
  </rdf:Description>
  <rdf:Description rdf:about="http://data.linkedmdb.org/resource/film/42415">
    <movie:actor rdf:resource="http://data.linkedmdb.org/resource/actor/24"/>
  </rdf:Description>
  <rdf:Description rdf:about="http://data.linkedmdb.org/resource/film/20717">
    <movie:actor rdf:resource="http://data.linkedmdb.org/resource/actor/24"/>
  </rdf:Description>
  <rdf:Description rdf:about="http://data.linkedmdb.org/resource/film/77815">
    <movie:actor rdf:resource="http://data.linkedmdb.org/resource/actor/24"/>
  </rdf:Description>
  <rdf:Description rdf:about="http://data.linkedmdb.org/resource/film/1851">
    <movie:actor rdf:resource="http://data.linkedmdb.org/resource/actor/24"/>
  </rdf:Description>
  <rdf:Description rdf:about="http://data.linkedmdb.org/resource/interlink/96421">
    <oddlinker:link_source rdf:resource="http://data.linkedmdb.org/resource/actor/24"/>
  </rdf:Description>
  <rdf:Description rdf:about="http://data.linkedmdb.org/resource/film/61959">
    <movie:actor rdf:resource="http://data.linkedmdb.org/resource/actor/24"/>
  </rdf:Description>
  <rdf:Description rdf:about="http://data.linkedmdb.org/resource/film/4224">
    <movie:actor rdf:resource="http://data.linkedmdb.org/resource/actor/24"/>
  </rdf:Description>
  <rdf:Description rdf:about="http://xmlns.com/foaf/0.1/Person">
    <rdfs:seeAlso rdf:resource="http://data.linkedmdb.org/sparql?query=DESCRIBE+%3Chttp%3A%2F%2Fxmlns.com%2Ffoaf%2F0.1%2FPerson%3E"/>
  </rdf:Description>
  <rdf:Description rdf:about="http://data.linkedmdb.org/resource/film/2554">
    <movie:actor rdf:resource="http://data.linkedmdb.org/resource/actor/24"/>
  </rdf:Description>
  <rdf:Description rdf:about="http://data.linkedmdb.org/resource/film/2962">
    <movie:actor rdf:resource="http://data.linkedmdb.org/resource/actor/24"/>
  </rdf:Description>
  <rdf:Description rdf:about="http://data.linkedmdb.org/resource/film/979">
    <movie:actor rdf:resource="http://data.linkedmdb.org/resource/actor/24"/>
  </rdf:Description>
  <rdf:Description rdf:about="http://data.linkedmdb.org/resource/film/51574">
    <movie:actor rdf:resource="http://data.linkedmdb.org/resource/actor/24"/>
  </rdf:Description>
  <rdf:Description rdf:about="http://data.linkedmdb.org/resource/film/47011">
    <movie:actor rdf:resource="http://data.linkedmdb.org/resource/actor/24"/>
  </rdf:Description>
  <rdf:Description rdf:about="http://data.linkedmdb.org/resource/film/20788">
    <movie:actor rdf:resource="http://data.linkedmdb.org/resource/actor/24"/>
  </rdf:Description>
  <rdf:Description rdf:about="http://data.linkedmdb.org/resource/film/1687">
    <movie:actor rdf:resource="http://data.linkedmdb.org/resource/actor/24"/>
  </rdf:Description>
  <rdf:Description rdf:about="http://data.linkedmdb.org/resource/film/39380">
    <movie:actor rdf:resource="http://data.linkedmdb.org/resource/actor/24"/>
  </rdf:Description>
  <rdf:Description rdf:about="http://data.linkedmdb.org/data/actor/24">
    <rdfs:comment>Contents of this file may include content from 
		      FreeBase (http://www.freebase.com) or Wikipedia 
		      (http://www.wikipedia.org) licensed under CC-BY
		      (http://www.freebase.com/view/common/license/cc_attribution_25)
		      or GFDL (http://en.wikipedia.org/wiki/Wikipedia:Text_of_the_GNU_Free_Documentation_License). 
		      Refer to http://www.linkedmdb.org:8080/Main/Licensing for more details.</rdfs:comment>
    <rdfs:label>RDF Description of Vanessa L. Williams (Actor)</rdfs:label>
    <foaf:primaryTopic rdf:resource="http://data.linkedmdb.org/resource/actor/24"/>
  </rdf:Description>
  <rdf:Description rdf:about="http://data.linkedmdb.org/resource/interlink/108242">
    <oddlinker:link_source rdf:resource="http://data.linkedmdb.org/resource/actor/24"/>
  </rdf:Description>
  <rdf:Description rdf:about="http://data.linkedmdb.org/resource/film/63344">
    <movie:actor rdf:resource="http://data.linkedmdb.org/resource/actor/24"/>
  </rdf:Description>
  <rdf:Description rdf:about="http://data.linkedmdb.org/resource/film/15809">
    <movie:actor rdf:resource="http://data.linkedmdb.org/resource/actor/24"/>
  </rdf:Description>
  <rdf:Description rdf:about="http://data.linkedmdb.org/resource/interlink/120063">
    <oddlinker:link_source rdf:resource="http://data.linkedmdb.org/resource/actor/24"/>
  </rdf:Description>
  <rdf:Description rdf:about="http://data.linkedmdb.org/resource/film/20453">
    <movie:actor rdf:resource="http://data.linkedmdb.org/resource/actor/24"/>
  </rdf:Description>
  <rdf:Description rdf:about="http://data.linkedmdb.org/resource/film/19825">
    <movie:actor rdf:resource="http://data.linkedmdb.org/resource/actor/24"/>
  </rdf:Description>
  <rdf:Description rdf:about="http://data.linkedmdb.org/resource/film/39367">
    <movie:actor rdf:resource="http://data.linkedmdb.org/resource/actor/24"/>
  </rdf:Description>
</rdf:RDF>
