<?xml version="1.0"?>
<rdf:RDF
    xmlns:dbpedia="http://dbpedia.org/property/"
    xmlns:skos="http://www.w3.org/2004/02/skos/core#"
    xmlns:oddlinker="http://data.linkedmdb.org/resource/oddlinker/"
    xmlns:db="http://data.linkedmdb.org/resource/"
    xmlns:movie="http://data.linkedmdb.org/resource/movie/"
    xmlns:rdf="http://www.w3.org/1999/02/22-rdf-syntax-ns#"
    xmlns:map="file:/C:/d2r-server-0.4/mapping.n3#"
    xmlns:foaf="http://xmlns.com/foaf/0.1/"
    xmlns:d2r="http://sites.wiwiss.fu-berlin.de/suhl/bizer/d2r-server/config.rdf#"
    xmlns:owl="http://www.w3.org/2002/07/owl#"
    xmlns:dc="http://purl.org/dc/terms/"
    xmlns:xsd="http://www.w3.org/2001/XMLSchema#"
    xmlns:rdfs="http://www.w3.org/2000/01/rdf-schema#">
  <rdf:Description rdf:about="http://data.linkedmdb.org/resource/film/72734">
    <movie:actor>
      <movie:actor rdf:about="http://data.linkedmdb.org/resource/actor/10983">
        <movie:performance rdf:resource="http://data.linkedmdb.org/resource/performance/147487"/>
        <movie:performance rdf:resource="http://data.linkedmdb.org/resource/performance/172650"/>
        <movie:actor_name>Santhana Bharathi</movie:actor_name>
        <rdfs:label>Santhana Bharathi (Actor)</rdfs:label>
        <movie:actor_actorid rdf:datatype="http://www.w3.org/2001/XMLSchema#int"
        >10983</movie:actor_actorid>
        <movie:performance rdf:resource="http://data.linkedmdb.org/resource/performance/187010"/>
        <foaf:page>
          <rdf:Description rdf:about="http://www.freebase.com/view/guid/9202a8c04000641f800000000569d631">
            <rdfs:seeAlso rdf:resource="http://data.linkedmdb.org/sparql?query=DESCRIBE+%3Chttp%3A%2F%2Fwww.freebase.com%2Fview%2Fguid%2F9202a8c04000641f800000000569d631%3E"/>
          </rdf:Description>
        </foaf:page>
        <movie:performance rdf:resource="http://data.linkedmdb.org/resource/performance/187247"/>
        <movie:performance rdf:resource="http://data.linkedmdb.org/resource/performance/167413"/>
        <movie:performance rdf:resource="http://data.linkedmdb.org/resource/performance/169571"/>
        <movie:performance rdf:resource="http://data.linkedmdb.org/resource/performance/54753"/>
        <movie:performance rdf:resource="http://data.linkedmdb.org/resource/performance/187233"/>
        <movie:performance rdf:resource="http://data.linkedmdb.org/resource/performance/196067"/>
        <movie:performance rdf:resource="http://data.linkedmdb.org/resource/performance/166817"/>
        <movie:performance rdf:resource="http://data.linkedmdb.org/resource/performance/71103"/>
        <movie:performance rdf:resource="http://data.linkedmdb.org/resource/performance/172499"/>
        <movie:performance rdf:resource="http://data.linkedmdb.org/resource/performance/183853"/>
        <movie:performance rdf:resource="http://data.linkedmdb.org/resource/performance/198062"/>
        <rdf:type>
          <rdf:Description rdf:about="http://xmlns.com/foaf/0.1/Person">
            <rdfs:seeAlso rdf:resource="http://data.linkedmdb.org/sparql?query=DESCRIBE+%3Chttp%3A%2F%2Fxmlns.com%2Ffoaf%2F0.1%2FPerson%3E"/>
          </rdf:Description>
        </rdf:type>
        <movie:performance rdf:resource="http://data.linkedmdb.org/resource/performance/161259"/>
        <movie:performance rdf:resource="http://data.linkedmdb.org/resource/performance/159677"/>
      </movie:actor>
    </movie:actor>
  </rdf:Description>
  <rdf:Description rdf:about="http://data.linkedmdb.org/resource/film/15974">
    <movie:actor rdf:resource="http://data.linkedmdb.org/resource/actor/10983"/>
  </rdf:Description>
  <rdf:Description rdf:about="http://data.linkedmdb.org/resource/film/74284">
    <movie:actor rdf:resource="http://data.linkedmdb.org/resource/actor/10983"/>
  </rdf:Description>
  <rdf:Description rdf:about="http://data.linkedmdb.org/resource/film/81242">
    <movie:actor rdf:resource="http://data.linkedmdb.org/resource/actor/10983"/>
  </rdf:Description>
  <rdf:Description rdf:about="http://data.linkedmdb.org/resource/film/78476">
    <movie:actor rdf:resource="http://data.linkedmdb.org/resource/actor/10983"/>
  </rdf:Description>
  <rdf:Description rdf:about="http://data.linkedmdb.org/resource/film/13160">
    <movie:actor rdf:resource="http://data.linkedmdb.org/resource/actor/10983"/>
  </rdf:Description>
  <rdf:Description rdf:about="http://data.linkedmdb.org/resource/film/44031">
    <movie:actor rdf:resource="http://data.linkedmdb.org/resource/actor/10983"/>
  </rdf:Description>
  <rdf:Description rdf:about="http://data.linkedmdb.org/resource/film/47550">
    <movie:actor rdf:resource="http://data.linkedmdb.org/resource/actor/10983"/>
  </rdf:Description>
  <rdf:Description rdf:about="http://data.linkedmdb.org/data/actor/10983">
    <rdfs:comment>Contents of this file may include content from 
		      FreeBase (http://www.freebase.com) or Wikipedia 
		      (http://www.wikipedia.org) licensed under CC-BY
		      (http://www.freebase.com/view/common/license/cc_attribution_25)
		      or GFDL (http://en.wikipedia.org/wiki/Wikipedia:Text_of_the_GNU_Free_Documentation_License). 
		      Refer to http://www.linkedmdb.org:8080/Main/Licensing for more details.</rdfs:comment>
    <rdfs:label>RDF Description of Santhana Bharathi (Actor)</rdfs:label>
    <foaf:primaryTopic rdf:resource="http://data.linkedmdb.org/resource/actor/10983"/>
  </rdf:Description>
  <rdf:Description rdf:about="http://data.linkedmdb.org/resource/film/930">
    <movie:actor rdf:resource="http://data.linkedmdb.org/resource/actor/10983"/>
  </rdf:Description>
  <rdf:Description rdf:about="http://data.linkedmdb.org/resource/film/14337">
    <movie:actor rdf:resource="http://data.linkedmdb.org/resource/actor/10983"/>
  </rdf:Description>
  <rdf:Description rdf:about="http://data.linkedmdb.org/resource/film/73778">
    <movie:actor rdf:resource="http://data.linkedmdb.org/resource/actor/10983"/>
  </rdf:Description>
  <rdf:Description rdf:about="http://data.linkedmdb.org/resource/film/56181">
    <movie:actor rdf:resource="http://data.linkedmdb.org/resource/actor/10983"/>
  </rdf:Description>
  <rdf:Description rdf:about="http://data.linkedmdb.org/resource/film/17849">
    <movie:actor rdf:resource="http://data.linkedmdb.org/resource/actor/10983"/>
  </rdf:Description>
  <rdf:Description rdf:about="http://data.linkedmdb.org/resource/film/47491">
    <movie:actor rdf:resource="http://data.linkedmdb.org/resource/actor/10983"/>
  </rdf:Description>
  <rdf:Description rdf:about="http://data.linkedmdb.org/resource/film/47090">
    <movie:actor rdf:resource="http://data.linkedmdb.org/resource/actor/10983"/>
  </rdf:Description>
  <rdf:Description rdf:about="http://data.linkedmdb.org/resource/film/98155">
    <movie:actor rdf:resource="http://data.linkedmdb.org/resource/actor/10983"/>
  </rdf:Description>
</rdf:RDF>
