<?xml version="1.0"?>
<rdf:RDF
    xmlns:dbpedia="http://dbpedia.org/property/"
    xmlns:skos="http://www.w3.org/2004/02/skos/core#"
    xmlns:oddlinker="http://data.linkedmdb.org/resource/oddlinker/"
    xmlns:db="http://data.linkedmdb.org/resource/"
    xmlns:movie="http://data.linkedmdb.org/resource/movie/"
    xmlns:rdf="http://www.w3.org/1999/02/22-rdf-syntax-ns#"
    xmlns:map="file:/C:/d2r-server-0.4/mapping.n3#"
    xmlns:foaf="http://xmlns.com/foaf/0.1/"
    xmlns:d2r="http://sites.wiwiss.fu-berlin.de/suhl/bizer/d2r-server/config.rdf#"
    xmlns:owl="http://www.w3.org/2002/07/owl#"
    xmlns:dc="http://purl.org/dc/terms/"
    xmlns:xsd="http://www.w3.org/2001/XMLSchema#"
    xmlns:rdfs="http://www.w3.org/2000/01/rdf-schema#">
  <rdf:Description rdf:about="http://data.linkedmdb.org/resource/film/1682">
    <movie:actor>
      <movie:actor rdf:about="http://data.linkedmdb.org/resource/actor/1049">
        <movie:actor_name>Richard T. Jones</movie:actor_name>
        <movie:performance rdf:resource="http://data.linkedmdb.org/resource/performance/99599"/>
        <movie:performance rdf:resource="http://data.linkedmdb.org/resource/performance/168579"/>
        <movie:performance rdf:resource="http://data.linkedmdb.org/resource/performance/132773"/>
        <movie:performance rdf:resource="http://data.linkedmdb.org/resource/performance/11834"/>
        <rdfs:label>Richard T. Jones (Actor)</rdfs:label>
        <movie:actor_actorid rdf:datatype="http://www.w3.org/2001/XMLSchema#int"
        >1049</movie:actor_actorid>
        <owl:sameAs>
          <rdf:Description rdf:about="http://mpii.de/yago/resource/Richard_T._Jones">
            <rdfs:seeAlso rdf:resource="http://data.linkedmdb.org/sparql?query=DESCRIBE+%3Chttp%3A%2F%2Fmpii.de%2Fyago%2Fresource%2FRichard_T._Jones%3E"/>
          </rdf:Description>
        </owl:sameAs>
        <movie:performance rdf:resource="http://data.linkedmdb.org/resource/performance/195839"/>
        <rdf:type>
          <rdf:Description rdf:about="http://xmlns.com/foaf/0.1/Person">
            <rdfs:seeAlso rdf:resource="http://data.linkedmdb.org/sparql?query=DESCRIBE+%3Chttp%3A%2F%2Fxmlns.com%2Ffoaf%2F0.1%2FPerson%3E"/>
          </rdf:Description>
        </rdf:type>
        <owl:sameAs>
          <rdf:Description rdf:about="http://dbpedia.org/resource/Richard_T._Jones">
            <rdfs:seeAlso rdf:resource="http://data.linkedmdb.org/sparql?query=DESCRIBE+%3Chttp%3A%2F%2Fdbpedia.org%2Fresource%2FRichard_T._Jones%3E"/>
          </rdf:Description>
        </owl:sameAs>
        <movie:performance rdf:resource="http://data.linkedmdb.org/resource/performance/182353"/>
        <movie:performance rdf:resource="http://data.linkedmdb.org/resource/performance/80197"/>
        <movie:performance rdf:resource="http://data.linkedmdb.org/resource/performance/50181"/>
        <foaf:page>
          <rdf:Description rdf:about="http://www.freebase.com/view/guid/9202a8c04000641f8000000000ab5811">
            <rdfs:seeAlso rdf:resource="http://data.linkedmdb.org/sparql?query=DESCRIBE+%3Chttp%3A%2F%2Fwww.freebase.com%2Fview%2Fguid%2F9202a8c04000641f8000000000ab5811%3E"/>
          </rdf:Description>
        </foaf:page>
        <movie:performance rdf:resource="http://data.linkedmdb.org/resource/performance/184484"/>
        <dbpedia:hasPhotoCollection>
          <rdf:Description rdf:about="http://www4.wiwiss.fu-berlin.de/flickrwrappr/photos/Richard_T._Jones">
            <rdfs:seeAlso rdf:resource="http://data.linkedmdb.org/sparql?query=DESCRIBE+%3Chttp%3A%2F%2Fwww4.wiwiss.fu-berlin.de%2Fflickrwrappr%2Fphotos%2FRichard_T._Jones%3E"/>
          </rdf:Description>
        </dbpedia:hasPhotoCollection>
        <movie:performance rdf:resource="http://data.linkedmdb.org/resource/performance/122199"/>
        <movie:performance rdf:resource="http://data.linkedmdb.org/resource/performance/36222"/>
        <movie:performance rdf:resource="http://data.linkedmdb.org/resource/performance/18211"/>
      </movie:actor>
    </movie:actor>
  </rdf:Description>
  <rdf:Description rdf:about="http://data.linkedmdb.org/resource/interlink/94480">
    <oddlinker:link_source rdf:resource="http://data.linkedmdb.org/resource/actor/1049"/>
  </rdf:Description>
  <rdf:Description rdf:about="http://data.linkedmdb.org/resource/film/44435">
    <movie:actor rdf:resource="http://data.linkedmdb.org/resource/actor/1049"/>
  </rdf:Description>
  <rdf:Description rdf:about="http://data.linkedmdb.org/resource/film/54424">
    <movie:actor rdf:resource="http://data.linkedmdb.org/resource/actor/1049"/>
  </rdf:Description>
  <rdf:Description rdf:about="http://data.linkedmdb.org/resource/film/1406">
    <movie:actor rdf:resource="http://data.linkedmdb.org/resource/actor/1049"/>
  </rdf:Description>
  <rdf:Description rdf:about="http://data.linkedmdb.org/resource/film/13362">
    <movie:actor rdf:resource="http://data.linkedmdb.org/resource/actor/1049"/>
  </rdf:Description>
  <rdf:Description rdf:about="http://data.linkedmdb.org/resource/film/59267">
    <movie:actor rdf:resource="http://data.linkedmdb.org/resource/actor/1049"/>
  </rdf:Description>
  <rdf:Description rdf:about="http://data.linkedmdb.org/resource/film/56003">
    <movie:actor rdf:resource="http://data.linkedmdb.org/resource/actor/1049"/>
  </rdf:Description>
  <rdf:Description rdf:about="http://data.linkedmdb.org/resource/film/8301">
    <movie:actor rdf:resource="http://data.linkedmdb.org/resource/actor/1049"/>
  </rdf:Description>
  <rdf:Description rdf:about="http://data.linkedmdb.org/resource/film/83009">
    <movie:actor rdf:resource="http://data.linkedmdb.org/resource/actor/1049"/>
  </rdf:Description>
  <rdf:Description rdf:about="http://data.linkedmdb.org/resource/film/40181">
    <movie:actor rdf:resource="http://data.linkedmdb.org/resource/actor/1049"/>
  </rdf:Description>
  <rdf:Description rdf:about="http://data.linkedmdb.org/resource/interlink/118122">
    <oddlinker:link_source rdf:resource="http://data.linkedmdb.org/resource/actor/1049"/>
  </rdf:Description>
  <rdf:Description rdf:about="http://data.linkedmdb.org/resource/interlink/106301">
    <oddlinker:link_source rdf:resource="http://data.linkedmdb.org/resource/actor/1049"/>
  </rdf:Description>
  <rdf:Description rdf:about="http://data.linkedmdb.org/resource/film/18649">
    <movie:actor rdf:resource="http://data.linkedmdb.org/resource/actor/1049"/>
  </rdf:Description>
  <rdf:Description rdf:about="http://data.linkedmdb.org/data/actor/1049">
    <rdfs:comment>Contents of this file may include content from 
		      FreeBase (http://www.freebase.com) or Wikipedia 
		      (http://www.wikipedia.org) licensed under CC-BY
		      (http://www.freebase.com/view/common/license/cc_attribution_25)
		      or GFDL (http://en.wikipedia.org/wiki/Wikipedia:Text_of_the_GNU_Free_Documentation_License). 
		      Refer to http://www.linkedmdb.org:8080/Main/Licensing for more details.</rdfs:comment>
    <rdfs:label>RDF Description of Richard T. Jones (Actor)</rdfs:label>
    <foaf:primaryTopic rdf:resource="http://data.linkedmdb.org/resource/actor/1049"/>
  </rdf:Description>
  <rdf:Description rdf:about="http://data.linkedmdb.org/resource/film/56">
    <movie:actor rdf:resource="http://data.linkedmdb.org/resource/actor/1049"/>
  </rdf:Description>
</rdf:RDF>
