<?xml version="1.0"?>
<rdf:RDF
    xmlns:dbpedia="http://dbpedia.org/property/"
    xmlns:skos="http://www.w3.org/2004/02/skos/core#"
    xmlns:oddlinker="http://data.linkedmdb.org/resource/oddlinker/"
    xmlns:db="http://data.linkedmdb.org/resource/"
    xmlns:movie="http://data.linkedmdb.org/resource/movie/"
    xmlns:rdf="http://www.w3.org/1999/02/22-rdf-syntax-ns#"
    xmlns:map="file:/C:/d2r-server-0.4/mapping.n3#"
    xmlns:foaf="http://xmlns.com/foaf/0.1/"
    xmlns:d2r="http://sites.wiwiss.fu-berlin.de/suhl/bizer/d2r-server/config.rdf#"
    xmlns:owl="http://www.w3.org/2002/07/owl#"
    xmlns:dc="http://purl.org/dc/terms/"
    xmlns:xsd="http://www.w3.org/2001/XMLSchema#"
    xmlns:rdfs="http://www.w3.org/2000/01/rdf-schema#">
  <rdf:Description rdf:about="http://data.linkedmdb.org/resource/film/61227">
    <movie:actor>
      <movie:actor rdf:about="http://data.linkedmdb.org/resource/actor/262">
        <movie:performance rdf:resource="http://data.linkedmdb.org/resource/performance/50998"/>
        <movie:performance rdf:resource="http://data.linkedmdb.org/resource/performance/145007"/>
        <movie:performance rdf:resource="http://data.linkedmdb.org/resource/performance/117084"/>
        <rdf:type>
          <rdf:Description rdf:about="http://xmlns.com/foaf/0.1/Person">
            <rdfs:seeAlso rdf:resource="http://data.linkedmdb.org/sparql?query=DESCRIBE+%3Chttp%3A%2F%2Fxmlns.com%2Ffoaf%2F0.1%2FPerson%3E"/>
          </rdf:Description>
        </rdf:type>
        <movie:actor_name>James Dunn</movie:actor_name>
        <foaf:page>
          <rdf:Description rdf:about="http://www.freebase.com/view/guid/9202a8c04000641f80000000003554ea">
            <rdfs:seeAlso rdf:resource="http://data.linkedmdb.org/sparql?query=DESCRIBE+%3Chttp%3A%2F%2Fwww.freebase.com%2Fview%2Fguid%2F9202a8c04000641f80000000003554ea%3E"/>
          </rdf:Description>
        </foaf:page>
        <movie:performance rdf:resource="http://data.linkedmdb.org/resource/performance/125005"/>
        <movie:performance rdf:resource="http://data.linkedmdb.org/resource/performance/106411"/>
        <movie:performance rdf:resource="http://data.linkedmdb.org/resource/performance/139714"/>
        <movie:performance rdf:resource="http://data.linkedmdb.org/resource/performance/124943"/>
        <movie:performance rdf:resource="http://data.linkedmdb.org/resource/performance/183885"/>
        <movie:actor_actorid rdf:datatype="http://www.w3.org/2001/XMLSchema#int"
        >262</movie:actor_actorid>
        <movie:performance rdf:resource="http://data.linkedmdb.org/resource/performance/71468"/>
        <movie:performance rdf:resource="http://data.linkedmdb.org/resource/performance/113939"/>
        <movie:performance rdf:resource="http://data.linkedmdb.org/resource/performance/130530"/>
        <rdfs:label>James Dunn (Actor)</rdfs:label>
        <movie:performance rdf:resource="http://data.linkedmdb.org/resource/performance/48491"/>
      </movie:actor>
    </movie:actor>
  </rdf:Description>
  <rdf:Description rdf:about="http://data.linkedmdb.org/resource/film/54221">
    <movie:actor rdf:resource="http://data.linkedmdb.org/resource/actor/262"/>
  </rdf:Description>
  <rdf:Description rdf:about="http://data.linkedmdb.org/resource/film/49215">
    <movie:actor rdf:resource="http://data.linkedmdb.org/resource/actor/262"/>
  </rdf:Description>
  <rdf:Description rdf:about="http://data.linkedmdb.org/resource/film/5562">
    <movie:actor rdf:resource="http://data.linkedmdb.org/resource/actor/262"/>
  </rdf:Description>
  <rdf:Description rdf:about="http://data.linkedmdb.org/resource/film/66855">
    <movie:actor rdf:resource="http://data.linkedmdb.org/resource/actor/262"/>
  </rdf:Description>
  <rdf:Description rdf:about="http://data.linkedmdb.org/resource/film/24921">
    <movie:actor rdf:resource="http://data.linkedmdb.org/resource/actor/262"/>
  </rdf:Description>
  <rdf:Description rdf:about="http://data.linkedmdb.org/resource/film/8962">
    <movie:actor rdf:resource="http://data.linkedmdb.org/resource/actor/262"/>
  </rdf:Description>
  <rdf:Description rdf:about="http://data.linkedmdb.org/data/actor/262">
    <rdfs:comment>Contents of this file may include content from 
		      FreeBase (http://www.freebase.com) or Wikipedia 
		      (http://www.wikipedia.org) licensed under CC-BY
		      (http://www.freebase.com/view/common/license/cc_attribution_25)
		      or GFDL (http://en.wikipedia.org/wiki/Wikipedia:Text_of_the_GNU_Free_Documentation_License). 
		      Refer to http://www.linkedmdb.org:8080/Main/Licensing for more details.</rdfs:comment>
    <rdfs:label>RDF Description of James Dunn (Actor)</rdfs:label>
    <foaf:primaryTopic rdf:resource="http://data.linkedmdb.org/resource/actor/262"/>
  </rdf:Description>
  <rdf:Description rdf:about="http://data.linkedmdb.org/resource/film/51210">
    <movie:actor rdf:resource="http://data.linkedmdb.org/resource/actor/262"/>
  </rdf:Description>
  <rdf:Description rdf:about="http://data.linkedmdb.org/resource/film/6142">
    <movie:actor rdf:resource="http://data.linkedmdb.org/resource/actor/262"/>
  </rdf:Description>
  <rdf:Description rdf:about="http://data.linkedmdb.org/resource/film/2040">
    <movie:actor rdf:resource="http://data.linkedmdb.org/resource/actor/262"/>
  </rdf:Description>
  <rdf:Description rdf:about="http://data.linkedmdb.org/resource/film/61270">
    <movie:actor rdf:resource="http://data.linkedmdb.org/resource/actor/262"/>
  </rdf:Description>
  <rdf:Description rdf:about="http://data.linkedmdb.org/resource/film/38242">
    <movie:actor rdf:resource="http://data.linkedmdb.org/resource/actor/262"/>
  </rdf:Description>
</rdf:RDF>
