<?xml version="1.0"?>
<rdf:RDF
    xmlns:dbpedia="http://dbpedia.org/property/"
    xmlns:skos="http://www.w3.org/2004/02/skos/core#"
    xmlns:oddlinker="http://data.linkedmdb.org/resource/oddlinker/"
    xmlns:db="http://data.linkedmdb.org/resource/"
    xmlns:movie="http://data.linkedmdb.org/resource/movie/"
    xmlns:rdf="http://www.w3.org/1999/02/22-rdf-syntax-ns#"
    xmlns:map="file:/C:/d2r-server-0.4/mapping.n3#"
    xmlns:foaf="http://xmlns.com/foaf/0.1/"
    xmlns:d2r="http://sites.wiwiss.fu-berlin.de/suhl/bizer/d2r-server/config.rdf#"
    xmlns:owl="http://www.w3.org/2002/07/owl#"
    xmlns:dc="http://purl.org/dc/terms/"
    xmlns:xsd="http://www.w3.org/2001/XMLSchema#"
    xmlns:rdfs="http://www.w3.org/2000/01/rdf-schema#">
  <rdf:Description rdf:about="http://data.linkedmdb.org/resource/film/19586">
    <movie:actor>
      <foaf:Person rdf:about="http://data.linkedmdb.org/resource/actor/10550">
        <movie:performance rdf:resource="http://data.linkedmdb.org/resource/performance/55368"/>
        <movie:performance rdf:resource="http://data.linkedmdb.org/resource/performance/119368"/>
        <movie:performance rdf:resource="http://data.linkedmdb.org/resource/performance/77361"/>
        <movie:performance rdf:resource="http://data.linkedmdb.org/resource/performance/49823"/>
        <movie:performance rdf:resource="http://data.linkedmdb.org/resource/performance/92451"/>
        <movie:actor_name>Ninetto Davoli</movie:actor_name>
        <movie:performance rdf:resource="http://data.linkedmdb.org/resource/performance/46217"/>
        <rdfs:label>Ninetto Davoli (Actor)</rdfs:label>
        <movie:performance rdf:resource="http://data.linkedmdb.org/resource/performance/175212"/>
        <movie:performance rdf:resource="http://data.linkedmdb.org/resource/performance/54576"/>
        <owl:sameAs>
          <rdf:Description rdf:about="http://mpii.de/yago/resource/Ninetto_Davoli">
            <rdfs:seeAlso rdf:resource="http://data.linkedmdb.org/sparql?query=DESCRIBE+%3Chttp%3A%2F%2Fmpii.de%2Fyago%2Fresource%2FNinetto_Davoli%3E"/>
          </rdf:Description>
        </owl:sameAs>
        <rdf:type rdf:resource="http://data.linkedmdb.org/resource/movie/actor"/>
        <movie:performance rdf:resource="http://data.linkedmdb.org/resource/performance/140246"/>
        <owl:sameAs>
          <rdf:Description rdf:about="http://dbpedia.org/resource/Ninetto_Davoli">
            <rdfs:seeAlso rdf:resource="http://data.linkedmdb.org/sparql?query=DESCRIBE+%3Chttp%3A%2F%2Fdbpedia.org%2Fresource%2FNinetto_Davoli%3E"/>
          </rdf:Description>
        </owl:sameAs>
        <foaf:page>
          <rdf:Description rdf:about="http://www.freebase.com/view/guid/9202a8c04000641f800000000558e983">
            <rdfs:seeAlso rdf:resource="http://data.linkedmdb.org/sparql?query=DESCRIBE+%3Chttp%3A%2F%2Fwww.freebase.com%2Fview%2Fguid%2F9202a8c04000641f800000000558e983%3E"/>
          </rdf:Description>
        </foaf:page>
        <dbpedia:hasPhotoCollection>
          <rdf:Description rdf:about="http://www4.wiwiss.fu-berlin.de/flickrwrappr/photos/Ninetto_Davoli">
            <rdfs:seeAlso rdf:resource="http://data.linkedmdb.org/sparql?query=DESCRIBE+%3Chttp%3A%2F%2Fwww4.wiwiss.fu-berlin.de%2Fflickrwrappr%2Fphotos%2FNinetto_Davoli%3E"/>
          </rdf:Description>
        </dbpedia:hasPhotoCollection>
        <movie:actor_actorid rdf:datatype="http://www.w3.org/2001/XMLSchema#int"
        >10550</movie:actor_actorid>
      </foaf:Person>
    </movie:actor>
  </rdf:Description>
  <rdf:Description rdf:about="http://data.linkedmdb.org/resource/interlink/105361">
    <oddlinker:link_source rdf:resource="http://data.linkedmdb.org/resource/actor/10550"/>
  </rdf:Description>
  <rdf:Description rdf:about="http://data.linkedmdb.org/resource/film/10667">
    <movie:actor rdf:resource="http://data.linkedmdb.org/resource/actor/10550"/>
  </rdf:Description>
  <rdf:Description rdf:about="http://data.linkedmdb.org/resource/film/3339">
    <movie:actor rdf:resource="http://data.linkedmdb.org/resource/actor/10550"/>
  </rdf:Description>
  <rdf:Description rdf:about="http://data.linkedmdb.org/resource/film/42340">
    <movie:actor rdf:resource="http://data.linkedmdb.org/resource/actor/10550"/>
  </rdf:Description>
  <rdf:Description rdf:about="http://data.linkedmdb.org/resource/interlink/117182">
    <oddlinker:link_source rdf:resource="http://data.linkedmdb.org/resource/actor/10550"/>
  </rdf:Description>
  <rdf:Description rdf:about="http://data.linkedmdb.org/resource/film/3027">
    <movie:actor rdf:resource="http://data.linkedmdb.org/resource/actor/10550"/>
  </rdf:Description>
  <rdf:Description rdf:about="http://data.linkedmdb.org/resource/film/53140">
    <movie:actor rdf:resource="http://data.linkedmdb.org/resource/actor/10550"/>
  </rdf:Description>
  <rdf:Description rdf:about="http://xmlns.com/foaf/0.1/Person">
    <rdfs:seeAlso rdf:resource="http://data.linkedmdb.org/sparql?query=DESCRIBE+%3Chttp%3A%2F%2Fxmlns.com%2Ffoaf%2F0.1%2FPerson%3E"/>
  </rdf:Description>
  <rdf:Description rdf:about="http://data.linkedmdb.org/resource/film/766">
    <movie:actor rdf:resource="http://data.linkedmdb.org/resource/actor/10550"/>
  </rdf:Description>
  <rdf:Description rdf:about="http://data.linkedmdb.org/resource/film/7634">
    <movie:actor rdf:resource="http://data.linkedmdb.org/resource/actor/10550"/>
  </rdf:Description>
  <rdf:Description rdf:about="http://data.linkedmdb.org/resource/film/42762">
    <movie:actor rdf:resource="http://data.linkedmdb.org/resource/actor/10550"/>
  </rdf:Description>
  <rdf:Description rdf:about="http://data.linkedmdb.org/resource/film/45441">
    <movie:actor rdf:resource="http://data.linkedmdb.org/resource/actor/10550"/>
  </rdf:Description>
  <rdf:Description rdf:about="http://data.linkedmdb.org/data/actor/10550">
    <rdfs:comment>Contents of this file may include content from 
		      FreeBase (http://www.freebase.com) or Wikipedia 
		      (http://www.wikipedia.org) licensed under CC-BY
		      (http://www.freebase.com/view/common/license/cc_attribution_25)
		      or GFDL (http://en.wikipedia.org/wiki/Wikipedia:Text_of_the_GNU_Free_Documentation_License). 
		      Refer to http://www.linkedmdb.org:8080/Main/Licensing for more details.</rdfs:comment>
    <rdfs:label>RDF Description of Ninetto Davoli (Actor)</rdfs:label>
    <foaf:primaryTopic rdf:resource="http://data.linkedmdb.org/resource/actor/10550"/>
  </rdf:Description>
  <rdf:Description rdf:about="http://data.linkedmdb.org/resource/interlink/93540">
    <oddlinker:link_source rdf:resource="http://data.linkedmdb.org/resource/actor/10550"/>
  </rdf:Description>
</rdf:RDF>
