<?xml version="1.0"?>
<rdf:RDF
    xmlns:dbpedia="http://dbpedia.org/property/"
    xmlns:skos="http://www.w3.org/2004/02/skos/core#"
    xmlns:oddlinker="http://data.linkedmdb.org/resource/oddlinker/"
    xmlns:db="http://data.linkedmdb.org/resource/"
    xmlns:movie="http://data.linkedmdb.org/resource/movie/"
    xmlns:rdf="http://www.w3.org/1999/02/22-rdf-syntax-ns#"
    xmlns:map="file:/C:/d2r-server-0.4/mapping.n3#"
    xmlns:foaf="http://xmlns.com/foaf/0.1/"
    xmlns:d2r="http://sites.wiwiss.fu-berlin.de/suhl/bizer/d2r-server/config.rdf#"
    xmlns:owl="http://www.w3.org/2002/07/owl#"
    xmlns:dc="http://purl.org/dc/terms/"
    xmlns:xsd="http://www.w3.org/2001/XMLSchema#"
    xmlns:rdfs="http://www.w3.org/2000/01/rdf-schema#">
  <rdf:Description rdf:about="http://data.linkedmdb.org/resource/film/44208">
    <movie:actor>
      <foaf:Person rdf:about="http://data.linkedmdb.org/resource/actor/1545">
        <movie:performance rdf:resource="http://data.linkedmdb.org/resource/performance/35679"/>
        <movie:performance rdf:resource="http://data.linkedmdb.org/resource/performance/647"/>
        <movie:performance rdf:resource="http://data.linkedmdb.org/resource/performance/7866"/>
        <movie:performance rdf:resource="http://data.linkedmdb.org/resource/performance/11929"/>
        <movie:performance rdf:resource="http://data.linkedmdb.org/resource/performance/4416"/>
        <movie:performance rdf:resource="http://data.linkedmdb.org/resource/performance/5464"/>
        <movie:performance rdf:resource="http://data.linkedmdb.org/resource/performance/7418"/>
        <foaf:page>
          <rdf:Description rdf:about="http://www.freebase.com/view/guid/9202a8c04000641f80000000010c5f54">
            <rdfs:seeAlso rdf:resource="http://data.linkedmdb.org/sparql?query=DESCRIBE+%3Chttp%3A%2F%2Fwww.freebase.com%2Fview%2Fguid%2F9202a8c04000641f80000000010c5f54%3E"/>
          </rdf:Description>
        </foaf:page>
        <movie:performance rdf:resource="http://data.linkedmdb.org/resource/performance/22916"/>
        <rdfs:label>Joji Yanami (Actor)</rdfs:label>
        <movie:performance rdf:resource="http://data.linkedmdb.org/resource/performance/26797"/>
        <movie:performance rdf:resource="http://data.linkedmdb.org/resource/performance/4906"/>
        <movie:performance rdf:resource="http://data.linkedmdb.org/resource/performance/28161"/>
        <movie:performance rdf:resource="http://data.linkedmdb.org/resource/performance/8359"/>
        <movie:performance rdf:resource="http://data.linkedmdb.org/resource/performance/36278"/>
        <movie:performance rdf:resource="http://data.linkedmdb.org/resource/performance/5478"/>
        <movie:performance rdf:resource="http://data.linkedmdb.org/resource/performance/20747"/>
        <movie:performance rdf:resource="http://data.linkedmdb.org/resource/performance/33954"/>
        <movie:performance rdf:resource="http://data.linkedmdb.org/resource/performance/39536"/>
        <movie:actor_actorid rdf:datatype="http://www.w3.org/2001/XMLSchema#int"
        >1545</movie:actor_actorid>
        <movie:performance rdf:resource="http://data.linkedmdb.org/resource/performance/31971"/>
        <movie:performance rdf:resource="http://data.linkedmdb.org/resource/performance/3606"/>
        <movie:actor_name>Joji Yanami</movie:actor_name>
        <rdf:type rdf:resource="http://data.linkedmdb.org/resource/movie/actor"/>
        <movie:performance rdf:resource="http://data.linkedmdb.org/resource/performance/24351"/>
      </foaf:Person>
    </movie:actor>
  </rdf:Description>
  <rdf:Description rdf:about="http://data.linkedmdb.org/resource/film/2204">
    <movie:actor rdf:resource="http://data.linkedmdb.org/resource/actor/1545"/>
  </rdf:Description>
  <rdf:Description rdf:about="http://data.linkedmdb.org/resource/film/44207">
    <movie:actor rdf:resource="http://data.linkedmdb.org/resource/actor/1545"/>
  </rdf:Description>
  <rdf:Description rdf:about="http://data.linkedmdb.org/resource/film/3363">
    <movie:actor rdf:resource="http://data.linkedmdb.org/resource/actor/1545"/>
  </rdf:Description>
  <rdf:Description rdf:about="http://data.linkedmdb.org/resource/film/1750">
    <movie:actor rdf:resource="http://data.linkedmdb.org/resource/actor/1545"/>
  </rdf:Description>
  <rdf:Description rdf:about="http://data.linkedmdb.org/resource/film/6221">
    <movie:actor rdf:resource="http://data.linkedmdb.org/resource/actor/1545"/>
  </rdf:Description>
  <rdf:Description rdf:about="http://data.linkedmdb.org/resource/film/4505">
    <movie:actor rdf:resource="http://data.linkedmdb.org/resource/actor/1545"/>
  </rdf:Description>
  <rdf:Description rdf:about="http://data.linkedmdb.org/resource/film/1844">
    <movie:actor rdf:resource="http://data.linkedmdb.org/resource/actor/1545"/>
  </rdf:Description>
  <rdf:Description rdf:about="http://data.linkedmdb.org/resource/film/3572">
    <movie:actor rdf:resource="http://data.linkedmdb.org/resource/actor/1545"/>
  </rdf:Description>
  <rdf:Description rdf:about="http://data.linkedmdb.org/resource/film/1835">
    <movie:actor rdf:resource="http://data.linkedmdb.org/resource/actor/1545"/>
  </rdf:Description>
  <rdf:Description rdf:about="http://data.linkedmdb.org/resource/film/45782">
    <movie:actor rdf:resource="http://data.linkedmdb.org/resource/actor/1545"/>
  </rdf:Description>
  <rdf:Description rdf:about="http://data.linkedmdb.org/resource/film/3887">
    <movie:actor rdf:resource="http://data.linkedmdb.org/resource/actor/1545"/>
  </rdf:Description>
  <rdf:Description rdf:about="http://xmlns.com/foaf/0.1/Person">
    <rdfs:seeAlso rdf:resource="http://data.linkedmdb.org/sparql?query=DESCRIBE+%3Chttp%3A%2F%2Fxmlns.com%2Ffoaf%2F0.1%2FPerson%3E"/>
  </rdf:Description>
  <rdf:Description rdf:about="http://data.linkedmdb.org/resource/film/3105">
    <movie:actor rdf:resource="http://data.linkedmdb.org/resource/actor/1545"/>
  </rdf:Description>
  <rdf:Description rdf:about="http://data.linkedmdb.org/resource/film/41275">
    <movie:actor rdf:resource="http://data.linkedmdb.org/resource/actor/1545"/>
  </rdf:Description>
  <rdf:Description rdf:about="http://data.linkedmdb.org/resource/film/6304">
    <movie:actor rdf:resource="http://data.linkedmdb.org/resource/actor/1545"/>
  </rdf:Description>
  <rdf:Description rdf:about="http://data.linkedmdb.org/resource/film/2543">
    <movie:actor rdf:resource="http://data.linkedmdb.org/resource/actor/1545"/>
  </rdf:Description>
  <rdf:Description rdf:about="http://data.linkedmdb.org/resource/film/2852">
    <movie:actor rdf:resource="http://data.linkedmdb.org/resource/actor/1545"/>
  </rdf:Description>
  <rdf:Description rdf:about="http://data.linkedmdb.org/data/actor/1545">
    <rdfs:comment>Contents of this file may include content from 
		      FreeBase (http://www.freebase.com) or Wikipedia 
		      (http://www.wikipedia.org) licensed under CC-BY
		      (http://www.freebase.com/view/common/license/cc_attribution_25)
		      or GFDL (http://en.wikipedia.org/wiki/Wikipedia:Text_of_the_GNU_Free_Documentation_License). 
		      Refer to http://www.linkedmdb.org:8080/Main/Licensing for more details.</rdfs:comment>
    <rdfs:label>RDF Description of Joji Yanami (Actor)</rdfs:label>
    <foaf:primaryTopic rdf:resource="http://data.linkedmdb.org/resource/actor/1545"/>
  </rdf:Description>
  <rdf:Description rdf:about="http://data.linkedmdb.org/resource/film/2850">
    <movie:actor rdf:resource="http://data.linkedmdb.org/resource/actor/1545"/>
  </rdf:Description>
  <rdf:Description rdf:about="http://data.linkedmdb.org/resource/film/4501">
    <movie:actor rdf:resource="http://data.linkedmdb.org/resource/actor/1545"/>
  </rdf:Description>
  <rdf:Description rdf:about="http://data.linkedmdb.org/resource/film/2851">
    <movie:actor rdf:resource="http://data.linkedmdb.org/resource/actor/1545"/>
  </rdf:Description>
</rdf:RDF>
