<?xml version="1.0"?>
<rdf:RDF
    xmlns:dbpedia="http://dbpedia.org/property/"
    xmlns:skos="http://www.w3.org/2004/02/skos/core#"
    xmlns:oddlinker="http://data.linkedmdb.org/resource/oddlinker/"
    xmlns:db="http://data.linkedmdb.org/resource/"
    xmlns:movie="http://data.linkedmdb.org/resource/movie/"
    xmlns:rdf="http://www.w3.org/1999/02/22-rdf-syntax-ns#"
    xmlns:map="file:/C:/d2r-server-0.4/mapping.n3#"
    xmlns:foaf="http://xmlns.com/foaf/0.1/"
    xmlns:d2r="http://sites.wiwiss.fu-berlin.de/suhl/bizer/d2r-server/config.rdf#"
    xmlns:owl="http://www.w3.org/2002/07/owl#"
    xmlns:dc="http://purl.org/dc/terms/"
    xmlns:xsd="http://www.w3.org/2001/XMLSchema#"
    xmlns:rdfs="http://www.w3.org/2000/01/rdf-schema#">
  <rdf:Description rdf:about="http://data.linkedmdb.org/resource/film/19274">
    <movie:actor>
      <foaf:Person rdf:about="http://data.linkedmdb.org/resource/actor/190">
        <movie:performance rdf:resource="http://data.linkedmdb.org/resource/performance/4556"/>
        <movie:performance rdf:resource="http://data.linkedmdb.org/resource/performance/140693"/>
        <movie:performance rdf:resource="http://data.linkedmdb.org/resource/performance/51895"/>
        <movie:performance rdf:resource="http://data.linkedmdb.org/resource/performance/142784"/>
        <movie:performance rdf:resource="http://data.linkedmdb.org/resource/performance/3049"/>
        <movie:performance rdf:resource="http://data.linkedmdb.org/resource/performance/98466"/>
        <movie:performance rdf:resource="http://data.linkedmdb.org/resource/performance/125426"/>
        <foaf:page>
          <rdf:Description rdf:about="http://www.freebase.com/view/guid/9202a8c04000641f80000000002c1947">
            <rdfs:seeAlso rdf:resource="http://data.linkedmdb.org/sparql?query=DESCRIBE+%3Chttp%3A%2F%2Fwww.freebase.com%2Fview%2Fguid%2F9202a8c04000641f80000000002c1947%3E"/>
          </rdf:Description>
        </foaf:page>
        <movie:performance rdf:resource="http://data.linkedmdb.org/resource/performance/55208"/>
        <movie:performance rdf:resource="http://data.linkedmdb.org/resource/performance/119721"/>
        <movie:performance rdf:resource="http://data.linkedmdb.org/resource/performance/125520"/>
        <owl:sameAs>
          <rdf:Description rdf:about="http://dbpedia.org/resource/William_Smith_%28actor%29">
            <rdfs:seeAlso rdf:resource="http://data.linkedmdb.org/sparql?query=DESCRIBE+%3Chttp%3A%2F%2Fdbpedia.org%2Fresource%2FWilliam_Smith_%2528actor%2529%3E"/>
          </rdf:Description>
        </owl:sameAs>
        <movie:performance rdf:resource="http://data.linkedmdb.org/resource/performance/15420"/>
        <movie:performance rdf:resource="http://data.linkedmdb.org/resource/performance/95020"/>
        <movie:performance rdf:resource="http://data.linkedmdb.org/resource/performance/48609"/>
        <movie:performance rdf:resource="http://data.linkedmdb.org/resource/performance/177697"/>
        <movie:actor_name>William Smith</movie:actor_name>
        <movie:performance rdf:resource="http://data.linkedmdb.org/resource/performance/95012"/>
        <movie:performance rdf:resource="http://data.linkedmdb.org/resource/performance/111846"/>
        <dbpedia:hasPhotoCollection>
          <rdf:Description rdf:about="http://www4.wiwiss.fu-berlin.de/flickrwrappr/photos/William_Smith_(actor)">
            <rdfs:seeAlso rdf:resource="http://data.linkedmdb.org/sparql?query=DESCRIBE+%3Chttp%3A%2F%2Fwww4.wiwiss.fu-berlin.de%2Fflickrwrappr%2Fphotos%2FWilliam_Smith_%28actor%29%3E"/>
          </rdf:Description>
        </dbpedia:hasPhotoCollection>
        <movie:actor_actorid rdf:datatype="http://www.w3.org/2001/XMLSchema#int"
        >190</movie:actor_actorid>
        <movie:performance rdf:resource="http://data.linkedmdb.org/resource/performance/123095"/>
        <rdfs:label>William Smith (Actor)</rdfs:label>
        <movie:performance rdf:resource="http://data.linkedmdb.org/resource/performance/117645"/>
        <movie:performance rdf:resource="http://data.linkedmdb.org/resource/performance/51401"/>
        <movie:performance rdf:resource="http://data.linkedmdb.org/resource/performance/94703"/>
        <rdf:type rdf:resource="http://data.linkedmdb.org/resource/movie/actor"/>
        <movie:performance rdf:resource="http://data.linkedmdb.org/resource/performance/78795"/>
        <movie:performance rdf:resource="http://data.linkedmdb.org/resource/performance/190262"/>
        <movie:performance rdf:resource="http://data.linkedmdb.org/resource/performance/125145"/>
        <movie:performance rdf:resource="http://data.linkedmdb.org/resource/performance/140377"/>
        <movie:performance rdf:resource="http://data.linkedmdb.org/resource/performance/129894"/>
        <movie:performance rdf:resource="http://data.linkedmdb.org/resource/performance/64522"/>
        <owl:sameAs>
          <rdf:Description rdf:about="http://mpii.de/yago/resource/William_Smith_%28actor%29">
            <rdfs:seeAlso rdf:resource="http://data.linkedmdb.org/sparql?query=DESCRIBE+%3Chttp%3A%2F%2Fmpii.de%2Fyago%2Fresource%2FWilliam_Smith_%2528actor%2529%3E"/>
          </rdf:Description>
        </owl:sameAs>
        <movie:performance rdf:resource="http://data.linkedmdb.org/resource/performance/80359"/>
        <movie:performance rdf:resource="http://data.linkedmdb.org/resource/performance/124589"/>
      </foaf:Person>
    </movie:actor>
  </rdf:Description>
  <rdf:Description rdf:about="http://data.linkedmdb.org/resource/film/5167">
    <movie:actor rdf:resource="http://data.linkedmdb.org/resource/actor/190"/>
  </rdf:Description>
  <rdf:Description rdf:about="http://data.linkedmdb.org/resource/film/3678">
    <movie:actor rdf:resource="http://data.linkedmdb.org/resource/actor/190"/>
  </rdf:Description>
  <rdf:Description rdf:about="http://data.linkedmdb.org/resource/film/11364">
    <movie:actor rdf:resource="http://data.linkedmdb.org/resource/actor/190"/>
  </rdf:Description>
  <rdf:Description rdf:about="http://data.linkedmdb.org/resource/film/17792">
    <movie:actor rdf:resource="http://data.linkedmdb.org/resource/actor/190"/>
  </rdf:Description>
  <rdf:Description rdf:about="http://data.linkedmdb.org/resource/film/61560">
    <movie:actor rdf:resource="http://data.linkedmdb.org/resource/actor/190"/>
  </rdf:Description>
  <rdf:Description rdf:about="http://data.linkedmdb.org/resource/film/57498">
    <movie:actor rdf:resource="http://data.linkedmdb.org/resource/actor/190"/>
  </rdf:Description>
  <rdf:Description rdf:about="http://data.linkedmdb.org/resource/film/43355">
    <movie:actor rdf:resource="http://data.linkedmdb.org/resource/actor/190"/>
  </rdf:Description>
  <rdf:Description rdf:about="http://xmlns.com/foaf/0.1/Person">
    <rdfs:seeAlso rdf:resource="http://data.linkedmdb.org/sparql?query=DESCRIBE+%3Chttp%3A%2F%2Fxmlns.com%2Ffoaf%2F0.1%2FPerson%3E"/>
  </rdf:Description>
  <rdf:Description rdf:about="http://data.linkedmdb.org/resource/film/51859">
    <movie:actor rdf:resource="http://data.linkedmdb.org/resource/actor/190"/>
  </rdf:Description>
  <rdf:Description rdf:about="http://data.linkedmdb.org/resource/film/39096">
    <movie:actor rdf:resource="http://data.linkedmdb.org/resource/actor/190"/>
  </rdf:Description>
  <rdf:Description rdf:about="http://data.linkedmdb.org/resource/film/64658">
    <movie:actor rdf:resource="http://data.linkedmdb.org/resource/actor/190"/>
  </rdf:Description>
  <rdf:Description rdf:about="http://data.linkedmdb.org/resource/film/44020">
    <movie:actor rdf:resource="http://data.linkedmdb.org/resource/actor/190"/>
  </rdf:Description>
  <rdf:Description rdf:about="http://data.linkedmdb.org/resource/film/40152">
    <movie:actor rdf:resource="http://data.linkedmdb.org/resource/actor/190"/>
  </rdf:Description>
  <rdf:Description rdf:about="http://data.linkedmdb.org/resource/interlink/96935">
    <oddlinker:link_source rdf:resource="http://data.linkedmdb.org/resource/actor/190"/>
  </rdf:Description>
  <rdf:Description rdf:about="http://data.linkedmdb.org/data/actor/190">
    <rdfs:comment>Contents of this file may include content from 
		      FreeBase (http://www.freebase.com) or Wikipedia 
		      (http://www.wikipedia.org) licensed under CC-BY
		      (http://www.freebase.com/view/common/license/cc_attribution_25)
		      or GFDL (http://en.wikipedia.org/wiki/Wikipedia:Text_of_the_GNU_Free_Documentation_License). 
		      Refer to http://www.linkedmdb.org:8080/Main/Licensing for more details.</rdfs:comment>
    <rdfs:label>RDF Description of William Smith (Actor)</rdfs:label>
    <foaf:primaryTopic rdf:resource="http://data.linkedmdb.org/resource/actor/190"/>
  </rdf:Description>
  <rdf:Description rdf:about="http://data.linkedmdb.org/resource/film/11418">
    <movie:actor rdf:resource="http://data.linkedmdb.org/resource/actor/190"/>
  </rdf:Description>
  <rdf:Description rdf:about="http://data.linkedmdb.org/resource/film/4319">
    <movie:actor rdf:resource="http://data.linkedmdb.org/resource/actor/190"/>
  </rdf:Description>
  <rdf:Description rdf:about="http://data.linkedmdb.org/resource/film/61622">
    <movie:actor rdf:resource="http://data.linkedmdb.org/resource/actor/190"/>
  </rdf:Description>
  <rdf:Description rdf:about="http://data.linkedmdb.org/resource/film/1739">
    <movie:actor rdf:resource="http://data.linkedmdb.org/resource/actor/190"/>
  </rdf:Description>
  <rdf:Description rdf:about="http://data.linkedmdb.org/resource/film/59893">
    <movie:actor rdf:resource="http://data.linkedmdb.org/resource/actor/190"/>
  </rdf:Description>
  <rdf:Description rdf:about="http://data.linkedmdb.org/resource/film/60960">
    <movie:actor rdf:resource="http://data.linkedmdb.org/resource/actor/190"/>
  </rdf:Description>
  <rdf:Description rdf:about="http://data.linkedmdb.org/resource/interlink/120577">
    <oddlinker:link_source rdf:resource="http://data.linkedmdb.org/resource/actor/190"/>
  </rdf:Description>
  <rdf:Description rdf:about="http://data.linkedmdb.org/resource/film/61375">
    <movie:actor rdf:resource="http://data.linkedmdb.org/resource/actor/190"/>
  </rdf:Description>
  <rdf:Description rdf:about="http://data.linkedmdb.org/resource/film/12679">
    <movie:actor rdf:resource="http://data.linkedmdb.org/resource/actor/190"/>
  </rdf:Description>
  <rdf:Description rdf:about="http://data.linkedmdb.org/resource/film/3378">
    <movie:actor rdf:resource="http://data.linkedmdb.org/resource/actor/190"/>
  </rdf:Description>
  <rdf:Description rdf:about="http://data.linkedmdb.org/resource/film/43076">
    <movie:actor rdf:resource="http://data.linkedmdb.org/resource/actor/190"/>
  </rdf:Description>
  <rdf:Description rdf:about="http://data.linkedmdb.org/resource/film/46124">
    <movie:actor rdf:resource="http://data.linkedmdb.org/resource/actor/190"/>
  </rdf:Description>
  <rdf:Description rdf:about="http://data.linkedmdb.org/resource/film/5154">
    <movie:actor rdf:resource="http://data.linkedmdb.org/resource/actor/190"/>
  </rdf:Description>
  <rdf:Description rdf:about="http://data.linkedmdb.org/resource/film/44019">
    <movie:actor rdf:resource="http://data.linkedmdb.org/resource/actor/190"/>
  </rdf:Description>
  <rdf:Description rdf:about="http://data.linkedmdb.org/resource/film/43137">
    <movie:actor rdf:resource="http://data.linkedmdb.org/resource/actor/190"/>
  </rdf:Description>
  <rdf:Description rdf:about="http://data.linkedmdb.org/resource/film/2371">
    <movie:actor rdf:resource="http://data.linkedmdb.org/resource/actor/190"/>
  </rdf:Description>
  <rdf:Description rdf:about="http://data.linkedmdb.org/resource/interlink/108756">
    <oddlinker:link_source rdf:resource="http://data.linkedmdb.org/resource/actor/190"/>
  </rdf:Description>
</rdf:RDF>
