<?xml version="1.0"?>
<rdf:RDF
    xmlns:dbpedia="http://dbpedia.org/property/"
    xmlns:skos="http://www.w3.org/2004/02/skos/core#"
    xmlns:oddlinker="http://data.linkedmdb.org/resource/oddlinker/"
    xmlns:db="http://data.linkedmdb.org/resource/"
    xmlns:movie="http://data.linkedmdb.org/resource/movie/"
    xmlns:rdf="http://www.w3.org/1999/02/22-rdf-syntax-ns#"
    xmlns:map="file:/C:/d2r-server-0.4/mapping.n3#"
    xmlns:foaf="http://xmlns.com/foaf/0.1/"
    xmlns:d2r="http://sites.wiwiss.fu-berlin.de/suhl/bizer/d2r-server/config.rdf#"
    xmlns:owl="http://www.w3.org/2002/07/owl#"
    xmlns:dc="http://purl.org/dc/terms/"
    xmlns:xsd="http://www.w3.org/2001/XMLSchema#"
    xmlns:rdfs="http://www.w3.org/2000/01/rdf-schema#">
  <rdf:Description rdf:about="http://data.linkedmdb.org/resource/interlink/113660">
    <oddlinker:link_source>
      <movie:actor rdf:about="http://data.linkedmdb.org/resource/actor/10137">
        <movie:performance rdf:resource="http://data.linkedmdb.org/resource/performance/176047"/>
        <movie:performance rdf:resource="http://data.linkedmdb.org/resource/performance/186877"/>
        <owl:sameAs>
          <rdf:Description rdf:about="http://mpii.de/yago/resource/J._Farrell_MacDonald">
            <rdfs:seeAlso rdf:resource="http://data.linkedmdb.org/sparql?query=DESCRIBE+%3Chttp%3A%2F%2Fmpii.de%2Fyago%2Fresource%2FJ._Farrell_MacDonald%3E"/>
          </rdf:Description>
        </owl:sameAs>
        <movie:performance rdf:resource="http://data.linkedmdb.org/resource/performance/156485"/>
        <movie:performance rdf:resource="http://data.linkedmdb.org/resource/performance/160713"/>
        <movie:performance rdf:resource="http://data.linkedmdb.org/resource/performance/109417"/>
        <movie:performance rdf:resource="http://data.linkedmdb.org/resource/performance/173018"/>
        <owl:sameAs>
          <rdf:Description rdf:about="http://dbpedia.org/resource/J._Farrell_MacDonald">
            <rdfs:seeAlso rdf:resource="http://data.linkedmdb.org/sparql?query=DESCRIBE+%3Chttp%3A%2F%2Fdbpedia.org%2Fresource%2FJ._Farrell_MacDonald%3E"/>
          </rdf:Description>
        </owl:sameAs>
        <rdf:type>
          <rdf:Description rdf:about="http://xmlns.com/foaf/0.1/Person">
            <rdfs:seeAlso rdf:resource="http://data.linkedmdb.org/sparql?query=DESCRIBE+%3Chttp%3A%2F%2Fxmlns.com%2Ffoaf%2F0.1%2FPerson%3E"/>
          </rdf:Description>
        </rdf:type>
        <movie:performance rdf:resource="http://data.linkedmdb.org/resource/performance/98405"/>
        <movie:actor_name>J. Farrell MacDonald</movie:actor_name>
        <dbpedia:hasPhotoCollection>
          <rdf:Description rdf:about="http://www4.wiwiss.fu-berlin.de/flickrwrappr/photos/J._Farrell_MacDonald">
            <rdfs:seeAlso rdf:resource="http://data.linkedmdb.org/sparql?query=DESCRIBE+%3Chttp%3A%2F%2Fwww4.wiwiss.fu-berlin.de%2Fflickrwrappr%2Fphotos%2FJ._Farrell_MacDonald%3E"/>
          </rdf:Description>
        </dbpedia:hasPhotoCollection>
        <movie:performance rdf:resource="http://data.linkedmdb.org/resource/performance/134619"/>
        <movie:performance rdf:resource="http://data.linkedmdb.org/resource/performance/67809"/>
        <rdfs:label>J. Farrell MacDonald (Actor)</rdfs:label>
        <movie:performance rdf:resource="http://data.linkedmdb.org/resource/performance/197741"/>
        <foaf:page>
          <rdf:Description rdf:about="http://www.freebase.com/view/guid/9202a8c04000641f80000000047cfdb1">
            <rdfs:seeAlso rdf:resource="http://data.linkedmdb.org/sparql?query=DESCRIBE+%3Chttp%3A%2F%2Fwww.freebase.com%2Fview%2Fguid%2F9202a8c04000641f80000000047cfdb1%3E"/>
          </rdf:Description>
        </foaf:page>
        <movie:actor_actorid rdf:datatype="http://www.w3.org/2001/XMLSchema#int"
        >10137</movie:actor_actorid>
      </movie:actor>
    </oddlinker:link_source>
  </rdf:Description>
  <rdf:Description rdf:about="http://data.linkedmdb.org/resource/film/88353">
    <movie:actor rdf:resource="http://data.linkedmdb.org/resource/actor/10137"/>
  </rdf:Description>
  <rdf:Description rdf:about="http://data.linkedmdb.org/resource/film/53080">
    <movie:actor rdf:resource="http://data.linkedmdb.org/resource/actor/10137"/>
  </rdf:Description>
  <rdf:Description rdf:about="http://data.linkedmdb.org/resource/interlink/101839">
    <oddlinker:link_source rdf:resource="http://data.linkedmdb.org/resource/actor/10137"/>
  </rdf:Description>
  <rdf:Description rdf:about="http://data.linkedmdb.org/resource/film/7692">
    <movie:actor rdf:resource="http://data.linkedmdb.org/resource/actor/10137"/>
  </rdf:Description>
  <rdf:Description rdf:about="http://data.linkedmdb.org/data/actor/10137">
    <rdfs:comment>Contents of this file may include content from 
		      FreeBase (http://www.freebase.com) or Wikipedia 
		      (http://www.wikipedia.org) licensed under CC-BY
		      (http://www.freebase.com/view/common/license/cc_attribution_25)
		      or GFDL (http://en.wikipedia.org/wiki/Wikipedia:Text_of_the_GNU_Free_Documentation_License). 
		      Refer to http://www.linkedmdb.org:8080/Main/Licensing for more details.</rdfs:comment>
    <rdfs:label>RDF Description of J. Farrell MacDonald (Actor)</rdfs:label>
    <foaf:primaryTopic rdf:resource="http://data.linkedmdb.org/resource/actor/10137"/>
  </rdf:Description>
  <rdf:Description rdf:about="http://data.linkedmdb.org/resource/film/219">
    <movie:actor rdf:resource="http://data.linkedmdb.org/resource/actor/10137"/>
  </rdf:Description>
  <rdf:Description rdf:about="http://data.linkedmdb.org/resource/film/87554">
    <movie:actor rdf:resource="http://data.linkedmdb.org/resource/actor/10137"/>
  </rdf:Description>
  <rdf:Description rdf:about="http://data.linkedmdb.org/resource/interlink/90018">
    <oddlinker:link_source rdf:resource="http://data.linkedmdb.org/resource/actor/10137"/>
  </rdf:Description>
  <rdf:Description rdf:about="http://data.linkedmdb.org/resource/film/6556">
    <movie:actor rdf:resource="http://data.linkedmdb.org/resource/actor/10137"/>
  </rdf:Description>
  <rdf:Description rdf:about="http://data.linkedmdb.org/resource/film/53446">
    <movie:actor rdf:resource="http://data.linkedmdb.org/resource/actor/10137"/>
  </rdf:Description>
  <rdf:Description rdf:about="http://data.linkedmdb.org/resource/film/11170">
    <movie:actor rdf:resource="http://data.linkedmdb.org/resource/actor/10137"/>
  </rdf:Description>
  <rdf:Description rdf:about="http://data.linkedmdb.org/resource/film/86694">
    <movie:actor rdf:resource="http://data.linkedmdb.org/resource/actor/10137"/>
  </rdf:Description>
  <rdf:Description rdf:about="http://data.linkedmdb.org/resource/film/77112">
    <movie:actor rdf:resource="http://data.linkedmdb.org/resource/actor/10137"/>
  </rdf:Description>
</rdf:RDF>
