<?xml version="1.0"?>
<rdf:RDF
    xmlns:dbpedia="http://dbpedia.org/property/"
    xmlns:skos="http://www.w3.org/2004/02/skos/core#"
    xmlns:oddlinker="http://data.linkedmdb.org/resource/oddlinker/"
    xmlns:db="http://data.linkedmdb.org/resource/"
    xmlns:movie="http://data.linkedmdb.org/resource/movie/"
    xmlns:rdf="http://www.w3.org/1999/02/22-rdf-syntax-ns#"
    xmlns:map="file:/C:/d2r-server-0.4/mapping.n3#"
    xmlns:foaf="http://xmlns.com/foaf/0.1/"
    xmlns:d2r="http://sites.wiwiss.fu-berlin.de/suhl/bizer/d2r-server/config.rdf#"
    xmlns:owl="http://www.w3.org/2002/07/owl#"
    xmlns:dc="http://purl.org/dc/terms/"
    xmlns:xsd="http://www.w3.org/2001/XMLSchema#"
    xmlns:rdfs="http://www.w3.org/2000/01/rdf-schema#">
  <rdf:Description rdf:about="http://data.linkedmdb.org/resource/film/49004">
    <movie:actor>
      <movie:actor rdf:about="http://data.linkedmdb.org/resource/actor/189">
        <dbpedia:hasPhotoCollection>
          <rdf:Description rdf:about="http://www4.wiwiss.fu-berlin.de/flickrwrappr/photos/Chris_Cooper_(actor)">
            <rdfs:seeAlso rdf:resource="http://data.linkedmdb.org/sparql?query=DESCRIBE+%3Chttp%3A%2F%2Fwww4.wiwiss.fu-berlin.de%2Fflickrwrappr%2Fphotos%2FChris_Cooper_%28actor%29%3E"/>
          </rdf:Description>
        </dbpedia:hasPhotoCollection>
        <movie:performance rdf:resource="http://data.linkedmdb.org/resource/performance/107727"/>
        <movie:performance rdf:resource="http://data.linkedmdb.org/resource/performance/2102"/>
        <movie:performance rdf:resource="http://data.linkedmdb.org/resource/performance/28450"/>
        <movie:performance rdf:resource="http://data.linkedmdb.org/resource/performance/153330"/>
        <movie:performance rdf:resource="http://data.linkedmdb.org/resource/performance/173207"/>
        <movie:performance rdf:resource="http://data.linkedmdb.org/resource/performance/32517"/>
        <rdfs:label>Chris Cooper (Actor)</rdfs:label>
        <movie:performance rdf:resource="http://data.linkedmdb.org/resource/performance/15776"/>
        <movie:performance rdf:resource="http://data.linkedmdb.org/resource/performance/21614"/>
        <owl:sameAs>
          <rdf:Description rdf:about="http://mpii.de/yago/resource/Chris_Cooper_%28actor%29">
            <rdfs:seeAlso rdf:resource="http://data.linkedmdb.org/sparql?query=DESCRIBE+%3Chttp%3A%2F%2Fmpii.de%2Fyago%2Fresource%2FChris_Cooper_%2528actor%2529%3E"/>
          </rdf:Description>
        </owl:sameAs>
        <movie:performance rdf:resource="http://data.linkedmdb.org/resource/performance/97276"/>
        <movie:performance rdf:resource="http://data.linkedmdb.org/resource/performance/29819"/>
        <owl:sameAs>
          <rdf:Description rdf:about="http://dbpedia.org/resource/Chris_Cooper_%28actor%29">
            <rdfs:seeAlso rdf:resource="http://data.linkedmdb.org/sparql?query=DESCRIBE+%3Chttp%3A%2F%2Fdbpedia.org%2Fresource%2FChris_Cooper_%2528actor%2529%3E"/>
          </rdf:Description>
        </owl:sameAs>
        <movie:performance rdf:resource="http://data.linkedmdb.org/resource/performance/115508"/>
        <movie:performance rdf:resource="http://data.linkedmdb.org/resource/performance/25763"/>
        <movie:performance rdf:resource="http://data.linkedmdb.org/resource/performance/18258"/>
        <movie:performance rdf:resource="http://data.linkedmdb.org/resource/performance/33959"/>
        <movie:performance rdf:resource="http://data.linkedmdb.org/resource/performance/160048"/>
        <movie:actor_name>Chris Cooper</movie:actor_name>
        <movie:performance rdf:resource="http://data.linkedmdb.org/resource/performance/165034"/>
        <movie:performance rdf:resource="http://data.linkedmdb.org/resource/performance/56728"/>
        <movie:performance rdf:resource="http://data.linkedmdb.org/resource/performance/91521"/>
        <movie:performance rdf:resource="http://data.linkedmdb.org/resource/performance/111331"/>
        <movie:performance rdf:resource="http://data.linkedmdb.org/resource/performance/95955"/>
        <movie:performance rdf:resource="http://data.linkedmdb.org/resource/performance/115509"/>
        <movie:performance rdf:resource="http://data.linkedmdb.org/resource/performance/36547"/>
        <movie:performance rdf:resource="http://data.linkedmdb.org/resource/performance/5995"/>
        <foaf:page>
          <rdf:Description rdf:about="http://www.freebase.com/view/guid/9202a8c04000641f80000000002c09b9">
            <rdfs:seeAlso rdf:resource="http://data.linkedmdb.org/sparql?query=DESCRIBE+%3Chttp%3A%2F%2Fwww.freebase.com%2Fview%2Fguid%2F9202a8c04000641f80000000002c09b9%3E"/>
          </rdf:Description>
        </foaf:page>
        <movie:performance rdf:resource="http://data.linkedmdb.org/resource/performance/115450"/>
        <movie:performance rdf:resource="http://data.linkedmdb.org/resource/performance/40753"/>
        <movie:performance rdf:resource="http://data.linkedmdb.org/resource/performance/63794"/>
        <rdf:type>
          <rdf:Description rdf:about="http://xmlns.com/foaf/0.1/Person">
            <rdfs:seeAlso rdf:resource="http://data.linkedmdb.org/sparql?query=DESCRIBE+%3Chttp%3A%2F%2Fxmlns.com%2Ffoaf%2F0.1%2FPerson%3E"/>
          </rdf:Description>
        </rdf:type>
        <movie:performance rdf:resource="http://data.linkedmdb.org/resource/performance/19207"/>
        <movie:actor_actorid rdf:datatype="http://www.w3.org/2001/XMLSchema#int"
        >189</movie:actor_actorid>
        <movie:performance rdf:resource="http://data.linkedmdb.org/resource/performance/1279"/>
        <movie:performance rdf:resource="http://data.linkedmdb.org/resource/performance/189053"/>
        <movie:performance rdf:resource="http://data.linkedmdb.org/resource/performance/54085"/>
        <movie:performance rdf:resource="http://data.linkedmdb.org/resource/performance/57087"/>
      </movie:actor>
    </movie:actor>
  </rdf:Description>
  <rdf:Description rdf:about="http://data.linkedmdb.org/resource/film/97212">
    <movie:actor rdf:resource="http://data.linkedmdb.org/resource/actor/189"/>
  </rdf:Description>
  <rdf:Description rdf:about="http://data.linkedmdb.org/resource/film/78226">
    <movie:actor rdf:resource="http://data.linkedmdb.org/resource/actor/189"/>
  </rdf:Description>
  <rdf:Description rdf:about="http://data.linkedmdb.org/resource/film/6012">
    <movie:actor rdf:resource="http://data.linkedmdb.org/resource/actor/189"/>
  </rdf:Description>
  <rdf:Description rdf:about="http://data.linkedmdb.org/resource/film/40688">
    <movie:actor rdf:resource="http://data.linkedmdb.org/resource/actor/189"/>
  </rdf:Description>
  <rdf:Description rdf:about="http://data.linkedmdb.org/resource/interlink/98774">
    <oddlinker:link_source rdf:resource="http://data.linkedmdb.org/resource/actor/189"/>
  </rdf:Description>
  <rdf:Description rdf:about="http://data.linkedmdb.org/resource/film/7425">
    <movie:actor rdf:resource="http://data.linkedmdb.org/resource/actor/189"/>
  </rdf:Description>
  <rdf:Description rdf:about="http://data.linkedmdb.org/data/actor/189">
    <rdfs:comment>Contents of this file may include content from 
		      FreeBase (http://www.freebase.com) or Wikipedia 
		      (http://www.wikipedia.org) licensed under CC-BY
		      (http://www.freebase.com/view/common/license/cc_attribution_25)
		      or GFDL (http://en.wikipedia.org/wiki/Wikipedia:Text_of_the_GNU_Free_Documentation_License). 
		      Refer to http://www.linkedmdb.org:8080/Main/Licensing for more details.</rdfs:comment>
    <rdfs:label>RDF Description of Chris Cooper (Actor)</rdfs:label>
    <foaf:primaryTopic rdf:resource="http://data.linkedmdb.org/resource/actor/189"/>
  </rdf:Description>
  <rdf:Description rdf:about="http://data.linkedmdb.org/resource/interlink/110595">
    <oddlinker:link_source rdf:resource="http://data.linkedmdb.org/resource/actor/189"/>
  </rdf:Description>
  <rdf:Description rdf:about="http://data.linkedmdb.org/resource/film/46167">
    <movie:actor rdf:resource="http://data.linkedmdb.org/resource/actor/189"/>
  </rdf:Description>
  <rdf:Description rdf:about="http://data.linkedmdb.org/resource/film/40918">
    <movie:actor rdf:resource="http://data.linkedmdb.org/resource/actor/189"/>
  </rdf:Description>
  <rdf:Description rdf:about="http://data.linkedmdb.org/resource/film/51406">
    <movie:actor rdf:resource="http://data.linkedmdb.org/resource/actor/189"/>
  </rdf:Description>
  <rdf:Description rdf:about="http://data.linkedmdb.org/resource/film/54">
    <movie:actor rdf:resource="http://data.linkedmdb.org/resource/actor/189"/>
  </rdf:Description>
  <rdf:Description rdf:about="http://data.linkedmdb.org/resource/film/3923">
    <movie:actor rdf:resource="http://data.linkedmdb.org/resource/actor/189"/>
  </rdf:Description>
  <rdf:Description rdf:about="http://data.linkedmdb.org/resource/film/86830">
    <movie:actor rdf:resource="http://data.linkedmdb.org/resource/actor/189"/>
  </rdf:Description>
  <rdf:Description rdf:about="http://data.linkedmdb.org/resource/film/11351">
    <movie:actor rdf:resource="http://data.linkedmdb.org/resource/actor/189"/>
  </rdf:Description>
  <rdf:Description rdf:about="http://data.linkedmdb.org/resource/film/8770">
    <movie:actor rdf:resource="http://data.linkedmdb.org/resource/actor/189"/>
  </rdf:Description>
  <rdf:Description rdf:about="http://data.linkedmdb.org/resource/film/528">
    <movie:actor rdf:resource="http://data.linkedmdb.org/resource/actor/189"/>
  </rdf:Description>
  <rdf:Description rdf:about="http://data.linkedmdb.org/resource/film/907">
    <movie:actor rdf:resource="http://data.linkedmdb.org/resource/actor/189"/>
  </rdf:Description>
  <rdf:Description rdf:about="http://data.linkedmdb.org/resource/film/47796">
    <movie:actor rdf:resource="http://data.linkedmdb.org/resource/actor/189"/>
  </rdf:Description>
  <rdf:Description rdf:about="http://data.linkedmdb.org/resource/interlink/86953">
    <oddlinker:link_source rdf:resource="http://data.linkedmdb.org/resource/actor/189"/>
  </rdf:Description>
  <rdf:Description rdf:about="http://data.linkedmdb.org/resource/film/98">
    <movie:actor rdf:resource="http://data.linkedmdb.org/resource/actor/189"/>
  </rdf:Description>
  <rdf:Description rdf:about="http://data.linkedmdb.org/resource/film/5495">
    <movie:actor rdf:resource="http://data.linkedmdb.org/resource/actor/189"/>
  </rdf:Description>
  <rdf:Description rdf:about="http://data.linkedmdb.org/resource/film/43196">
    <movie:actor rdf:resource="http://data.linkedmdb.org/resource/actor/189"/>
  </rdf:Description>
  <rdf:Description rdf:about="http://data.linkedmdb.org/resource/film/8122">
    <movie:actor rdf:resource="http://data.linkedmdb.org/resource/actor/189"/>
  </rdf:Description>
  <rdf:Description rdf:about="http://data.linkedmdb.org/resource/film/1965">
    <movie:actor rdf:resource="http://data.linkedmdb.org/resource/actor/189"/>
  </rdf:Description>
  <rdf:Description rdf:about="http://data.linkedmdb.org/resource/film/2093">
    <movie:actor rdf:resource="http://data.linkedmdb.org/resource/actor/189"/>
  </rdf:Description>
  <rdf:Description rdf:about="http://data.linkedmdb.org/resource/film/56169">
    <movie:actor rdf:resource="http://data.linkedmdb.org/resource/actor/189"/>
  </rdf:Description>
  <rdf:Description rdf:about="http://data.linkedmdb.org/resource/film/4965">
    <movie:actor rdf:resource="http://data.linkedmdb.org/resource/actor/189"/>
  </rdf:Description>
  <rdf:Description rdf:about="http://data.linkedmdb.org/resource/film/12874">
    <movie:actor rdf:resource="http://data.linkedmdb.org/resource/actor/189"/>
  </rdf:Description>
  <rdf:Description rdf:about="http://data.linkedmdb.org/resource/film/16066">
    <movie:actor rdf:resource="http://data.linkedmdb.org/resource/actor/189"/>
  </rdf:Description>
  <rdf:Description rdf:about="http://data.linkedmdb.org/resource/film/1905">
    <movie:actor rdf:resource="http://data.linkedmdb.org/resource/actor/189"/>
  </rdf:Description>
  <rdf:Description rdf:about="http://data.linkedmdb.org/resource/film/7216">
    <movie:actor rdf:resource="http://data.linkedmdb.org/resource/actor/189"/>
  </rdf:Description>
  <rdf:Description rdf:about="http://data.linkedmdb.org/resource/film/1675">
    <movie:actor rdf:resource="http://data.linkedmdb.org/resource/actor/189"/>
  </rdf:Description>
</rdf:RDF>
