<?xml version="1.0"?>
<rdf:RDF
    xmlns:dbpedia="http://dbpedia.org/property/"
    xmlns:skos="http://www.w3.org/2004/02/skos/core#"
    xmlns:oddlinker="http://data.linkedmdb.org/resource/oddlinker/"
    xmlns:db="http://data.linkedmdb.org/resource/"
    xmlns:movie="http://data.linkedmdb.org/resource/movie/"
    xmlns:rdf="http://www.w3.org/1999/02/22-rdf-syntax-ns#"
    xmlns:map="file:/C:/d2r-server-0.4/mapping.n3#"
    xmlns:foaf="http://xmlns.com/foaf/0.1/"
    xmlns:d2r="http://sites.wiwiss.fu-berlin.de/suhl/bizer/d2r-server/config.rdf#"
    xmlns:owl="http://www.w3.org/2002/07/owl#"
    xmlns:dc="http://purl.org/dc/terms/"
    xmlns:xsd="http://www.w3.org/2001/XMLSchema#"
    xmlns:rdfs="http://www.w3.org/2000/01/rdf-schema#">
  <rdf:Description rdf:about="http://data.linkedmdb.org/resource/film/60042">
    <movie:actor>
      <movie:actor rdf:about="http://data.linkedmdb.org/resource/actor/25">
        <movie:performance rdf:resource="http://data.linkedmdb.org/resource/performance/120013"/>
        <foaf:page>
          <rdf:Description rdf:about="http://www.freebase.com/view/guid/9202a8c04000641f80000000000f00b2">
            <rdfs:seeAlso rdf:resource="http://data.linkedmdb.org/sparql?query=DESCRIBE+%3Chttp%3A%2F%2Fwww.freebase.com%2Fview%2Fguid%2F9202a8c04000641f80000000000f00b2%3E"/>
          </rdf:Description>
        </foaf:page>
        <movie:performance rdf:resource="http://data.linkedmdb.org/resource/performance/126947"/>
        <movie:performance rdf:resource="http://data.linkedmdb.org/resource/performance/8009"/>
        <movie:performance rdf:resource="http://data.linkedmdb.org/resource/performance/78265"/>
        <movie:actor_actorid rdf:datatype="http://www.w3.org/2001/XMLSchema#int"
        >25</movie:actor_actorid>
        <owl:sameAs>
          <rdf:Description rdf:about="http://dbpedia.org/resource/Graham_Greene_%28actor%29">
            <rdfs:seeAlso rdf:resource="http://data.linkedmdb.org/sparql?query=DESCRIBE+%3Chttp%3A%2F%2Fdbpedia.org%2Fresource%2FGraham_Greene_%2528actor%2529%3E"/>
          </rdf:Description>
        </owl:sameAs>
        <owl:sameAs>
          <rdf:Description rdf:about="http://mpii.de/yago/resource/Graham_Greene_%28actor%29">
            <rdfs:seeAlso rdf:resource="http://data.linkedmdb.org/sparql?query=DESCRIBE+%3Chttp%3A%2F%2Fmpii.de%2Fyago%2Fresource%2FGraham_Greene_%2528actor%2529%3E"/>
          </rdf:Description>
        </owl:sameAs>
        <rdfs:label>Graham Greene (Actor)</rdfs:label>
        <movie:performance rdf:resource="http://data.linkedmdb.org/resource/performance/107218"/>
        <dbpedia:hasPhotoCollection>
          <rdf:Description rdf:about="http://www4.wiwiss.fu-berlin.de/flickrwrappr/photos/Graham_Greene_(actor)">
            <rdfs:seeAlso rdf:resource="http://data.linkedmdb.org/sparql?query=DESCRIBE+%3Chttp%3A%2F%2Fwww4.wiwiss.fu-berlin.de%2Fflickrwrappr%2Fphotos%2FGraham_Greene_%28actor%29%3E"/>
          </rdf:Description>
        </dbpedia:hasPhotoCollection>
        <movie:performance rdf:resource="http://data.linkedmdb.org/resource/performance/140700"/>
        <rdf:type>
          <rdf:Description rdf:about="http://xmlns.com/foaf/0.1/Person">
            <rdfs:seeAlso rdf:resource="http://data.linkedmdb.org/sparql?query=DESCRIBE+%3Chttp%3A%2F%2Fxmlns.com%2Ffoaf%2F0.1%2FPerson%3E"/>
          </rdf:Description>
        </rdf:type>
        <movie:performance rdf:resource="http://data.linkedmdb.org/resource/performance/123306"/>
        <movie:performance rdf:resource="http://data.linkedmdb.org/resource/performance/102006"/>
        <movie:performance rdf:resource="http://data.linkedmdb.org/resource/performance/124893"/>
        <movie:performance rdf:resource="http://data.linkedmdb.org/resource/performance/48282"/>
        <movie:performance rdf:resource="http://data.linkedmdb.org/resource/performance/188762"/>
        <movie:performance rdf:resource="http://data.linkedmdb.org/resource/performance/64004"/>
        <movie:performance rdf:resource="http://data.linkedmdb.org/resource/performance/8799"/>
        <movie:actor_name>Graham Greene</movie:actor_name>
        <movie:performance rdf:resource="http://data.linkedmdb.org/resource/performance/37215"/>
        <movie:performance rdf:resource="http://data.linkedmdb.org/resource/performance/175437"/>
        <movie:performance rdf:resource="http://data.linkedmdb.org/resource/performance/87764"/>
        <movie:performance rdf:resource="http://data.linkedmdb.org/resource/performance/127688"/>
        <movie:performance rdf:resource="http://data.linkedmdb.org/resource/performance/88274"/>
        <movie:performance rdf:resource="http://data.linkedmdb.org/resource/performance/132833"/>
      </movie:actor>
    </movie:actor>
  </rdf:Description>
  <rdf:Description rdf:about="http://data.linkedmdb.org/resource/film/61196">
    <movie:actor rdf:resource="http://data.linkedmdb.org/resource/actor/25"/>
  </rdf:Description>
  <rdf:Description rdf:about="http://data.linkedmdb.org/resource/film/56026">
    <movie:actor rdf:resource="http://data.linkedmdb.org/resource/actor/25"/>
  </rdf:Description>
  <rdf:Description rdf:about="http://data.linkedmdb.org/resource/film/19085">
    <movie:actor rdf:resource="http://data.linkedmdb.org/resource/actor/25"/>
  </rdf:Description>
  <rdf:Description rdf:about="http://data.linkedmdb.org/resource/film/2603">
    <movie:actor rdf:resource="http://data.linkedmdb.org/resource/actor/25"/>
  </rdf:Description>
  <rdf:Description rdf:about="http://data.linkedmdb.org/resource/film/62630">
    <movie:actor rdf:resource="http://data.linkedmdb.org/resource/actor/25"/>
  </rdf:Description>
  <rdf:Description rdf:about="http://data.linkedmdb.org/resource/film/21569">
    <movie:actor rdf:resource="http://data.linkedmdb.org/resource/actor/25"/>
  </rdf:Description>
  <rdf:Description rdf:about="http://data.linkedmdb.org/resource/film/1636">
    <movie:actor rdf:resource="http://data.linkedmdb.org/resource/actor/25"/>
  </rdf:Description>
  <rdf:Description rdf:about="http://data.linkedmdb.org/resource/film/821">
    <movie:actor rdf:resource="http://data.linkedmdb.org/resource/actor/25"/>
  </rdf:Description>
  <rdf:Description rdf:about="http://data.linkedmdb.org/resource/film/44212">
    <movie:actor rdf:resource="http://data.linkedmdb.org/resource/actor/25"/>
  </rdf:Description>
  <rdf:Description rdf:about="http://data.linkedmdb.org/resource/film/57699">
    <movie:actor rdf:resource="http://data.linkedmdb.org/resource/actor/25"/>
  </rdf:Description>
  <rdf:Description rdf:about="http://data.linkedmdb.org/resource/film/43595">
    <movie:actor rdf:resource="http://data.linkedmdb.org/resource/actor/25"/>
  </rdf:Description>
  <rdf:Description rdf:about="http://data.linkedmdb.org/resource/film/1641">
    <movie:actor rdf:resource="http://data.linkedmdb.org/resource/actor/25"/>
  </rdf:Description>
  <rdf:Description rdf:about="http://data.linkedmdb.org/data/actor/25">
    <rdfs:comment>Contents of this file may include content from 
		      FreeBase (http://www.freebase.com) or Wikipedia 
		      (http://www.wikipedia.org) licensed under CC-BY
		      (http://www.freebase.com/view/common/license/cc_attribution_25)
		      or GFDL (http://en.wikipedia.org/wiki/Wikipedia:Text_of_the_GNU_Free_Documentation_License). 
		      Refer to http://www.linkedmdb.org:8080/Main/Licensing for more details.</rdfs:comment>
    <rdfs:label>RDF Description of Graham Greene (Actor)</rdfs:label>
    <foaf:primaryTopic rdf:resource="http://data.linkedmdb.org/resource/actor/25"/>
  </rdf:Description>
  <rdf:Description rdf:about="http://data.linkedmdb.org/resource/film/795">
    <movie:actor rdf:resource="http://data.linkedmdb.org/resource/actor/25"/>
  </rdf:Description>
  <rdf:Description rdf:about="http://data.linkedmdb.org/resource/interlink/88922">
    <oddlinker:link_source rdf:resource="http://data.linkedmdb.org/resource/actor/25"/>
  </rdf:Description>
  <rdf:Description rdf:about="http://data.linkedmdb.org/resource/film/77300">
    <movie:actor rdf:resource="http://data.linkedmdb.org/resource/actor/25"/>
  </rdf:Description>
  <rdf:Description rdf:about="http://data.linkedmdb.org/resource/film/18731">
    <movie:actor rdf:resource="http://data.linkedmdb.org/resource/actor/25"/>
  </rdf:Description>
  <rdf:Description rdf:about="http://data.linkedmdb.org/resource/film/38595">
    <movie:actor rdf:resource="http://data.linkedmdb.org/resource/actor/25"/>
  </rdf:Description>
  <rdf:Description rdf:about="http://data.linkedmdb.org/resource/interlink/112564">
    <oddlinker:link_source rdf:resource="http://data.linkedmdb.org/resource/actor/25"/>
  </rdf:Description>
  <rdf:Description rdf:about="http://data.linkedmdb.org/resource/film/4979">
    <movie:actor rdf:resource="http://data.linkedmdb.org/resource/actor/25"/>
  </rdf:Description>
  <rdf:Description rdf:about="http://data.linkedmdb.org/resource/interlink/100743">
    <oddlinker:link_source rdf:resource="http://data.linkedmdb.org/resource/actor/25"/>
  </rdf:Description>
  <rdf:Description rdf:about="http://data.linkedmdb.org/resource/film/63161">
    <movie:actor rdf:resource="http://data.linkedmdb.org/resource/actor/25"/>
  </rdf:Description>
</rdf:RDF>
