<?xml version="1.0"?>
<rdf:RDF
    xmlns:dbpedia="http://dbpedia.org/property/"
    xmlns:skos="http://www.w3.org/2004/02/skos/core#"
    xmlns:oddlinker="http://data.linkedmdb.org/resource/oddlinker/"
    xmlns:db="http://data.linkedmdb.org/resource/"
    xmlns:movie="http://data.linkedmdb.org/resource/movie/"
    xmlns:rdf="http://www.w3.org/1999/02/22-rdf-syntax-ns#"
    xmlns:map="file:/C:/d2r-server-0.4/mapping.n3#"
    xmlns:foaf="http://xmlns.com/foaf/0.1/"
    xmlns:d2r="http://sites.wiwiss.fu-berlin.de/suhl/bizer/d2r-server/config.rdf#"
    xmlns:owl="http://www.w3.org/2002/07/owl#"
    xmlns:dc="http://purl.org/dc/terms/"
    xmlns:xsd="http://www.w3.org/2001/XMLSchema#"
    xmlns:rdfs="http://www.w3.org/2000/01/rdf-schema#">
  <rdf:Description rdf:about="http://data.linkedmdb.org/resource/film/44237">
    <movie:actor>
      <movie:actor rdf:about="http://data.linkedmdb.org/resource/actor/149">
        <movie:performance rdf:resource="http://data.linkedmdb.org/resource/performance/145146"/>
        <movie:performance rdf:resource="http://data.linkedmdb.org/resource/performance/843"/>
        <movie:performance rdf:resource="http://data.linkedmdb.org/resource/performance/109737"/>
        <movie:performance rdf:resource="http://data.linkedmdb.org/resource/performance/28786"/>
        <movie:performance rdf:resource="http://data.linkedmdb.org/resource/performance/133775"/>
        <movie:performance rdf:resource="http://data.linkedmdb.org/resource/performance/82344"/>
        <movie:performance rdf:resource="http://data.linkedmdb.org/resource/performance/172553"/>
        <movie:performance rdf:resource="http://data.linkedmdb.org/resource/performance/114152"/>
        <owl:sameAs>
          <rdf:Description rdf:about="http://mpii.de/yago/resource/John_Saxon_%28actor%29">
            <rdfs:seeAlso rdf:resource="http://data.linkedmdb.org/sparql?query=DESCRIBE+%3Chttp%3A%2F%2Fmpii.de%2Fyago%2Fresource%2FJohn_Saxon_%2528actor%2529%3E"/>
          </rdf:Description>
        </owl:sameAs>
        <movie:performance rdf:resource="http://data.linkedmdb.org/resource/performance/69098"/>
        <movie:performance rdf:resource="http://data.linkedmdb.org/resource/performance/111066"/>
        <movie:performance rdf:resource="http://data.linkedmdb.org/resource/performance/110460"/>
        <movie:performance rdf:resource="http://data.linkedmdb.org/resource/performance/30893"/>
        <movie:performance rdf:resource="http://data.linkedmdb.org/resource/performance/106532"/>
        <movie:performance rdf:resource="http://data.linkedmdb.org/resource/performance/110380"/>
        <foaf:page>
          <rdf:Description rdf:about="http://www.freebase.com/view/guid/9202a8c04000641f80000000002748dd">
            <rdfs:seeAlso rdf:resource="http://data.linkedmdb.org/sparql?query=DESCRIBE+%3Chttp%3A%2F%2Fwww.freebase.com%2Fview%2Fguid%2F9202a8c04000641f80000000002748dd%3E"/>
          </rdf:Description>
        </foaf:page>
        <dbpedia:hasPhotoCollection>
          <rdf:Description rdf:about="http://www4.wiwiss.fu-berlin.de/flickrwrappr/photos/John_Saxon_(actor)">
            <rdfs:seeAlso rdf:resource="http://data.linkedmdb.org/sparql?query=DESCRIBE+%3Chttp%3A%2F%2Fwww4.wiwiss.fu-berlin.de%2Fflickrwrappr%2Fphotos%2FJohn_Saxon_%28actor%29%3E"/>
          </rdf:Description>
        </dbpedia:hasPhotoCollection>
        <movie:performance rdf:resource="http://data.linkedmdb.org/resource/performance/68873"/>
        <movie:performance rdf:resource="http://data.linkedmdb.org/resource/performance/110599"/>
        <movie:performance rdf:resource="http://data.linkedmdb.org/resource/performance/45023"/>
        <movie:performance rdf:resource="http://data.linkedmdb.org/resource/performance/4499"/>
        <owl:sameAs>
          <rdf:Description rdf:about="http://dbpedia.org/resource/John_Saxon_%28actor%29">
            <rdfs:seeAlso rdf:resource="http://data.linkedmdb.org/sparql?query=DESCRIBE+%3Chttp%3A%2F%2Fdbpedia.org%2Fresource%2FJohn_Saxon_%2528actor%2529%3E"/>
          </rdf:Description>
        </owl:sameAs>
        <movie:performance rdf:resource="http://data.linkedmdb.org/resource/performance/99684"/>
        <movie:performance rdf:resource="http://data.linkedmdb.org/resource/performance/111048"/>
        <rdf:type>
          <rdf:Description rdf:about="http://xmlns.com/foaf/0.1/Person">
            <rdfs:seeAlso rdf:resource="http://data.linkedmdb.org/sparql?query=DESCRIBE+%3Chttp%3A%2F%2Fxmlns.com%2Ffoaf%2F0.1%2FPerson%3E"/>
          </rdf:Description>
        </rdf:type>
        <movie:performance rdf:resource="http://data.linkedmdb.org/resource/performance/10188"/>
        <movie:performance rdf:resource="http://data.linkedmdb.org/resource/performance/99683"/>
        <movie:performance rdf:resource="http://data.linkedmdb.org/resource/performance/127205"/>
        <movie:performance rdf:resource="http://data.linkedmdb.org/resource/performance/118530"/>
        <movie:actor_actorid rdf:datatype="http://www.w3.org/2001/XMLSchema#int"
        >149</movie:actor_actorid>
        <movie:actor_name>John Saxon</movie:actor_name>
        <movie:performance rdf:resource="http://data.linkedmdb.org/resource/performance/102937"/>
        <movie:performance rdf:resource="http://data.linkedmdb.org/resource/performance/62042"/>
        <movie:performance rdf:resource="http://data.linkedmdb.org/resource/performance/117597"/>
        <movie:performance rdf:resource="http://data.linkedmdb.org/resource/performance/172543"/>
        <movie:performance rdf:resource="http://data.linkedmdb.org/resource/performance/119612"/>
        <rdfs:label>John Saxon (Actor)</rdfs:label>
      </movie:actor>
    </movie:actor>
  </rdf:Description>
  <rdf:Description rdf:about="http://data.linkedmdb.org/resource/interlink/102767">
    <oddlinker:link_source rdf:resource="http://data.linkedmdb.org/resource/actor/149"/>
  </rdf:Description>
  <rdf:Description rdf:about="http://data.linkedmdb.org/resource/film/3678">
    <movie:actor rdf:resource="http://data.linkedmdb.org/resource/actor/149"/>
  </rdf:Description>
  <rdf:Description rdf:about="http://data.linkedmdb.org/resource/film/5917">
    <movie:actor rdf:resource="http://data.linkedmdb.org/resource/actor/149"/>
  </rdf:Description>
  <rdf:Description rdf:about="http://data.linkedmdb.org/resource/film/784">
    <movie:actor rdf:resource="http://data.linkedmdb.org/resource/actor/149"/>
  </rdf:Description>
  <rdf:Description rdf:about="http://data.linkedmdb.org/resource/film/40735">
    <movie:actor rdf:resource="http://data.linkedmdb.org/resource/actor/149"/>
  </rdf:Description>
  <rdf:Description rdf:about="http://data.linkedmdb.org/resource/interlink/90946">
    <oddlinker:link_source rdf:resource="http://data.linkedmdb.org/resource/actor/149"/>
  </rdf:Description>
  <rdf:Description rdf:about="http://data.linkedmdb.org/resource/interlink/114588">
    <oddlinker:link_source rdf:resource="http://data.linkedmdb.org/resource/actor/149"/>
  </rdf:Description>
  <rdf:Description rdf:about="http://data.linkedmdb.org/resource/film/44331">
    <movie:actor rdf:resource="http://data.linkedmdb.org/resource/actor/149"/>
  </rdf:Description>
  <rdf:Description rdf:about="http://data.linkedmdb.org/resource/film/24422">
    <movie:actor rdf:resource="http://data.linkedmdb.org/resource/actor/149"/>
  </rdf:Description>
  <rdf:Description rdf:about="http://data.linkedmdb.org/resource/film/22293">
    <movie:actor rdf:resource="http://data.linkedmdb.org/resource/actor/149"/>
  </rdf:Description>
  <rdf:Description rdf:about="http://data.linkedmdb.org/resource/film/5176">
    <movie:actor rdf:resource="http://data.linkedmdb.org/resource/actor/149"/>
  </rdf:Description>
  <rdf:Description rdf:about="http://data.linkedmdb.org/resource/film/54541">
    <movie:actor rdf:resource="http://data.linkedmdb.org/resource/actor/149"/>
  </rdf:Description>
  <rdf:Description rdf:about="http://data.linkedmdb.org/resource/film/55053">
    <movie:actor rdf:resource="http://data.linkedmdb.org/resource/actor/149"/>
  </rdf:Description>
  <rdf:Description rdf:about="http://data.linkedmdb.org/resource/film/42386">
    <movie:actor rdf:resource="http://data.linkedmdb.org/resource/actor/149"/>
  </rdf:Description>
  <rdf:Description rdf:about="http://data.linkedmdb.org/resource/film/46642">
    <movie:actor rdf:resource="http://data.linkedmdb.org/resource/actor/149"/>
  </rdf:Description>
  <rdf:Description rdf:about="http://data.linkedmdb.org/resource/film/47840">
    <movie:actor rdf:resource="http://data.linkedmdb.org/resource/actor/149"/>
  </rdf:Description>
  <rdf:Description rdf:about="http://data.linkedmdb.org/resource/film/44929">
    <movie:actor rdf:resource="http://data.linkedmdb.org/resource/actor/149"/>
  </rdf:Description>
  <rdf:Description rdf:about="http://data.linkedmdb.org/resource/film/62814">
    <movie:actor rdf:resource="http://data.linkedmdb.org/resource/actor/149"/>
  </rdf:Description>
  <rdf:Description rdf:about="http://data.linkedmdb.org/resource/film/9645">
    <movie:actor rdf:resource="http://data.linkedmdb.org/resource/actor/149"/>
  </rdf:Description>
  <rdf:Description rdf:about="http://data.linkedmdb.org/resource/film/40755">
    <movie:actor rdf:resource="http://data.linkedmdb.org/resource/actor/149"/>
  </rdf:Description>
  <rdf:Description rdf:about="http://data.linkedmdb.org/data/actor/149">
    <rdfs:comment>Contents of this file may include content from 
		      FreeBase (http://www.freebase.com) or Wikipedia 
		      (http://www.wikipedia.org) licensed under CC-BY
		      (http://www.freebase.com/view/common/license/cc_attribution_25)
		      or GFDL (http://en.wikipedia.org/wiki/Wikipedia:Text_of_the_GNU_Free_Documentation_License). 
		      Refer to http://www.linkedmdb.org:8080/Main/Licensing for more details.</rdfs:comment>
    <rdfs:label>RDF Description of John Saxon (Actor)</rdfs:label>
    <foaf:primaryTopic rdf:resource="http://data.linkedmdb.org/resource/actor/149"/>
  </rdf:Description>
  <rdf:Description rdf:about="http://data.linkedmdb.org/resource/film/41557">
    <movie:actor rdf:resource="http://data.linkedmdb.org/resource/actor/149"/>
  </rdf:Description>
  <rdf:Description rdf:about="http://data.linkedmdb.org/resource/film/19400">
    <movie:actor rdf:resource="http://data.linkedmdb.org/resource/actor/149"/>
  </rdf:Description>
  <rdf:Description rdf:about="http://data.linkedmdb.org/resource/film/3136">
    <movie:actor rdf:resource="http://data.linkedmdb.org/resource/actor/149"/>
  </rdf:Description>
  <rdf:Description rdf:about="http://data.linkedmdb.org/resource/film/43366">
    <movie:actor rdf:resource="http://data.linkedmdb.org/resource/actor/149"/>
  </rdf:Description>
  <rdf:Description rdf:about="http://data.linkedmdb.org/resource/film/49757">
    <movie:actor rdf:resource="http://data.linkedmdb.org/resource/actor/149"/>
  </rdf:Description>
  <rdf:Description rdf:about="http://data.linkedmdb.org/resource/film/17153">
    <movie:actor rdf:resource="http://data.linkedmdb.org/resource/actor/149"/>
  </rdf:Description>
  <rdf:Description rdf:about="http://data.linkedmdb.org/resource/film/24972">
    <movie:actor rdf:resource="http://data.linkedmdb.org/resource/actor/149"/>
  </rdf:Description>
  <rdf:Description rdf:about="http://data.linkedmdb.org/resource/film/50219">
    <movie:actor rdf:resource="http://data.linkedmdb.org/resource/actor/149"/>
  </rdf:Description>
  <rdf:Description rdf:about="http://data.linkedmdb.org/resource/film/19419">
    <movie:actor rdf:resource="http://data.linkedmdb.org/resource/actor/149"/>
  </rdf:Description>
  <rdf:Description rdf:about="http://data.linkedmdb.org/resource/film/38091">
    <movie:actor rdf:resource="http://data.linkedmdb.org/resource/actor/149"/>
  </rdf:Description>
  <rdf:Description rdf:about="http://data.linkedmdb.org/resource/film/2371">
    <movie:actor rdf:resource="http://data.linkedmdb.org/resource/actor/149"/>
  </rdf:Description>
</rdf:RDF>
