<?xml version="1.0"?>
<rdf:RDF
    xmlns:dbpedia="http://dbpedia.org/property/"
    xmlns:skos="http://www.w3.org/2004/02/skos/core#"
    xmlns:oddlinker="http://data.linkedmdb.org/resource/oddlinker/"
    xmlns:db="http://data.linkedmdb.org/resource/"
    xmlns:movie="http://data.linkedmdb.org/resource/movie/"
    xmlns:rdf="http://www.w3.org/1999/02/22-rdf-syntax-ns#"
    xmlns:map="file:/C:/d2r-server-0.4/mapping.n3#"
    xmlns:foaf="http://xmlns.com/foaf/0.1/"
    xmlns:d2r="http://sites.wiwiss.fu-berlin.de/suhl/bizer/d2r-server/config.rdf#"
    xmlns:owl="http://www.w3.org/2002/07/owl#"
    xmlns:dc="http://purl.org/dc/terms/"
    xmlns:xsd="http://www.w3.org/2001/XMLSchema#"
    xmlns:rdfs="http://www.w3.org/2000/01/rdf-schema#">
  <rdf:Description rdf:about="http://data.linkedmdb.org/resource/film/1212">
    <movie:actor>
      <movie:actor rdf:about="http://data.linkedmdb.org/resource/actor/1245">
        <movie:performance rdf:resource="http://data.linkedmdb.org/resource/performance/68952"/>
        <owl:sameAs>
          <rdf:Description rdf:about="http://dbpedia.org/resource/Josh_Hamilton_%28actor%29">
            <rdfs:seeAlso rdf:resource="http://data.linkedmdb.org/sparql?query=DESCRIBE+%3Chttp%3A%2F%2Fdbpedia.org%2Fresource%2FJosh_Hamilton_%2528actor%2529%3E"/>
          </rdf:Description>
        </owl:sameAs>
        <movie:performance rdf:resource="http://data.linkedmdb.org/resource/performance/129964"/>
        <movie:performance rdf:resource="http://data.linkedmdb.org/resource/performance/120041"/>
        <movie:performance rdf:resource="http://data.linkedmdb.org/resource/performance/21754"/>
        <rdf:type>
          <rdf:Description rdf:about="http://xmlns.com/foaf/0.1/Person">
            <rdfs:seeAlso rdf:resource="http://data.linkedmdb.org/sparql?query=DESCRIBE+%3Chttp%3A%2F%2Fxmlns.com%2Ffoaf%2F0.1%2FPerson%3E"/>
          </rdf:Description>
        </rdf:type>
        <movie:performance rdf:resource="http://data.linkedmdb.org/resource/performance/1856"/>
        <rdfs:label>Josh Hamilton (Actor)</rdfs:label>
        <movie:performance rdf:resource="http://data.linkedmdb.org/resource/performance/34331"/>
        <movie:performance rdf:resource="http://data.linkedmdb.org/resource/performance/11586"/>
        <movie:performance rdf:resource="http://data.linkedmdb.org/resource/performance/178498"/>
        <movie:performance rdf:resource="http://data.linkedmdb.org/resource/performance/32051"/>
        <movie:performance rdf:resource="http://data.linkedmdb.org/resource/performance/39383"/>
        <movie:actor_actorid rdf:datatype="http://www.w3.org/2001/XMLSchema#int"
        >1245</movie:actor_actorid>
        <movie:performance rdf:resource="http://data.linkedmdb.org/resource/performance/74677"/>
        <movie:performance rdf:resource="http://data.linkedmdb.org/resource/performance/107254"/>
        <foaf:page>
          <rdf:Description rdf:about="http://www.freebase.com/view/guid/9202a8c04000641f8000000000ce02e6">
            <rdfs:seeAlso rdf:resource="http://data.linkedmdb.org/sparql?query=DESCRIBE+%3Chttp%3A%2F%2Fwww.freebase.com%2Fview%2Fguid%2F9202a8c04000641f8000000000ce02e6%3E"/>
          </rdf:Description>
        </foaf:page>
        <owl:sameAs>
          <rdf:Description rdf:about="http://mpii.de/yago/resource/Josh_Hamilton_%28actor%29">
            <rdfs:seeAlso rdf:resource="http://data.linkedmdb.org/sparql?query=DESCRIBE+%3Chttp%3A%2F%2Fmpii.de%2Fyago%2Fresource%2FJosh_Hamilton_%2528actor%2529%3E"/>
          </rdf:Description>
        </owl:sameAs>
        <movie:performance rdf:resource="http://data.linkedmdb.org/resource/performance/197371"/>
        <movie:performance rdf:resource="http://data.linkedmdb.org/resource/performance/16562"/>
        <movie:performance rdf:resource="http://data.linkedmdb.org/resource/performance/82041"/>
        <movie:actor_name>Josh Hamilton</movie:actor_name>
        <dbpedia:hasPhotoCollection>
          <rdf:Description rdf:about="http://www4.wiwiss.fu-berlin.de/flickrwrappr/photos/Josh_Hamilton_(actor)">
            <rdfs:seeAlso rdf:resource="http://data.linkedmdb.org/sparql?query=DESCRIBE+%3Chttp%3A%2F%2Fwww4.wiwiss.fu-berlin.de%2Fflickrwrappr%2Fphotos%2FJosh_Hamilton_%28actor%29%3E"/>
          </rdf:Description>
        </dbpedia:hasPhotoCollection>
      </movie:actor>
    </movie:actor>
  </rdf:Description>
  <rdf:Description rdf:about="http://data.linkedmdb.org/resource/film/8436">
    <movie:actor rdf:resource="http://data.linkedmdb.org/resource/actor/1245"/>
  </rdf:Description>
  <rdf:Description rdf:about="http://data.linkedmdb.org/resource/interlink/90983">
    <oddlinker:link_source rdf:resource="http://data.linkedmdb.org/resource/actor/1245"/>
  </rdf:Description>
  <rdf:Description rdf:about="http://data.linkedmdb.org/resource/film/9412">
    <movie:actor rdf:resource="http://data.linkedmdb.org/resource/actor/1245"/>
  </rdf:Description>
  <rdf:Description rdf:about="http://data.linkedmdb.org/resource/film/4297">
    <movie:actor rdf:resource="http://data.linkedmdb.org/resource/actor/1245"/>
  </rdf:Description>
  <rdf:Description rdf:about="http://data.linkedmdb.org/resource/interlink/114625">
    <oddlinker:link_source rdf:resource="http://data.linkedmdb.org/resource/actor/1245"/>
  </rdf:Description>
  <rdf:Description rdf:about="http://data.linkedmdb.org/data/actor/1245">
    <rdfs:comment>Contents of this file may include content from 
		      FreeBase (http://www.freebase.com) or Wikipedia 
		      (http://www.wikipedia.org) licensed under CC-BY
		      (http://www.freebase.com/view/common/license/cc_attribution_25)
		      or GFDL (http://en.wikipedia.org/wiki/Wikipedia:Text_of_the_GNU_Free_Documentation_License). 
		      Refer to http://www.linkedmdb.org:8080/Main/Licensing for more details.</rdfs:comment>
    <rdfs:label>RDF Description of Josh Hamilton (Actor)</rdfs:label>
    <foaf:primaryTopic rdf:resource="http://data.linkedmdb.org/resource/actor/1245"/>
  </rdf:Description>
  <rdf:Description rdf:about="http://data.linkedmdb.org/resource/film/40017">
    <movie:actor rdf:resource="http://data.linkedmdb.org/resource/actor/1245"/>
  </rdf:Description>
  <rdf:Description rdf:about="http://data.linkedmdb.org/resource/film/77869">
    <movie:actor rdf:resource="http://data.linkedmdb.org/resource/actor/1245"/>
  </rdf:Description>
  <rdf:Description rdf:about="http://data.linkedmdb.org/resource/film/64710">
    <movie:actor rdf:resource="http://data.linkedmdb.org/resource/actor/1245"/>
  </rdf:Description>
  <rdf:Description rdf:about="http://data.linkedmdb.org/resource/film/93139">
    <movie:actor rdf:resource="http://data.linkedmdb.org/resource/actor/1245"/>
  </rdf:Description>
  <rdf:Description rdf:about="http://data.linkedmdb.org/resource/interlink/102804">
    <oddlinker:link_source rdf:resource="http://data.linkedmdb.org/resource/actor/1245"/>
  </rdf:Description>
  <rdf:Description rdf:about="http://data.linkedmdb.org/resource/film/5527">
    <movie:actor rdf:resource="http://data.linkedmdb.org/resource/actor/1245"/>
  </rdf:Description>
  <rdf:Description rdf:about="http://data.linkedmdb.org/resource/film/18984">
    <movie:actor rdf:resource="http://data.linkedmdb.org/resource/actor/1245"/>
  </rdf:Description>
  <rdf:Description rdf:about="http://data.linkedmdb.org/resource/film/9096">
    <movie:actor rdf:resource="http://data.linkedmdb.org/resource/actor/1245"/>
  </rdf:Description>
  <rdf:Description rdf:about="http://data.linkedmdb.org/resource/film/48343">
    <movie:actor rdf:resource="http://data.linkedmdb.org/resource/actor/1245"/>
  </rdf:Description>
  <rdf:Description rdf:about="http://data.linkedmdb.org/resource/film/41894">
    <movie:actor rdf:resource="http://data.linkedmdb.org/resource/actor/1245"/>
  </rdf:Description>
  <rdf:Description rdf:about="http://data.linkedmdb.org/resource/film/57724">
    <movie:actor rdf:resource="http://data.linkedmdb.org/resource/actor/1245"/>
  </rdf:Description>
  <rdf:Description rdf:about="http://data.linkedmdb.org/resource/film/42581">
    <movie:actor rdf:resource="http://data.linkedmdb.org/resource/actor/1245"/>
  </rdf:Description>
</rdf:RDF>
