<?xml version="1.0"?>
<rdf:RDF
    xmlns:dbpedia="http://dbpedia.org/property/"
    xmlns:skos="http://www.w3.org/2004/02/skos/core#"
    xmlns:oddlinker="http://data.linkedmdb.org/resource/oddlinker/"
    xmlns:db="http://data.linkedmdb.org/resource/"
    xmlns:movie="http://data.linkedmdb.org/resource/movie/"
    xmlns:rdf="http://www.w3.org/1999/02/22-rdf-syntax-ns#"
    xmlns:map="file:/C:/d2r-server-0.4/mapping.n3#"
    xmlns:foaf="http://xmlns.com/foaf/0.1/"
    xmlns:d2r="http://sites.wiwiss.fu-berlin.de/suhl/bizer/d2r-server/config.rdf#"
    xmlns:owl="http://www.w3.org/2002/07/owl#"
    xmlns:dc="http://purl.org/dc/terms/"
    xmlns:xsd="http://www.w3.org/2001/XMLSchema#"
    xmlns:rdfs="http://www.w3.org/2000/01/rdf-schema#">
  <rdf:Description rdf:about="http://data.linkedmdb.org/resource/film/48759">
    <movie:actor>
      <foaf:Person rdf:about="http://data.linkedmdb.org/resource/actor/203">
        <movie:performance rdf:resource="http://data.linkedmdb.org/resource/performance/158656"/>
        <movie:performance rdf:resource="http://data.linkedmdb.org/resource/performance/158663"/>
        <movie:performance rdf:resource="http://data.linkedmdb.org/resource/performance/158667"/>
        <movie:performance rdf:resource="http://data.linkedmdb.org/resource/performance/191892"/>
        <movie:performance rdf:resource="http://data.linkedmdb.org/resource/performance/158665"/>
        <movie:performance rdf:resource="http://data.linkedmdb.org/resource/performance/158671"/>
        <movie:performance rdf:resource="http://data.linkedmdb.org/resource/performance/191891"/>
        <movie:performance rdf:resource="http://data.linkedmdb.org/resource/performance/158662"/>
        <rdf:type rdf:resource="http://data.linkedmdb.org/resource/movie/actor"/>
        <foaf:page>
          <rdf:Description rdf:about="http://www.freebase.com/view/guid/9202a8c04000641f80000000002e3bb1">
            <rdfs:seeAlso rdf:resource="http://data.linkedmdb.org/sparql?query=DESCRIBE+%3Chttp%3A%2F%2Fwww.freebase.com%2Fview%2Fguid%2F9202a8c04000641f80000000002e3bb1%3E"/>
          </rdf:Description>
        </foaf:page>
        <movie:performance rdf:resource="http://data.linkedmdb.org/resource/performance/158666"/>
        <movie:actor_actorid rdf:datatype="http://www.w3.org/2001/XMLSchema#int"
        >203</movie:actor_actorid>
        <movie:performance rdf:resource="http://data.linkedmdb.org/resource/performance/110459"/>
        <movie:performance rdf:resource="http://data.linkedmdb.org/resource/performance/133951"/>
        <movie:actor_name>Leon Ames</movie:actor_name>
        <movie:performance rdf:resource="http://data.linkedmdb.org/resource/performance/109691"/>
        <rdfs:label>Leon Ames (Actor)</rdfs:label>
        <movie:performance rdf:resource="http://data.linkedmdb.org/resource/performance/158670"/>
      </foaf:Person>
    </movie:actor>
  </rdf:Description>
  <rdf:Description rdf:about="http://data.linkedmdb.org/resource/film/12785">
    <movie:actor rdf:resource="http://data.linkedmdb.org/resource/actor/203"/>
  </rdf:Description>
  <rdf:Description rdf:about="http://data.linkedmdb.org/resource/film/41333">
    <movie:actor rdf:resource="http://data.linkedmdb.org/resource/actor/203"/>
  </rdf:Description>
  <rdf:Description rdf:about="http://data.linkedmdb.org/data/actor/203">
    <rdfs:comment>Contents of this file may include content from 
		      FreeBase (http://www.freebase.com) or Wikipedia 
		      (http://www.wikipedia.org) licensed under CC-BY
		      (http://www.freebase.com/view/common/license/cc_attribution_25)
		      or GFDL (http://en.wikipedia.org/wiki/Wikipedia:Text_of_the_GNU_Free_Documentation_License). 
		      Refer to http://www.linkedmdb.org:8080/Main/Licensing for more details.</rdfs:comment>
    <rdfs:label>RDF Description of Leon Ames (Actor)</rdfs:label>
    <foaf:primaryTopic rdf:resource="http://data.linkedmdb.org/resource/actor/203"/>
  </rdf:Description>
  <rdf:Description rdf:about="http://data.linkedmdb.org/resource/film/2760">
    <movie:actor rdf:resource="http://data.linkedmdb.org/resource/actor/203"/>
  </rdf:Description>
  <rdf:Description rdf:about="http://xmlns.com/foaf/0.1/Person">
    <rdfs:seeAlso rdf:resource="http://data.linkedmdb.org/sparql?query=DESCRIBE+%3Chttp%3A%2F%2Fxmlns.com%2Ffoaf%2F0.1%2FPerson%3E"/>
  </rdf:Description>
  <rdf:Description rdf:about="http://data.linkedmdb.org/resource/film/7566">
    <movie:actor rdf:resource="http://data.linkedmdb.org/resource/actor/203"/>
  </rdf:Description>
  <rdf:Description rdf:about="http://data.linkedmdb.org/resource/film/41846">
    <movie:actor rdf:resource="http://data.linkedmdb.org/resource/actor/203"/>
  </rdf:Description>
  <rdf:Description rdf:about="http://data.linkedmdb.org/resource/film/42754">
    <movie:actor rdf:resource="http://data.linkedmdb.org/resource/actor/203"/>
  </rdf:Description>
  <rdf:Description rdf:about="http://data.linkedmdb.org/resource/film/39900">
    <movie:actor rdf:resource="http://data.linkedmdb.org/resource/actor/203"/>
  </rdf:Description>
  <rdf:Description rdf:about="http://data.linkedmdb.org/resource/film/8072">
    <movie:actor rdf:resource="http://data.linkedmdb.org/resource/actor/203"/>
  </rdf:Description>
  <rdf:Description rdf:about="http://data.linkedmdb.org/resource/film/18323">
    <movie:actor rdf:resource="http://data.linkedmdb.org/resource/actor/203"/>
  </rdf:Description>
  <rdf:Description rdf:about="http://data.linkedmdb.org/resource/film/60235">
    <movie:actor rdf:resource="http://data.linkedmdb.org/resource/actor/203"/>
  </rdf:Description>
  <rdf:Description rdf:about="http://data.linkedmdb.org/resource/film/620">
    <movie:actor rdf:resource="http://data.linkedmdb.org/resource/actor/203"/>
  </rdf:Description>
  <rdf:Description rdf:about="http://data.linkedmdb.org/resource/film/7473">
    <movie:actor rdf:resource="http://data.linkedmdb.org/resource/actor/203"/>
  </rdf:Description>
</rdf:RDF>
