<?xml version="1.0"?>
<rdf:RDF
    xmlns:dbpedia="http://dbpedia.org/property/"
    xmlns:skos="http://www.w3.org/2004/02/skos/core#"
    xmlns:oddlinker="http://data.linkedmdb.org/resource/oddlinker/"
    xmlns:db="http://data.linkedmdb.org/resource/"
    xmlns:movie="http://data.linkedmdb.org/resource/movie/"
    xmlns:rdf="http://www.w3.org/1999/02/22-rdf-syntax-ns#"
    xmlns:map="file:/C:/d2r-server-0.4/mapping.n3#"
    xmlns:foaf="http://xmlns.com/foaf/0.1/"
    xmlns:d2r="http://sites.wiwiss.fu-berlin.de/suhl/bizer/d2r-server/config.rdf#"
    xmlns:owl="http://www.w3.org/2002/07/owl#"
    xmlns:dc="http://purl.org/dc/terms/"
    xmlns:xsd="http://www.w3.org/2001/XMLSchema#"
    xmlns:rdfs="http://www.w3.org/2000/01/rdf-schema#">
  <rdf:Description rdf:about="http://data.linkedmdb.org/resource/film/6135">
    <movie:actor>
      <foaf:Person rdf:about="http://data.linkedmdb.org/resource/actor/180">
        <movie:performance rdf:resource="http://data.linkedmdb.org/resource/performance/25606"/>
        <movie:actor_name>Chris O'Donnell</movie:actor_name>
        <movie:performance rdf:resource="http://data.linkedmdb.org/resource/performance/18685"/>
        <movie:performance rdf:resource="http://data.linkedmdb.org/resource/performance/25582"/>
        <movie:performance rdf:resource="http://data.linkedmdb.org/resource/performance/101737"/>
        <movie:performance rdf:resource="http://data.linkedmdb.org/resource/performance/52076"/>
        <owl:sameAs>
          <rdf:Description rdf:about="http://dbpedia.org/resource/Chris_O%27Donnell">
            <rdfs:seeAlso rdf:resource="http://data.linkedmdb.org/sparql?query=DESCRIBE+%3Chttp%3A%2F%2Fdbpedia.org%2Fresource%2FChris_O%2527Donnell%3E"/>
          </rdf:Description>
        </owl:sameAs>
        <movie:performance rdf:resource="http://data.linkedmdb.org/resource/performance/30092"/>
        <dbpedia:hasPhotoCollection>
          <rdf:Description rdf:about="http://www4.wiwiss.fu-berlin.de/flickrwrappr/photos/Chris_O&apos;Donnell">
            <rdfs:seeAlso rdf:resource="http://data.linkedmdb.org/sparql?query=DESCRIBE+%3Chttp%3A%2F%2Fwww4.wiwiss.fu-berlin.de%2Fflickrwrappr%2Fphotos%2FChris_O%27Donnell%3E"/>
          </rdf:Description>
        </dbpedia:hasPhotoCollection>
        <rdfs:label>Chris O'Donnell (Actor)</rdfs:label>
        <movie:performance rdf:resource="http://data.linkedmdb.org/resource/performance/114952"/>
        <movie:performance rdf:resource="http://data.linkedmdb.org/resource/performance/74899"/>
        <movie:performance rdf:resource="http://data.linkedmdb.org/resource/performance/91103"/>
        <movie:performance rdf:resource="http://data.linkedmdb.org/resource/performance/105956"/>
        <movie:performance rdf:resource="http://data.linkedmdb.org/resource/performance/74898"/>
        <movie:performance rdf:resource="http://data.linkedmdb.org/resource/performance/139778"/>
        <movie:performance rdf:resource="http://data.linkedmdb.org/resource/performance/46698"/>
        <movie:performance rdf:resource="http://data.linkedmdb.org/resource/performance/38287"/>
        <movie:performance rdf:resource="http://data.linkedmdb.org/resource/performance/47221"/>
        <foaf:page>
          <rdf:Description rdf:about="http://www.freebase.com/view/guid/9202a8c04000641f80000000002aaba8">
            <rdfs:seeAlso rdf:resource="http://data.linkedmdb.org/sparql?query=DESCRIBE+%3Chttp%3A%2F%2Fwww.freebase.com%2Fview%2Fguid%2F9202a8c04000641f80000000002aaba8%3E"/>
          </rdf:Description>
        </foaf:page>
        <movie:performance rdf:resource="http://data.linkedmdb.org/resource/performance/68833"/>
        <owl:sameAs>
          <rdf:Description rdf:about="http://mpii.de/yago/resource/Chris_O%27Donnell">
            <rdfs:seeAlso rdf:resource="http://data.linkedmdb.org/sparql?query=DESCRIBE+%3Chttp%3A%2F%2Fmpii.de%2Fyago%2Fresource%2FChris_O%2527Donnell%3E"/>
          </rdf:Description>
        </owl:sameAs>
        <movie:performance rdf:resource="http://data.linkedmdb.org/resource/performance/74667"/>
        <movie:performance rdf:resource="http://data.linkedmdb.org/resource/performance/98221"/>
        <rdf:type rdf:resource="http://data.linkedmdb.org/resource/movie/actor"/>
        <movie:actor_actorid rdf:datatype="http://www.w3.org/2001/XMLSchema#int"
        >180</movie:actor_actorid>
        <movie:performance rdf:resource="http://data.linkedmdb.org/resource/performance/16793"/>
        <movie:performance rdf:resource="http://data.linkedmdb.org/resource/performance/4796"/>
      </foaf:Person>
    </movie:actor>
  </rdf:Description>
  <rdf:Description rdf:about="http://data.linkedmdb.org/resource/film/11381">
    <movie:actor rdf:resource="http://data.linkedmdb.org/resource/actor/180"/>
  </rdf:Description>
  <rdf:Description rdf:about="http://data.linkedmdb.org/resource/film/38076">
    <movie:actor rdf:resource="http://data.linkedmdb.org/resource/actor/180"/>
  </rdf:Description>
  <rdf:Description rdf:about="http://data.linkedmdb.org/data/actor/180">
    <rdfs:comment>Contents of this file may include content from 
		      FreeBase (http://www.freebase.com) or Wikipedia 
		      (http://www.wikipedia.org) licensed under CC-BY
		      (http://www.freebase.com/view/common/license/cc_attribution_25)
		      or GFDL (http://en.wikipedia.org/wiki/Wikipedia:Text_of_the_GNU_Free_Documentation_License). 
		      Refer to http://www.linkedmdb.org:8080/Main/Licensing for more details.</rdfs:comment>
    <rdfs:label>RDF Description of Chris O'Donnell (Actor)</rdfs:label>
    <foaf:primaryTopic rdf:resource="http://data.linkedmdb.org/resource/actor/180"/>
  </rdf:Description>
  <rdf:Description rdf:about="http://data.linkedmdb.org/resource/film/9201">
    <movie:actor rdf:resource="http://data.linkedmdb.org/resource/actor/180"/>
  </rdf:Description>
  <rdf:Description rdf:about="http://data.linkedmdb.org/resource/film/21364">
    <movie:actor rdf:resource="http://data.linkedmdb.org/resource/actor/180"/>
  </rdf:Description>
  <rdf:Description rdf:about="http://data.linkedmdb.org/resource/film/40083">
    <movie:actor rdf:resource="http://data.linkedmdb.org/resource/actor/180"/>
  </rdf:Description>
  <rdf:Description rdf:about="http://data.linkedmdb.org/resource/interlink/98772">
    <oddlinker:link_source rdf:resource="http://data.linkedmdb.org/resource/actor/180"/>
  </rdf:Description>
  <rdf:Description rdf:about="http://data.linkedmdb.org/resource/film/6691">
    <movie:actor rdf:resource="http://data.linkedmdb.org/resource/actor/180"/>
  </rdf:Description>
  <rdf:Description rdf:about="http://xmlns.com/foaf/0.1/Person">
    <rdfs:seeAlso rdf:resource="http://data.linkedmdb.org/sparql?query=DESCRIBE+%3Chttp%3A%2F%2Fxmlns.com%2Ffoaf%2F0.1%2FPerson%3E"/>
  </rdf:Description>
  <rdf:Description rdf:about="http://data.linkedmdb.org/resource/film/17233">
    <movie:actor rdf:resource="http://data.linkedmdb.org/resource/actor/180"/>
  </rdf:Description>
  <rdf:Description rdf:about="http://data.linkedmdb.org/resource/interlink/86951">
    <oddlinker:link_source rdf:resource="http://data.linkedmdb.org/resource/actor/180"/>
  </rdf:Description>
  <rdf:Description rdf:about="http://data.linkedmdb.org/resource/film/49788">
    <movie:actor rdf:resource="http://data.linkedmdb.org/resource/actor/180"/>
  </rdf:Description>
  <rdf:Description rdf:about="http://data.linkedmdb.org/resource/film/55608">
    <movie:actor rdf:resource="http://data.linkedmdb.org/resource/actor/180"/>
  </rdf:Description>
  <rdf:Description rdf:about="http://data.linkedmdb.org/resource/film/41824">
    <movie:actor rdf:resource="http://data.linkedmdb.org/resource/actor/180"/>
  </rdf:Description>
  <rdf:Description rdf:about="http://data.linkedmdb.org/resource/film/66814">
    <movie:actor rdf:resource="http://data.linkedmdb.org/resource/actor/180"/>
  </rdf:Description>
  <rdf:Description rdf:about="http://data.linkedmdb.org/resource/film/7917">
    <movie:actor rdf:resource="http://data.linkedmdb.org/resource/actor/180"/>
  </rdf:Description>
  <rdf:Description rdf:about="http://data.linkedmdb.org/resource/film/24554">
    <movie:actor rdf:resource="http://data.linkedmdb.org/resource/actor/180"/>
  </rdf:Description>
  <rdf:Description rdf:about="http://data.linkedmdb.org/resource/film/1900">
    <movie:actor rdf:resource="http://data.linkedmdb.org/resource/actor/180"/>
  </rdf:Description>
  <rdf:Description rdf:about="http://data.linkedmdb.org/resource/film/41257">
    <movie:actor rdf:resource="http://data.linkedmdb.org/resource/actor/180"/>
  </rdf:Description>
  <rdf:Description rdf:about="http://data.linkedmdb.org/resource/film/5605">
    <movie:actor rdf:resource="http://data.linkedmdb.org/resource/actor/180"/>
  </rdf:Description>
  <rdf:Description rdf:about="http://data.linkedmdb.org/resource/interlink/110593">
    <oddlinker:link_source rdf:resource="http://data.linkedmdb.org/resource/actor/180"/>
  </rdf:Description>
  <rdf:Description rdf:about="http://data.linkedmdb.org/resource/film/3119">
    <movie:actor rdf:resource="http://data.linkedmdb.org/resource/actor/180"/>
  </rdf:Description>
  <rdf:Description rdf:about="http://data.linkedmdb.org/resource/film/4">
    <movie:actor rdf:resource="http://data.linkedmdb.org/resource/actor/180"/>
  </rdf:Description>
  <rdf:Description rdf:about="http://data.linkedmdb.org/resource/film/38600">
    <movie:actor rdf:resource="http://data.linkedmdb.org/resource/actor/180"/>
  </rdf:Description>
</rdf:RDF>
