<?xml version="1.0"?>
<rdf:RDF
    xmlns:dbpedia="http://dbpedia.org/property/"
    xmlns:skos="http://www.w3.org/2004/02/skos/core#"
    xmlns:oddlinker="http://data.linkedmdb.org/resource/oddlinker/"
    xmlns:db="http://data.linkedmdb.org/resource/"
    xmlns:movie="http://data.linkedmdb.org/resource/movie/"
    xmlns:rdf="http://www.w3.org/1999/02/22-rdf-syntax-ns#"
    xmlns:map="file:/C:/d2r-server-0.4/mapping.n3#"
    xmlns:foaf="http://xmlns.com/foaf/0.1/"
    xmlns:d2r="http://sites.wiwiss.fu-berlin.de/suhl/bizer/d2r-server/config.rdf#"
    xmlns:owl="http://www.w3.org/2002/07/owl#"
    xmlns:dc="http://purl.org/dc/terms/"
    xmlns:xsd="http://www.w3.org/2001/XMLSchema#"
    xmlns:rdfs="http://www.w3.org/2000/01/rdf-schema#">
  <rdf:Description rdf:about="http://mpii.de/yago/resource/Terry_O%27Quinn">
    <rdfs:seeAlso rdf:resource="http://data.linkedmdb.org/sparql?query=DESCRIBE+%3Chttp%3A%2F%2Fmpii.de%2Fyago%2Fresource%2FTerry_O%2527Quinn%3E"/>
  </rdf:Description>
  <rdf:Description rdf:about="http://data.linkedmdb.org/resource/film/60601">
    <movie:actor>
      <foaf:Person rdf:about="http://data.linkedmdb.org/resource/actor/230">
        <movie:performance rdf:resource="http://data.linkedmdb.org/resource/performance/173368"/>
        <movie:performance rdf:resource="http://data.linkedmdb.org/resource/performance/93280"/>
        <foaf:page>
          <rdf:Description rdf:about="http://www.freebase.com/view/guid/9202a8c04000641f800000000031ed2e">
            <rdfs:seeAlso rdf:resource="http://data.linkedmdb.org/sparql?query=DESCRIBE+%3Chttp%3A%2F%2Fwww.freebase.com%2Fview%2Fguid%2F9202a8c04000641f800000000031ed2e%3E"/>
          </rdf:Description>
        </foaf:page>
        <movie:performance rdf:resource="http://data.linkedmdb.org/resource/performance/76931"/>
        <movie:actor_name>Terry O'Quinn</movie:actor_name>
        <dbpedia:hasPhotoCollection>
          <rdf:Description rdf:about="http://www4.wiwiss.fu-berlin.de/flickrwrappr/photos/Terry_O&apos;Quinn">
            <rdfs:seeAlso rdf:resource="http://data.linkedmdb.org/sparql?query=DESCRIBE+%3Chttp%3A%2F%2Fwww4.wiwiss.fu-berlin.de%2Fflickrwrappr%2Fphotos%2FTerry_O%27Quinn%3E"/>
          </rdf:Description>
        </dbpedia:hasPhotoCollection>
        <owl:sameAs rdf:resource="http://mpii.de/yago/resource/Terry_O%27Quinn"/>
        <movie:performance rdf:resource="http://data.linkedmdb.org/resource/performance/23414"/>
        <movie:performance rdf:resource="http://data.linkedmdb.org/resource/performance/128881"/>
        <movie:performance rdf:resource="http://data.linkedmdb.org/resource/performance/50391"/>
        <movie:performance rdf:resource="http://data.linkedmdb.org/resource/performance/70837"/>
        <movie:performance rdf:resource="http://data.linkedmdb.org/resource/performance/78759"/>
        <movie:performance rdf:resource="http://data.linkedmdb.org/resource/performance/58001"/>
        <movie:performance rdf:resource="http://data.linkedmdb.org/resource/performance/82806"/>
        <rdfs:label>Terry O'Quinn (Actor)</rdfs:label>
        <movie:performance rdf:resource="http://data.linkedmdb.org/resource/performance/124071"/>
        <movie:performance rdf:resource="http://data.linkedmdb.org/resource/performance/114616"/>
        <movie:performance rdf:resource="http://data.linkedmdb.org/resource/performance/30500"/>
        <rdf:type rdf:resource="http://data.linkedmdb.org/resource/movie/actor"/>
        <movie:performance rdf:resource="http://data.linkedmdb.org/resource/performance/81316"/>
        <movie:performance rdf:resource="http://data.linkedmdb.org/resource/performance/88148"/>
        <movie:performance rdf:resource="http://data.linkedmdb.org/resource/performance/116679"/>
        <movie:performance rdf:resource="http://data.linkedmdb.org/resource/performance/159545"/>
        <movie:performance rdf:resource="http://data.linkedmdb.org/resource/performance/35160"/>
        <movie:performance rdf:resource="http://data.linkedmdb.org/resource/performance/118120"/>
        <movie:performance rdf:resource="http://data.linkedmdb.org/resource/performance/87261"/>
        <owl:sameAs>
          <rdf:Description rdf:about="http://dbpedia.org/resource/Terry_O%27Quinn">
            <rdfs:seeAlso rdf:resource="http://data.linkedmdb.org/sparql?query=DESCRIBE+%3Chttp%3A%2F%2Fdbpedia.org%2Fresource%2FTerry_O%2527Quinn%3E"/>
          </rdf:Description>
        </owl:sameAs>
        <movie:actor_actorid rdf:datatype="http://www.w3.org/2001/XMLSchema#int"
        >230</movie:actor_actorid>
        <movie:performance rdf:resource="http://data.linkedmdb.org/resource/performance/43707"/>
        <movie:performance rdf:resource="http://data.linkedmdb.org/resource/performance/13711"/>
        <movie:performance rdf:resource="http://data.linkedmdb.org/resource/performance/99126"/>
      </foaf:Person>
    </movie:actor>
  </rdf:Description>
  <rdf:Description rdf:about="http://data.linkedmdb.org/resource/film/55208">
    <movie:actor rdf:resource="http://data.linkedmdb.org/resource/actor/230"/>
  </rdf:Description>
  <rdf:Description rdf:about="http://data.linkedmdb.org/resource/film/1822">
    <movie:actor rdf:resource="http://data.linkedmdb.org/resource/actor/230"/>
  </rdf:Description>
  <rdf:Description rdf:about="http://data.linkedmdb.org/resource/film/63844">
    <movie:actor rdf:resource="http://data.linkedmdb.org/resource/actor/230"/>
  </rdf:Description>
  <rdf:Description rdf:about="http://data.linkedmdb.org/resource/film/9619">
    <movie:actor rdf:resource="http://data.linkedmdb.org/resource/actor/230"/>
  </rdf:Description>
  <rdf:Description rdf:about="http://xmlns.com/foaf/0.1/Person">
    <rdfs:seeAlso rdf:resource="http://data.linkedmdb.org/sparql?query=DESCRIBE+%3Chttp%3A%2F%2Fxmlns.com%2Ffoaf%2F0.1%2FPerson%3E"/>
  </rdf:Description>
  <rdf:Description rdf:about="http://data.linkedmdb.org/data/actor/230">
    <rdfs:comment>Contents of this file may include content from 
		      FreeBase (http://www.freebase.com) or Wikipedia 
		      (http://www.wikipedia.org) licensed under CC-BY
		      (http://www.freebase.com/view/common/license/cc_attribution_25)
		      or GFDL (http://en.wikipedia.org/wiki/Wikipedia:Text_of_the_GNU_Free_Documentation_License). 
		      Refer to http://www.linkedmdb.org:8080/Main/Licensing for more details.</rdfs:comment>
    <rdfs:label>RDF Description of Terry O'Quinn (Actor)</rdfs:label>
    <foaf:primaryTopic rdf:resource="http://data.linkedmdb.org/resource/actor/230"/>
  </rdf:Description>
  <rdf:Description rdf:about="http://data.linkedmdb.org/resource/film/45955">
    <movie:actor rdf:resource="http://data.linkedmdb.org/resource/actor/230"/>
  </rdf:Description>
  <rdf:Description rdf:about="http://data.linkedmdb.org/resource/film/1859">
    <movie:actor rdf:resource="http://data.linkedmdb.org/resource/actor/230"/>
  </rdf:Description>
  <rdf:Description rdf:about="http://data.linkedmdb.org/resource/film/2607">
    <movie:actor rdf:resource="http://data.linkedmdb.org/resource/actor/230"/>
  </rdf:Description>
  <rdf:Description rdf:about="http://data.linkedmdb.org/resource/film/2313">
    <movie:actor rdf:resource="http://data.linkedmdb.org/resource/actor/230"/>
  </rdf:Description>
  <rdf:Description rdf:about="http://data.linkedmdb.org/resource/film/43208">
    <movie:actor rdf:resource="http://data.linkedmdb.org/resource/actor/230"/>
  </rdf:Description>
  <rdf:Description rdf:about="http://data.linkedmdb.org/resource/film/10369">
    <movie:actor rdf:resource="http://data.linkedmdb.org/resource/actor/230"/>
  </rdf:Description>
  <rdf:Description rdf:about="http://data.linkedmdb.org/resource/film/8020">
    <movie:actor rdf:resource="http://data.linkedmdb.org/resource/actor/230"/>
  </rdf:Description>
  <rdf:Description rdf:about="http://data.linkedmdb.org/resource/interlink/95968">
    <oddlinker:link_source rdf:resource="http://data.linkedmdb.org/resource/actor/230"/>
  </rdf:Description>
  <rdf:Description rdf:about="http://data.linkedmdb.org/resource/film/86947">
    <movie:actor rdf:resource="http://data.linkedmdb.org/resource/actor/230"/>
  </rdf:Description>
  <rdf:Description rdf:about="http://data.linkedmdb.org/resource/film/46315">
    <movie:actor rdf:resource="http://data.linkedmdb.org/resource/actor/230"/>
  </rdf:Description>
  <rdf:Description rdf:about="http://data.linkedmdb.org/resource/film/20422">
    <movie:actor rdf:resource="http://data.linkedmdb.org/resource/actor/230"/>
  </rdf:Description>
  <rdf:Description rdf:about="http://data.linkedmdb.org/resource/film/38629">
    <movie:actor rdf:resource="http://data.linkedmdb.org/resource/actor/230"/>
  </rdf:Description>
  <rdf:Description rdf:about="http://data.linkedmdb.org/resource/film/18454">
    <movie:actor rdf:resource="http://data.linkedmdb.org/resource/actor/230"/>
  </rdf:Description>
  <rdf:Description rdf:about="http://data.linkedmdb.org/resource/film/40675">
    <movie:actor rdf:resource="http://data.linkedmdb.org/resource/actor/230"/>
  </rdf:Description>
  <rdf:Description rdf:about="http://data.linkedmdb.org/resource/film/13729">
    <movie:actor rdf:resource="http://data.linkedmdb.org/resource/actor/230"/>
  </rdf:Description>
  <rdf:Description rdf:about="http://data.linkedmdb.org/resource/film/277">
    <movie:actor rdf:resource="http://data.linkedmdb.org/resource/actor/230"/>
  </rdf:Description>
  <rdf:Description rdf:about="http://data.linkedmdb.org/resource/film/39877">
    <movie:actor rdf:resource="http://data.linkedmdb.org/resource/actor/230"/>
  </rdf:Description>
  <rdf:Description rdf:about="http://data.linkedmdb.org/resource/film/41777">
    <movie:actor rdf:resource="http://data.linkedmdb.org/resource/actor/230"/>
  </rdf:Description>
  <rdf:Description rdf:about="http://data.linkedmdb.org/resource/film/12912">
    <movie:actor rdf:resource="http://data.linkedmdb.org/resource/actor/230"/>
  </rdf:Description>
  <rdf:Description rdf:about="http://data.linkedmdb.org/resource/interlink/119610">
    <oddlinker:link_source rdf:resource="http://data.linkedmdb.org/resource/actor/230"/>
  </rdf:Description>
  <rdf:Description rdf:about="http://data.linkedmdb.org/resource/interlink/107789">
    <oddlinker:link_source rdf:resource="http://data.linkedmdb.org/resource/actor/230"/>
  </rdf:Description>
</rdf:RDF>
