<?xml version="1.0"?>
<rdf:RDF
    xmlns:dbpedia="http://dbpedia.org/property/"
    xmlns:skos="http://www.w3.org/2004/02/skos/core#"
    xmlns:oddlinker="http://data.linkedmdb.org/resource/oddlinker/"
    xmlns:db="http://data.linkedmdb.org/resource/"
    xmlns:movie="http://data.linkedmdb.org/resource/movie/"
    xmlns:rdf="http://www.w3.org/1999/02/22-rdf-syntax-ns#"
    xmlns:map="file:/C:/d2r-server-0.4/mapping.n3#"
    xmlns:foaf="http://xmlns.com/foaf/0.1/"
    xmlns:d2r="http://sites.wiwiss.fu-berlin.de/suhl/bizer/d2r-server/config.rdf#"
    xmlns:owl="http://www.w3.org/2002/07/owl#"
    xmlns:dc="http://purl.org/dc/terms/"
    xmlns:xsd="http://www.w3.org/2001/XMLSchema#"
    xmlns:rdfs="http://www.w3.org/2000/01/rdf-schema#">
  <rdf:Description rdf:about="http://data.linkedmdb.org/resource/film/81160">
    <movie:actor>
      <movie:actor rdf:about="http://data.linkedmdb.org/resource/actor/197">
        <movie:performance rdf:resource="http://data.linkedmdb.org/resource/performance/5508"/>
        <owl:sameAs>
          <rdf:Description rdf:about="http://mpii.de/yago/resource/Dave_Thomas_%28actor%29">
            <rdfs:seeAlso rdf:resource="http://data.linkedmdb.org/sparql?query=DESCRIBE+%3Chttp%3A%2F%2Fmpii.de%2Fyago%2Fresource%2FDave_Thomas_%2528actor%2529%3E"/>
          </rdf:Description>
        </owl:sameAs>
        <movie:performance rdf:resource="http://data.linkedmdb.org/resource/performance/166302"/>
        <movie:performance rdf:resource="http://data.linkedmdb.org/resource/performance/123009"/>
        <movie:performance rdf:resource="http://data.linkedmdb.org/resource/performance/67013"/>
        <movie:performance rdf:resource="http://data.linkedmdb.org/resource/performance/5016"/>
        <movie:performance rdf:resource="http://data.linkedmdb.org/resource/performance/24004"/>
        <movie:actor_name>Dave Thomas</movie:actor_name>
        <movie:performance rdf:resource="http://data.linkedmdb.org/resource/performance/47351"/>
        <movie:performance rdf:resource="http://data.linkedmdb.org/resource/performance/5490"/>
        <dbpedia:hasPhotoCollection>
          <rdf:Description rdf:about="http://www4.wiwiss.fu-berlin.de/flickrwrappr/photos/Dave_Thomas_(actor)">
            <rdfs:seeAlso rdf:resource="http://data.linkedmdb.org/sparql?query=DESCRIBE+%3Chttp%3A%2F%2Fwww4.wiwiss.fu-berlin.de%2Fflickrwrappr%2Fphotos%2FDave_Thomas_%28actor%29%3E"/>
          </rdf:Description>
        </dbpedia:hasPhotoCollection>
        <movie:performance rdf:resource="http://data.linkedmdb.org/resource/performance/54450"/>
        <movie:performance rdf:resource="http://data.linkedmdb.org/resource/performance/167360"/>
        <rdfs:label>Dave Thomas (Actor)</rdfs:label>
        <foaf:page>
          <rdf:Description rdf:about="http://www.freebase.com/view/guid/9202a8c04000641f80000000002d112b">
            <rdfs:seeAlso rdf:resource="http://data.linkedmdb.org/sparql?query=DESCRIBE+%3Chttp%3A%2F%2Fwww.freebase.com%2Fview%2Fguid%2F9202a8c04000641f80000000002d112b%3E"/>
          </rdf:Description>
        </foaf:page>
        <rdf:type>
          <rdf:Description rdf:about="http://xmlns.com/foaf/0.1/Person">
            <rdfs:seeAlso rdf:resource="http://data.linkedmdb.org/sparql?query=DESCRIBE+%3Chttp%3A%2F%2Fxmlns.com%2Ffoaf%2F0.1%2FPerson%3E"/>
          </rdf:Description>
        </rdf:type>
        <movie:performance rdf:resource="http://data.linkedmdb.org/resource/performance/66476"/>
        <movie:performance rdf:resource="http://data.linkedmdb.org/resource/performance/97394"/>
        <movie:actor_actorid rdf:datatype="http://www.w3.org/2001/XMLSchema#int"
        >197</movie:actor_actorid>
        <owl:sameAs>
          <rdf:Description rdf:about="http://dbpedia.org/resource/Dave_Thomas_%28actor%29">
            <rdfs:seeAlso rdf:resource="http://data.linkedmdb.org/sparql?query=DESCRIBE+%3Chttp%3A%2F%2Fdbpedia.org%2Fresource%2FDave_Thomas_%2528actor%2529%3E"/>
          </rdf:Description>
        </owl:sameAs>
      </movie:actor>
    </movie:actor>
  </rdf:Description>
  <rdf:Description rdf:about="http://data.linkedmdb.org/resource/film/39251">
    <movie:actor rdf:resource="http://data.linkedmdb.org/resource/actor/197"/>
  </rdf:Description>
  <rdf:Description rdf:about="http://data.linkedmdb.org/data/actor/197">
    <rdfs:comment>Contents of this file may include content from 
		      FreeBase (http://www.freebase.com) or Wikipedia 
		      (http://www.wikipedia.org) licensed under CC-BY
		      (http://www.freebase.com/view/common/license/cc_attribution_25)
		      or GFDL (http://en.wikipedia.org/wiki/Wikipedia:Text_of_the_GNU_Free_Documentation_License). 
		      Refer to http://www.linkedmdb.org:8080/Main/Licensing for more details.</rdfs:comment>
    <rdfs:label>RDF Description of Dave Thomas (Actor)</rdfs:label>
    <foaf:primaryTopic rdf:resource="http://data.linkedmdb.org/resource/actor/197"/>
  </rdf:Description>
  <rdf:Description rdf:about="http://data.linkedmdb.org/resource/interlink/99270">
    <oddlinker:link_source rdf:resource="http://data.linkedmdb.org/resource/actor/197"/>
  </rdf:Description>
  <rdf:Description rdf:about="http://data.linkedmdb.org/resource/film/2186">
    <movie:actor rdf:resource="http://data.linkedmdb.org/resource/actor/197"/>
  </rdf:Description>
  <rdf:Description rdf:about="http://data.linkedmdb.org/resource/film/8950">
    <movie:actor rdf:resource="http://data.linkedmdb.org/resource/actor/197"/>
  </rdf:Description>
  <rdf:Description rdf:about="http://data.linkedmdb.org/resource/interlink/111091">
    <oddlinker:link_source rdf:resource="http://data.linkedmdb.org/resource/actor/197"/>
  </rdf:Description>
  <rdf:Description rdf:about="http://data.linkedmdb.org/resource/film/1254">
    <movie:actor rdf:resource="http://data.linkedmdb.org/resource/actor/197"/>
  </rdf:Description>
  <rdf:Description rdf:about="http://data.linkedmdb.org/resource/film/1503">
    <movie:actor rdf:resource="http://data.linkedmdb.org/resource/actor/197"/>
  </rdf:Description>
  <rdf:Description rdf:about="http://data.linkedmdb.org/resource/film/11098">
    <movie:actor rdf:resource="http://data.linkedmdb.org/resource/actor/197"/>
  </rdf:Description>
  <rdf:Description rdf:about="http://data.linkedmdb.org/resource/film/40113">
    <movie:actor rdf:resource="http://data.linkedmdb.org/resource/actor/197"/>
  </rdf:Description>
  <rdf:Description rdf:about="http://data.linkedmdb.org/resource/film/59834">
    <movie:actor rdf:resource="http://data.linkedmdb.org/resource/actor/197"/>
  </rdf:Description>
  <rdf:Description rdf:about="http://data.linkedmdb.org/resource/interlink/87449">
    <oddlinker:link_source rdf:resource="http://data.linkedmdb.org/resource/actor/197"/>
  </rdf:Description>
  <rdf:Description rdf:about="http://data.linkedmdb.org/resource/film/46000">
    <movie:actor rdf:resource="http://data.linkedmdb.org/resource/actor/197"/>
  </rdf:Description>
  <rdf:Description rdf:about="http://data.linkedmdb.org/resource/film/48839">
    <movie:actor rdf:resource="http://data.linkedmdb.org/resource/actor/197"/>
  </rdf:Description>
  <rdf:Description rdf:about="http://data.linkedmdb.org/resource/film/41599">
    <movie:actor rdf:resource="http://data.linkedmdb.org/resource/actor/197"/>
  </rdf:Description>
</rdf:RDF>
