<?xml version="1.0"?>
<rdf:RDF
    xmlns:dbpedia="http://dbpedia.org/property/"
    xmlns:skos="http://www.w3.org/2004/02/skos/core#"
    xmlns:oddlinker="http://data.linkedmdb.org/resource/oddlinker/"
    xmlns:db="http://data.linkedmdb.org/resource/"
    xmlns:movie="http://data.linkedmdb.org/resource/movie/"
    xmlns:rdf="http://www.w3.org/1999/02/22-rdf-syntax-ns#"
    xmlns:map="file:/C:/d2r-server-0.4/mapping.n3#"
    xmlns:foaf="http://xmlns.com/foaf/0.1/"
    xmlns:d2r="http://sites.wiwiss.fu-berlin.de/suhl/bizer/d2r-server/config.rdf#"
    xmlns:owl="http://www.w3.org/2002/07/owl#"
    xmlns:dc="http://purl.org/dc/terms/"
    xmlns:xsd="http://www.w3.org/2001/XMLSchema#"
    xmlns:rdfs="http://www.w3.org/2000/01/rdf-schema#">
  <rdf:Description rdf:about="http://data.linkedmdb.org/resource/film/6532">
    <movie:actor>
      <movie:actor rdf:about="http://data.linkedmdb.org/resource/actor/193">
        <movie:performance rdf:resource="http://data.linkedmdb.org/resource/performance/22181"/>
        <movie:performance rdf:resource="http://data.linkedmdb.org/resource/performance/44040"/>
        <movie:performance rdf:resource="http://data.linkedmdb.org/resource/performance/107808"/>
        <movie:performance rdf:resource="http://data.linkedmdb.org/resource/performance/156163"/>
        <movie:performance rdf:resource="http://data.linkedmdb.org/resource/performance/53994"/>
        <movie:performance rdf:resource="http://data.linkedmdb.org/resource/performance/120907"/>
        <dbpedia:hasPhotoCollection>
          <rdf:Description rdf:about="http://www4.wiwiss.fu-berlin.de/flickrwrappr/photos/William_Forsythe_(actor)">
            <rdfs:seeAlso rdf:resource="http://data.linkedmdb.org/sparql?query=DESCRIBE+%3Chttp%3A%2F%2Fwww4.wiwiss.fu-berlin.de%2Fflickrwrappr%2Fphotos%2FWilliam_Forsythe_%28actor%29%3E"/>
          </rdf:Description>
        </dbpedia:hasPhotoCollection>
        <movie:performance rdf:resource="http://data.linkedmdb.org/resource/performance/55295"/>
        <movie:performance rdf:resource="http://data.linkedmdb.org/resource/performance/120901"/>
        <movie:performance rdf:resource="http://data.linkedmdb.org/resource/performance/46406"/>
        <movie:performance rdf:resource="http://data.linkedmdb.org/resource/performance/87881"/>
        <movie:performance rdf:resource="http://data.linkedmdb.org/resource/performance/72097"/>
        <movie:performance rdf:resource="http://data.linkedmdb.org/resource/performance/44936"/>
        <movie:performance rdf:resource="http://data.linkedmdb.org/resource/performance/96132"/>
        <movie:performance rdf:resource="http://data.linkedmdb.org/resource/performance/174683"/>
        <movie:performance rdf:resource="http://data.linkedmdb.org/resource/performance/93508"/>
        <movie:performance rdf:resource="http://data.linkedmdb.org/resource/performance/94222"/>
        <movie:performance rdf:resource="http://data.linkedmdb.org/resource/performance/23905"/>
        <movie:actor_name>William Forsythe</movie:actor_name>
        <movie:performance rdf:resource="http://data.linkedmdb.org/resource/performance/129101"/>
        <movie:actor_actorid rdf:datatype="http://www.w3.org/2001/XMLSchema#int"
        >193</movie:actor_actorid>
        <movie:performance rdf:resource="http://data.linkedmdb.org/resource/performance/11647"/>
        <movie:performance rdf:resource="http://data.linkedmdb.org/resource/performance/198549"/>
        <movie:performance rdf:resource="http://data.linkedmdb.org/resource/performance/131675"/>
        <movie:performance rdf:resource="http://data.linkedmdb.org/resource/performance/51277"/>
        <movie:performance rdf:resource="http://data.linkedmdb.org/resource/performance/124471"/>
        <movie:performance rdf:resource="http://data.linkedmdb.org/resource/performance/2171"/>
        <movie:performance rdf:resource="http://data.linkedmdb.org/resource/performance/129662"/>
        <movie:performance rdf:resource="http://data.linkedmdb.org/resource/performance/50259"/>
        <movie:performance rdf:resource="http://data.linkedmdb.org/resource/performance/132155"/>
        <movie:performance rdf:resource="http://data.linkedmdb.org/resource/performance/128763"/>
        <movie:performance rdf:resource="http://data.linkedmdb.org/resource/performance/57367"/>
        <movie:performance rdf:resource="http://data.linkedmdb.org/resource/performance/59061"/>
        <rdfs:label>William Forsythe (Actor)</rdfs:label>
        <movie:performance rdf:resource="http://data.linkedmdb.org/resource/performance/128956"/>
        <owl:sameAs>
          <rdf:Description rdf:about="http://mpii.de/yago/resource/William_Forsythe_%28actor%29">
            <rdfs:seeAlso rdf:resource="http://data.linkedmdb.org/sparql?query=DESCRIBE+%3Chttp%3A%2F%2Fmpii.de%2Fyago%2Fresource%2FWilliam_Forsythe_%2528actor%2529%3E"/>
          </rdf:Description>
        </owl:sameAs>
        <movie:performance rdf:resource="http://data.linkedmdb.org/resource/performance/89388"/>
        <movie:performance rdf:resource="http://data.linkedmdb.org/resource/performance/120953"/>
        <movie:performance rdf:resource="http://data.linkedmdb.org/resource/performance/169600"/>
        <movie:performance rdf:resource="http://data.linkedmdb.org/resource/performance/118082"/>
        <movie:performance rdf:resource="http://data.linkedmdb.org/resource/performance/32180"/>
        <movie:performance rdf:resource="http://data.linkedmdb.org/resource/performance/105461"/>
        <owl:sameAs>
          <rdf:Description rdf:about="http://dbpedia.org/resource/William_Forsythe_%28actor%29">
            <rdfs:seeAlso rdf:resource="http://data.linkedmdb.org/sparql?query=DESCRIBE+%3Chttp%3A%2F%2Fdbpedia.org%2Fresource%2FWilliam_Forsythe_%2528actor%2529%3E"/>
          </rdf:Description>
        </owl:sameAs>
        <movie:performance rdf:resource="http://data.linkedmdb.org/resource/performance/128548"/>
        <movie:performance rdf:resource="http://data.linkedmdb.org/resource/performance/117314"/>
        <movie:performance rdf:resource="http://data.linkedmdb.org/resource/performance/119172"/>
        <foaf:page>
          <rdf:Description rdf:about="http://www.freebase.com/view/guid/9202a8c04000641f80000000002c8575">
            <rdfs:seeAlso rdf:resource="http://data.linkedmdb.org/sparql?query=DESCRIBE+%3Chttp%3A%2F%2Fwww.freebase.com%2Fview%2Fguid%2F9202a8c04000641f80000000002c8575%3E"/>
          </rdf:Description>
        </foaf:page>
        <rdf:type>
          <rdf:Description rdf:about="http://xmlns.com/foaf/0.1/Person">
            <rdfs:seeAlso rdf:resource="http://data.linkedmdb.org/sparql?query=DESCRIBE+%3Chttp%3A%2F%2Fxmlns.com%2Ffoaf%2F0.1%2FPerson%3E"/>
          </rdf:Description>
        </rdf:type>
        <movie:performance rdf:resource="http://data.linkedmdb.org/resource/performance/30747"/>
        <movie:performance rdf:resource="http://data.linkedmdb.org/resource/performance/80590"/>
      </movie:actor>
    </movie:actor>
  </rdf:Description>
  <rdf:Description rdf:about="http://data.linkedmdb.org/resource/film/6995">
    <movie:actor rdf:resource="http://data.linkedmdb.org/resource/actor/193"/>
  </rdf:Description>
  <rdf:Description rdf:about="http://data.linkedmdb.org/resource/film/58369">
    <movie:actor rdf:resource="http://data.linkedmdb.org/resource/actor/193"/>
  </rdf:Description>
  <rdf:Description rdf:about="http://data.linkedmdb.org/resource/film/4711">
    <movie:actor rdf:resource="http://data.linkedmdb.org/resource/actor/193"/>
  </rdf:Description>
  <rdf:Description rdf:about="http://data.linkedmdb.org/resource/film/32">
    <movie:actor rdf:resource="http://data.linkedmdb.org/resource/actor/193"/>
  </rdf:Description>
  <rdf:Description rdf:about="http://data.linkedmdb.org/resource/film/39411">
    <movie:actor rdf:resource="http://data.linkedmdb.org/resource/actor/193"/>
  </rdf:Description>
  <rdf:Description rdf:about="http://data.linkedmdb.org/resource/film/64501">
    <movie:actor rdf:resource="http://data.linkedmdb.org/resource/actor/193"/>
  </rdf:Description>
  <rdf:Description rdf:about="http://data.linkedmdb.org/resource/film/63914">
    <movie:actor rdf:resource="http://data.linkedmdb.org/resource/actor/193"/>
  </rdf:Description>
  <rdf:Description rdf:about="http://data.linkedmdb.org/resource/film/57115">
    <movie:actor rdf:resource="http://data.linkedmdb.org/resource/actor/193"/>
  </rdf:Description>
  <rdf:Description rdf:about="http://data.linkedmdb.org/resource/film/64104">
    <movie:actor rdf:resource="http://data.linkedmdb.org/resource/actor/193"/>
  </rdf:Description>
  <rdf:Description rdf:about="http://data.linkedmdb.org/resource/film/50557">
    <movie:actor rdf:resource="http://data.linkedmdb.org/resource/actor/193"/>
  </rdf:Description>
  <rdf:Description rdf:about="http://data.linkedmdb.org/resource/film/41007">
    <movie:actor rdf:resource="http://data.linkedmdb.org/resource/actor/193"/>
  </rdf:Description>
  <rdf:Description rdf:about="http://data.linkedmdb.org/resource/film/19938">
    <movie:actor rdf:resource="http://data.linkedmdb.org/resource/actor/193"/>
  </rdf:Description>
  <rdf:Description rdf:about="http://data.linkedmdb.org/resource/interlink/108757">
    <oddlinker:link_source rdf:resource="http://data.linkedmdb.org/resource/actor/193"/>
  </rdf:Description>
  <rdf:Description rdf:about="http://data.linkedmdb.org/resource/film/72105">
    <movie:actor rdf:resource="http://data.linkedmdb.org/resource/actor/193"/>
  </rdf:Description>
  <rdf:Description rdf:about="http://data.linkedmdb.org/resource/film/38307">
    <movie:actor rdf:resource="http://data.linkedmdb.org/resource/actor/193"/>
  </rdf:Description>
  <rdf:Description rdf:about="http://data.linkedmdb.org/resource/film/15135">
    <movie:actor rdf:resource="http://data.linkedmdb.org/resource/actor/193"/>
  </rdf:Description>
  <rdf:Description rdf:about="http://data.linkedmdb.org/data/actor/193">
    <rdfs:comment>Contents of this file may include content from 
		      FreeBase (http://www.freebase.com) or Wikipedia 
		      (http://www.wikipedia.org) licensed under CC-BY
		      (http://www.freebase.com/view/common/license/cc_attribution_25)
		      or GFDL (http://en.wikipedia.org/wiki/Wikipedia:Text_of_the_GNU_Free_Documentation_License). 
		      Refer to http://www.linkedmdb.org:8080/Main/Licensing for more details.</rdfs:comment>
    <rdfs:label>RDF Description of William Forsythe (Actor)</rdfs:label>
    <foaf:primaryTopic rdf:resource="http://data.linkedmdb.org/resource/actor/193"/>
  </rdf:Description>
  <rdf:Description rdf:about="http://data.linkedmdb.org/resource/film/11723">
    <movie:actor rdf:resource="http://data.linkedmdb.org/resource/actor/193"/>
  </rdf:Description>
  <rdf:Description rdf:about="http://data.linkedmdb.org/resource/interlink/96936">
    <oddlinker:link_source rdf:resource="http://data.linkedmdb.org/resource/actor/193"/>
  </rdf:Description>
  <rdf:Description rdf:about="http://data.linkedmdb.org/resource/film/58365">
    <movie:actor rdf:resource="http://data.linkedmdb.org/resource/actor/193"/>
  </rdf:Description>
  <rdf:Description rdf:about="http://data.linkedmdb.org/resource/film/98542">
    <movie:actor rdf:resource="http://data.linkedmdb.org/resource/actor/193"/>
  </rdf:Description>
  <rdf:Description rdf:about="http://data.linkedmdb.org/resource/film/2216">
    <movie:actor rdf:resource="http://data.linkedmdb.org/resource/actor/193"/>
  </rdf:Description>
  <rdf:Description rdf:about="http://data.linkedmdb.org/resource/film/2800">
    <movie:actor rdf:resource="http://data.linkedmdb.org/resource/actor/193"/>
  </rdf:Description>
  <rdf:Description rdf:about="http://data.linkedmdb.org/resource/film/5415">
    <movie:actor rdf:resource="http://data.linkedmdb.org/resource/actor/193"/>
  </rdf:Description>
  <rdf:Description rdf:about="http://data.linkedmdb.org/resource/film/8076">
    <movie:actor rdf:resource="http://data.linkedmdb.org/resource/actor/193"/>
  </rdf:Description>
  <rdf:Description rdf:about="http://data.linkedmdb.org/resource/film/56660">
    <movie:actor rdf:resource="http://data.linkedmdb.org/resource/actor/193"/>
  </rdf:Description>
  <rdf:Description rdf:about="http://data.linkedmdb.org/resource/film/2339">
    <movie:actor rdf:resource="http://data.linkedmdb.org/resource/actor/193"/>
  </rdf:Description>
  <rdf:Description rdf:about="http://data.linkedmdb.org/resource/film/3268">
    <movie:actor rdf:resource="http://data.linkedmdb.org/resource/actor/193"/>
  </rdf:Description>
  <rdf:Description rdf:about="http://data.linkedmdb.org/resource/film/60874">
    <movie:actor rdf:resource="http://data.linkedmdb.org/resource/actor/193"/>
  </rdf:Description>
  <rdf:Description rdf:about="http://data.linkedmdb.org/resource/interlink/120578">
    <oddlinker:link_source rdf:resource="http://data.linkedmdb.org/resource/actor/193"/>
  </rdf:Description>
  <rdf:Description rdf:about="http://data.linkedmdb.org/resource/film/40068">
    <movie:actor rdf:resource="http://data.linkedmdb.org/resource/actor/193"/>
  </rdf:Description>
  <rdf:Description rdf:about="http://data.linkedmdb.org/resource/film/1333">
    <movie:actor rdf:resource="http://data.linkedmdb.org/resource/actor/193"/>
  </rdf:Description>
  <rdf:Description rdf:about="http://data.linkedmdb.org/resource/film/46339">
    <movie:actor rdf:resource="http://data.linkedmdb.org/resource/actor/193"/>
  </rdf:Description>
  <rdf:Description rdf:about="http://data.linkedmdb.org/resource/film/6472">
    <movie:actor rdf:resource="http://data.linkedmdb.org/resource/actor/193"/>
  </rdf:Description>
  <rdf:Description rdf:about="http://data.linkedmdb.org/resource/film/74018">
    <movie:actor rdf:resource="http://data.linkedmdb.org/resource/actor/193"/>
  </rdf:Description>
  <rdf:Description rdf:about="http://data.linkedmdb.org/resource/film/9325">
    <movie:actor rdf:resource="http://data.linkedmdb.org/resource/actor/193"/>
  </rdf:Description>
  <rdf:Description rdf:about="http://data.linkedmdb.org/resource/film/39113">
    <movie:actor rdf:resource="http://data.linkedmdb.org/resource/actor/193"/>
  </rdf:Description>
  <rdf:Description rdf:about="http://data.linkedmdb.org/resource/film/58401">
    <movie:actor rdf:resource="http://data.linkedmdb.org/resource/actor/193"/>
  </rdf:Description>
  <rdf:Description rdf:about="http://data.linkedmdb.org/resource/film/5299">
    <movie:actor rdf:resource="http://data.linkedmdb.org/resource/actor/193"/>
  </rdf:Description>
  <rdf:Description rdf:about="http://data.linkedmdb.org/resource/film/63893">
    <movie:actor rdf:resource="http://data.linkedmdb.org/resource/actor/193"/>
  </rdf:Description>
  <rdf:Description rdf:about="http://data.linkedmdb.org/resource/film/13007">
    <movie:actor rdf:resource="http://data.linkedmdb.org/resource/actor/193"/>
  </rdf:Description>
  <rdf:Description rdf:about="http://data.linkedmdb.org/resource/film/63739">
    <movie:actor rdf:resource="http://data.linkedmdb.org/resource/actor/193"/>
  </rdf:Description>
  <rdf:Description rdf:about="http://data.linkedmdb.org/resource/film/24137">
    <movie:actor rdf:resource="http://data.linkedmdb.org/resource/actor/193"/>
  </rdf:Description>
  <rdf:Description rdf:about="http://data.linkedmdb.org/resource/film/42381">
    <movie:actor rdf:resource="http://data.linkedmdb.org/resource/actor/193"/>
  </rdf:Description>
  <rdf:Description rdf:about="http://data.linkedmdb.org/resource/film/11885">
    <movie:actor rdf:resource="http://data.linkedmdb.org/resource/actor/193"/>
  </rdf:Description>
</rdf:RDF>
