<?xml version="1.0"?>
<rdf:RDF
    xmlns:dbpedia="http://dbpedia.org/property/"
    xmlns:skos="http://www.w3.org/2004/02/skos/core#"
    xmlns:oddlinker="http://data.linkedmdb.org/resource/oddlinker/"
    xmlns:db="http://data.linkedmdb.org/resource/"
    xmlns:movie="http://data.linkedmdb.org/resource/movie/"
    xmlns:rdf="http://www.w3.org/1999/02/22-rdf-syntax-ns#"
    xmlns:map="file:/C:/d2r-server-0.4/mapping.n3#"
    xmlns:foaf="http://xmlns.com/foaf/0.1/"
    xmlns:d2r="http://sites.wiwiss.fu-berlin.de/suhl/bizer/d2r-server/config.rdf#"
    xmlns:owl="http://www.w3.org/2002/07/owl#"
    xmlns:dc="http://purl.org/dc/terms/"
    xmlns:xsd="http://www.w3.org/2001/XMLSchema#"
    xmlns:rdfs="http://www.w3.org/2000/01/rdf-schema#">
  <rdf:Description rdf:about="http://data.linkedmdb.org/resource/film/12227">
    <movie:actor>
      <movie:actor rdf:about="http://data.linkedmdb.org/resource/actor/1301">
        <movie:actor_actorid rdf:datatype="http://www.w3.org/2001/XMLSchema#int"
        >1301</movie:actor_actorid>
        <foaf:page>
          <rdf:Description rdf:about="http://www.freebase.com/view/guid/9202a8c04000641f8000000000d85809">
            <rdfs:seeAlso rdf:resource="http://data.linkedmdb.org/sparql?query=DESCRIBE+%3Chttp%3A%2F%2Fwww.freebase.com%2Fview%2Fguid%2F9202a8c04000641f8000000000d85809%3E"/>
          </rdf:Description>
        </foaf:page>
        <movie:performance rdf:resource="http://data.linkedmdb.org/resource/performance/160645"/>
        <movie:performance rdf:resource="http://data.linkedmdb.org/resource/performance/61033"/>
        <owl:sameAs>
          <rdf:Description rdf:about="http://mpii.de/yago/resource/Vernon_Wells_%28actor%29">
            <rdfs:seeAlso rdf:resource="http://data.linkedmdb.org/sparql?query=DESCRIBE+%3Chttp%3A%2F%2Fmpii.de%2Fyago%2Fresource%2FVernon_Wells_%2528actor%2529%3E"/>
          </rdf:Description>
        </owl:sameAs>
        <movie:performance rdf:resource="http://data.linkedmdb.org/resource/performance/54293"/>
        <movie:performance rdf:resource="http://data.linkedmdb.org/resource/performance/44219"/>
        <rdf:type>
          <rdf:Description rdf:about="http://xmlns.com/foaf/0.1/Person">
            <rdfs:seeAlso rdf:resource="http://data.linkedmdb.org/sparql?query=DESCRIBE+%3Chttp%3A%2F%2Fxmlns.com%2Ffoaf%2F0.1%2FPerson%3E"/>
          </rdf:Description>
        </rdf:type>
        <movie:performance rdf:resource="http://data.linkedmdb.org/resource/performance/62371"/>
        <movie:performance rdf:resource="http://data.linkedmdb.org/resource/performance/54665"/>
        <movie:performance rdf:resource="http://data.linkedmdb.org/resource/performance/7259"/>
        <dbpedia:hasPhotoCollection>
          <rdf:Description rdf:about="http://www4.wiwiss.fu-berlin.de/flickrwrappr/photos/Vernon_Wells_(actor)">
            <rdfs:seeAlso rdf:resource="http://data.linkedmdb.org/sparql?query=DESCRIBE+%3Chttp%3A%2F%2Fwww4.wiwiss.fu-berlin.de%2Fflickrwrappr%2Fphotos%2FVernon_Wells_%28actor%29%3E"/>
          </rdf:Description>
        </dbpedia:hasPhotoCollection>
        <movie:performance rdf:resource="http://data.linkedmdb.org/resource/performance/159305"/>
        <movie:performance rdf:resource="http://data.linkedmdb.org/resource/performance/160036"/>
        <movie:performance rdf:resource="http://data.linkedmdb.org/resource/performance/54673"/>
        <owl:sameAs>
          <rdf:Description rdf:about="http://dbpedia.org/resource/Vernon_Wells_%28actor%29">
            <rdfs:seeAlso rdf:resource="http://data.linkedmdb.org/sparql?query=DESCRIBE+%3Chttp%3A%2F%2Fdbpedia.org%2Fresource%2FVernon_Wells_%2528actor%2529%3E"/>
          </rdf:Description>
        </owl:sameAs>
        <movie:actor_name>Vernon Wells</movie:actor_name>
        <rdfs:label>Vernon Wells (Actor)</rdfs:label>
      </movie:actor>
    </movie:actor>
  </rdf:Description>
  <rdf:Description rdf:about="http://data.linkedmdb.org/resource/interlink/108267">
    <oddlinker:link_source rdf:resource="http://data.linkedmdb.org/resource/actor/1301"/>
  </rdf:Description>
  <rdf:Description rdf:about="http://data.linkedmdb.org/resource/film/614">
    <movie:actor rdf:resource="http://data.linkedmdb.org/resource/actor/1301"/>
  </rdf:Description>
  <rdf:Description rdf:about="http://data.linkedmdb.org/resource/film/18259">
    <movie:actor rdf:resource="http://data.linkedmdb.org/resource/actor/1301"/>
  </rdf:Description>
  <rdf:Description rdf:about="http://data.linkedmdb.org/resource/film/4660">
    <movie:actor rdf:resource="http://data.linkedmdb.org/resource/actor/1301"/>
  </rdf:Description>
  <rdf:Description rdf:about="http://data.linkedmdb.org/resource/film/77045">
    <movie:actor rdf:resource="http://data.linkedmdb.org/resource/actor/1301"/>
  </rdf:Description>
  <rdf:Description rdf:about="http://data.linkedmdb.org/resource/film/585">
    <movie:actor rdf:resource="http://data.linkedmdb.org/resource/actor/1301"/>
  </rdf:Description>
  <rdf:Description rdf:about="http://data.linkedmdb.org/resource/interlink/96446">
    <oddlinker:link_source rdf:resource="http://data.linkedmdb.org/resource/actor/1301"/>
  </rdf:Description>
  <rdf:Description rdf:about="http://data.linkedmdb.org/resource/film/656">
    <movie:actor rdf:resource="http://data.linkedmdb.org/resource/actor/1301"/>
  </rdf:Description>
  <rdf:Description rdf:about="http://data.linkedmdb.org/data/actor/1301">
    <rdfs:comment>Contents of this file may include content from 
		      FreeBase (http://www.freebase.com) or Wikipedia 
		      (http://www.wikipedia.org) licensed under CC-BY
		      (http://www.freebase.com/view/common/license/cc_attribution_25)
		      or GFDL (http://en.wikipedia.org/wiki/Wikipedia:Text_of_the_GNU_Free_Documentation_License). 
		      Refer to http://www.linkedmdb.org:8080/Main/Licensing for more details.</rdfs:comment>
    <rdfs:label>RDF Description of Vernon Wells (Actor)</rdfs:label>
    <foaf:primaryTopic rdf:resource="http://data.linkedmdb.org/resource/actor/1301"/>
  </rdf:Description>
  <rdf:Description rdf:about="http://data.linkedmdb.org/resource/interlink/120088">
    <oddlinker:link_source rdf:resource="http://data.linkedmdb.org/resource/actor/1301"/>
  </rdf:Description>
  <rdf:Description rdf:about="http://data.linkedmdb.org/resource/film/55909">
    <movie:actor rdf:resource="http://data.linkedmdb.org/resource/actor/1301"/>
  </rdf:Description>
  <rdf:Description rdf:about="http://data.linkedmdb.org/resource/film/3454">
    <movie:actor rdf:resource="http://data.linkedmdb.org/resource/actor/1301"/>
  </rdf:Description>
  <rdf:Description rdf:about="http://data.linkedmdb.org/resource/film/39911">
    <movie:actor rdf:resource="http://data.linkedmdb.org/resource/actor/1301"/>
  </rdf:Description>
</rdf:RDF>
