<?xml version="1.0"?>
<rdf:RDF
    xmlns:dbpedia="http://dbpedia.org/property/"
    xmlns:skos="http://www.w3.org/2004/02/skos/core#"
    xmlns:oddlinker="http://data.linkedmdb.org/resource/oddlinker/"
    xmlns:db="http://data.linkedmdb.org/resource/"
    xmlns:movie="http://data.linkedmdb.org/resource/movie/"
    xmlns:rdf="http://www.w3.org/1999/02/22-rdf-syntax-ns#"
    xmlns:map="file:/C:/d2r-server-0.4/mapping.n3#"
    xmlns:foaf="http://xmlns.com/foaf/0.1/"
    xmlns:d2r="http://sites.wiwiss.fu-berlin.de/suhl/bizer/d2r-server/config.rdf#"
    xmlns:owl="http://www.w3.org/2002/07/owl#"
    xmlns:dc="http://purl.org/dc/terms/"
    xmlns:xsd="http://www.w3.org/2001/XMLSchema#"
    xmlns:rdfs="http://www.w3.org/2000/01/rdf-schema#">
  <rdf:Description rdf:about="http://data.linkedmdb.org/resource/film/41087">
    <movie:actor>
      <movie:actor rdf:about="http://data.linkedmdb.org/resource/actor/124">
        <movie:performance rdf:resource="http://data.linkedmdb.org/resource/performance/108376"/>
        <movie:performance rdf:resource="http://data.linkedmdb.org/resource/performance/22712"/>
        <movie:performance rdf:resource="http://data.linkedmdb.org/resource/performance/108383"/>
        <movie:performance rdf:resource="http://data.linkedmdb.org/resource/performance/108379"/>
        <movie:performance rdf:resource="http://data.linkedmdb.org/resource/performance/108387"/>
        <movie:performance rdf:resource="http://data.linkedmdb.org/resource/performance/108382"/>
        <movie:performance rdf:resource="http://data.linkedmdb.org/resource/performance/108378"/>
        <foaf:page>
          <rdf:Description rdf:about="http://www.imdb.com/name/nm0931437/">
            <rdfs:seeAlso rdf:resource="http://data.linkedmdb.org/sparql?query=DESCRIBE+%3Chttp%3A%2F%2Fwww.imdb.com%2Fname%2Fnm0931437%2F%3E"/>
          </rdf:Description>
        </foaf:page>
        <movie:performance rdf:resource="http://data.linkedmdb.org/resource/performance/109658"/>
        <rdf:type>
          <rdf:Description rdf:about="http://xmlns.com/foaf/0.1/Person">
            <rdfs:seeAlso rdf:resource="http://data.linkedmdb.org/sparql?query=DESCRIBE+%3Chttp%3A%2F%2Fxmlns.com%2Ffoaf%2F0.1%2FPerson%3E"/>
          </rdf:Description>
        </rdf:type>
        <movie:performance rdf:resource="http://data.linkedmdb.org/resource/performance/108381"/>
        <movie:performance rdf:resource="http://data.linkedmdb.org/resource/performance/108386"/>
        <rdfs:label>Paul Williams (Actor)</rdfs:label>
        <movie:performance rdf:resource="http://data.linkedmdb.org/resource/performance/108377"/>
        <foaf:page>
          <rdf:Description rdf:about="http://www.freebase.com/view/guid/9202a8c04000641f80000000002042da">
            <rdfs:seeAlso rdf:resource="http://data.linkedmdb.org/sparql?query=DESCRIBE+%3Chttp%3A%2F%2Fwww.freebase.com%2Fview%2Fguid%2F9202a8c04000641f80000000002042da%3E"/>
          </rdf:Description>
        </foaf:page>
        <movie:performance rdf:resource="http://data.linkedmdb.org/resource/performance/108385"/>
        <movie:actor_name>Paul Williams</movie:actor_name>
        <movie:performance rdf:resource="http://data.linkedmdb.org/resource/performance/108380"/>
        <movie:actor_actorid rdf:datatype="http://www.w3.org/2001/XMLSchema#int"
        >124</movie:actor_actorid>
        <movie:performance rdf:resource="http://data.linkedmdb.org/resource/performance/108384"/>
        <movie:performance rdf:resource="http://data.linkedmdb.org/resource/performance/56978"/>
      </movie:actor>
    </movie:actor>
  </rdf:Description>
  <rdf:Description rdf:about="http://data.linkedmdb.org/resource/film/4258">
    <movie:actor rdf:resource="http://data.linkedmdb.org/resource/actor/124"/>
  </rdf:Description>
  <rdf:Description rdf:about="http://data.linkedmdb.org/data/actor/124">
    <rdfs:comment>Contents of this file may include content from 
		      FreeBase (http://www.freebase.com) or Wikipedia 
		      (http://www.wikipedia.org) licensed under CC-BY
		      (http://www.freebase.com/view/common/license/cc_attribution_25)
		      or GFDL (http://en.wikipedia.org/wiki/Wikipedia:Text_of_the_GNU_Free_Documentation_License). 
		      Refer to http://www.linkedmdb.org:8080/Main/Licensing for more details.</rdfs:comment>
    <rdfs:label>RDF Description of Paul Williams (Actor)</rdfs:label>
    <foaf:primaryTopic rdf:resource="http://data.linkedmdb.org/resource/actor/124"/>
  </rdf:Description>
  <rdf:Description rdf:about="http://data.linkedmdb.org/resource/film/9457">
    <movie:actor rdf:resource="http://data.linkedmdb.org/resource/actor/124"/>
  </rdf:Description>
  <rdf:Description rdf:about="http://data.linkedmdb.org/resource/film/41570">
    <movie:actor rdf:resource="http://data.linkedmdb.org/resource/actor/124"/>
  </rdf:Description>
  <rdf:Description rdf:about="http://data.linkedmdb.org/resource/film/40156">
    <movie:actor rdf:resource="http://data.linkedmdb.org/resource/actor/124"/>
  </rdf:Description>
  <rdf:Description rdf:about="http://data.linkedmdb.org/resource/film/41878">
    <movie:actor rdf:resource="http://data.linkedmdb.org/resource/actor/124"/>
  </rdf:Description>
  <rdf:Description rdf:about="http://data.linkedmdb.org/resource/film/40225">
    <movie:actor rdf:resource="http://data.linkedmdb.org/resource/actor/124"/>
  </rdf:Description>
  <rdf:Description rdf:about="http://data.linkedmdb.org/resource/film/1147">
    <movie:actor rdf:resource="http://data.linkedmdb.org/resource/actor/124"/>
  </rdf:Description>
  <rdf:Description rdf:about="http://data.linkedmdb.org/resource/film/47175">
    <movie:actor rdf:resource="http://data.linkedmdb.org/resource/actor/124"/>
  </rdf:Description>
  <rdf:Description rdf:about="http://data.linkedmdb.org/resource/film/2369">
    <movie:actor rdf:resource="http://data.linkedmdb.org/resource/actor/124"/>
  </rdf:Description>
  <rdf:Description rdf:about="http://data.linkedmdb.org/resource/film/54368">
    <movie:actor rdf:resource="http://data.linkedmdb.org/resource/actor/124"/>
  </rdf:Description>
  <rdf:Description rdf:about="http://data.linkedmdb.org/resource/film/13916">
    <movie:actor rdf:resource="http://data.linkedmdb.org/resource/actor/124"/>
  </rdf:Description>
  <rdf:Description rdf:about="http://data.linkedmdb.org/resource/film/39977">
    <movie:actor rdf:resource="http://data.linkedmdb.org/resource/actor/124"/>
  </rdf:Description>
  <rdf:Description rdf:about="http://data.linkedmdb.org/resource/film/42686">
    <movie:actor rdf:resource="http://data.linkedmdb.org/resource/actor/124"/>
  </rdf:Description>
  <rdf:Description rdf:about="http://data.linkedmdb.org/resource/film/39165">
    <movie:actor rdf:resource="http://data.linkedmdb.org/resource/actor/124"/>
  </rdf:Description>
</rdf:RDF>
