<?xml version="1.0"?>
<rdf:RDF
    xmlns:dbpedia="http://dbpedia.org/property/"
    xmlns:skos="http://www.w3.org/2004/02/skos/core#"
    xmlns:oddlinker="http://data.linkedmdb.org/resource/oddlinker/"
    xmlns:db="http://data.linkedmdb.org/resource/"
    xmlns:movie="http://data.linkedmdb.org/resource/movie/"
    xmlns:rdf="http://www.w3.org/1999/02/22-rdf-syntax-ns#"
    xmlns:map="file:/C:/d2r-server-0.4/mapping.n3#"
    xmlns:foaf="http://xmlns.com/foaf/0.1/"
    xmlns:d2r="http://sites.wiwiss.fu-berlin.de/suhl/bizer/d2r-server/config.rdf#"
    xmlns:owl="http://www.w3.org/2002/07/owl#"
    xmlns:dc="http://purl.org/dc/terms/"
    xmlns:xsd="http://www.w3.org/2001/XMLSchema#"
    xmlns:rdfs="http://www.w3.org/2000/01/rdf-schema#">
  <rdf:Description rdf:about="http://data.linkedmdb.org/resource/interlink/119613">
    <oddlinker:link_source>
      <foaf:Person rdf:about="http://data.linkedmdb.org/resource/actor/258">
        <movie:performance rdf:resource="http://data.linkedmdb.org/resource/performance/131921"/>
        <movie:performance rdf:resource="http://data.linkedmdb.org/resource/performance/53253"/>
        <movie:performance rdf:resource="http://data.linkedmdb.org/resource/performance/106180"/>
        <movie:performance rdf:resource="http://data.linkedmdb.org/resource/performance/131037"/>
        <movie:performance rdf:resource="http://data.linkedmdb.org/resource/performance/13990"/>
        <movie:performance rdf:resource="http://data.linkedmdb.org/resource/performance/33852"/>
        <movie:performance rdf:resource="http://data.linkedmdb.org/resource/performance/44226"/>
        <movie:performance rdf:resource="http://data.linkedmdb.org/resource/performance/32427"/>
        <owl:sameAs>
          <rdf:Description rdf:about="http://dbpedia.org/resource/Thomas_Mitchell">
            <rdfs:seeAlso rdf:resource="http://data.linkedmdb.org/sparql?query=DESCRIBE+%3Chttp%3A%2F%2Fdbpedia.org%2Fresource%2FThomas_Mitchell%3E"/>
          </rdf:Description>
        </owl:sameAs>
        <movie:performance rdf:resource="http://data.linkedmdb.org/resource/performance/96386"/>
        <movie:performance rdf:resource="http://data.linkedmdb.org/resource/performance/123149"/>
        <movie:performance rdf:resource="http://data.linkedmdb.org/resource/performance/99495"/>
        <movie:performance rdf:resource="http://data.linkedmdb.org/resource/performance/118900"/>
        <owl:sameAs>
          <rdf:Description rdf:about="http://mpii.de/yago/resource/Thomas_Mitchell_%28actor%29">
            <rdfs:seeAlso rdf:resource="http://data.linkedmdb.org/sparql?query=DESCRIBE+%3Chttp%3A%2F%2Fmpii.de%2Fyago%2Fresource%2FThomas_Mitchell_%2528actor%2529%3E"/>
          </rdf:Description>
        </owl:sameAs>
        <movie:performance rdf:resource="http://data.linkedmdb.org/resource/performance/22987"/>
        <rdfs:label>Thomas Mitchell (Actor)</rdfs:label>
        <dbpedia:hasPhotoCollection>
          <rdf:Description rdf:about="http://www4.wiwiss.fu-berlin.de/flickrwrappr/photos/Thomas_Mitchell_(actor)">
            <rdfs:seeAlso rdf:resource="http://data.linkedmdb.org/sparql?query=DESCRIBE+%3Chttp%3A%2F%2Fwww4.wiwiss.fu-berlin.de%2Fflickrwrappr%2Fphotos%2FThomas_Mitchell_%28actor%29%3E"/>
          </rdf:Description>
        </dbpedia:hasPhotoCollection>
        <movie:performance rdf:resource="http://data.linkedmdb.org/resource/performance/192908"/>
        <owl:sameAs>
          <rdf:Description rdf:about="http://dbpedia.org/resource/Thomas_Mitchell_%28actor%29">
            <rdfs:seeAlso rdf:resource="http://data.linkedmdb.org/sparql?query=DESCRIBE+%3Chttp%3A%2F%2Fdbpedia.org%2Fresource%2FThomas_Mitchell_%2528actor%2529%3E"/>
          </rdf:Description>
        </owl:sameAs>
        <dbpedia:hasPhotoCollection>
          <rdf:Description rdf:about="http://www4.wiwiss.fu-berlin.de/flickrwrappr/photos/Thomas_Mitchell">
            <rdfs:seeAlso rdf:resource="http://data.linkedmdb.org/sparql?query=DESCRIBE+%3Chttp%3A%2F%2Fwww4.wiwiss.fu-berlin.de%2Fflickrwrappr%2Fphotos%2FThomas_Mitchell%3E"/>
          </rdf:Description>
        </dbpedia:hasPhotoCollection>
        <movie:performance rdf:resource="http://data.linkedmdb.org/resource/performance/179337"/>
        <movie:performance rdf:resource="http://data.linkedmdb.org/resource/performance/118886"/>
        <movie:performance rdf:resource="http://data.linkedmdb.org/resource/performance/197041"/>
        <movie:actor_actorid rdf:datatype="http://www.w3.org/2001/XMLSchema#int"
        >258</movie:actor_actorid>
        <movie:performance rdf:resource="http://data.linkedmdb.org/resource/performance/105489"/>
        <movie:actor_name>Thomas Mitchell</movie:actor_name>
        <rdf:type rdf:resource="http://data.linkedmdb.org/resource/movie/actor"/>
        <movie:performance rdf:resource="http://data.linkedmdb.org/resource/performance/30561"/>
        <movie:performance rdf:resource="http://data.linkedmdb.org/resource/performance/20235"/>
        <movie:performance rdf:resource="http://data.linkedmdb.org/resource/performance/106176"/>
        <movie:performance rdf:resource="http://data.linkedmdb.org/resource/performance/97214"/>
        <movie:performance rdf:resource="http://data.linkedmdb.org/resource/performance/105727"/>
        <movie:performance rdf:resource="http://data.linkedmdb.org/resource/performance/55336"/>
        <movie:performance rdf:resource="http://data.linkedmdb.org/resource/performance/114807"/>
        <movie:performance rdf:resource="http://data.linkedmdb.org/resource/performance/145064"/>
        <movie:performance rdf:resource="http://data.linkedmdb.org/resource/performance/39277"/>
        <movie:performance rdf:resource="http://data.linkedmdb.org/resource/performance/104048"/>
        <movie:performance rdf:resource="http://data.linkedmdb.org/resource/performance/106217"/>
        <owl:sameAs>
          <rdf:Description rdf:about="http://mpii.de/yago/resource/Thomas_Mitchell">
            <rdfs:seeAlso rdf:resource="http://data.linkedmdb.org/sparql?query=DESCRIBE+%3Chttp%3A%2F%2Fmpii.de%2Fyago%2Fresource%2FThomas_Mitchell%3E"/>
          </rdf:Description>
        </owl:sameAs>
        <movie:performance rdf:resource="http://data.linkedmdb.org/resource/performance/115002"/>
        <foaf:page>
          <rdf:Description rdf:about="http://www.freebase.com/view/guid/9202a8c04000641f800000000034f177">
            <rdfs:seeAlso rdf:resource="http://data.linkedmdb.org/sparql?query=DESCRIBE+%3Chttp%3A%2F%2Fwww.freebase.com%2Fview%2Fguid%2F9202a8c04000641f800000000034f177%3E"/>
          </rdf:Description>
        </foaf:page>
      </foaf:Person>
    </oddlinker:link_source>
  </rdf:Description>
  <rdf:Description rdf:about="http://data.linkedmdb.org/resource/film/14897">
    <movie:actor rdf:resource="http://data.linkedmdb.org/resource/actor/258"/>
  </rdf:Description>
  <rdf:Description rdf:about="http://data.linkedmdb.org/resource/film/41201">
    <movie:actor rdf:resource="http://data.linkedmdb.org/resource/actor/258"/>
  </rdf:Description>
  <rdf:Description rdf:about="http://data.linkedmdb.org/resource/film/15110">
    <movie:actor rdf:resource="http://data.linkedmdb.org/resource/actor/258"/>
  </rdf:Description>
  <rdf:Description rdf:about="http://data.linkedmdb.org/resource/interlink/95970">
    <oddlinker:link_source rdf:resource="http://data.linkedmdb.org/resource/actor/258"/>
  </rdf:Description>
  <rdf:Description rdf:about="http://data.linkedmdb.org/resource/film/41166">
    <movie:actor rdf:resource="http://data.linkedmdb.org/resource/actor/258"/>
  </rdf:Description>
  <rdf:Description rdf:about="http://data.linkedmdb.org/resource/film/56956">
    <movie:actor rdf:resource="http://data.linkedmdb.org/resource/actor/258"/>
  </rdf:Description>
  <rdf:Description rdf:about="http://data.linkedmdb.org/resource/film/8634">
    <movie:actor rdf:resource="http://data.linkedmdb.org/resource/actor/258"/>
  </rdf:Description>
  <rdf:Description rdf:about="http://data.linkedmdb.org/resource/interlink/107792">
    <oddlinker:link_source rdf:resource="http://data.linkedmdb.org/resource/actor/258"/>
  </rdf:Description>
  <rdf:Description rdf:about="http://xmlns.com/foaf/0.1/Person">
    <rdfs:seeAlso rdf:resource="http://data.linkedmdb.org/sparql?query=DESCRIBE+%3Chttp%3A%2F%2Fxmlns.com%2Ffoaf%2F0.1%2FPerson%3E"/>
  </rdf:Description>
  <rdf:Description rdf:about="http://data.linkedmdb.org/resource/film/6789">
    <movie:actor rdf:resource="http://data.linkedmdb.org/resource/actor/258"/>
  </rdf:Description>
  <rdf:Description rdf:about="http://data.linkedmdb.org/resource/film/6867">
    <movie:actor rdf:resource="http://data.linkedmdb.org/resource/actor/258"/>
  </rdf:Description>
  <rdf:Description rdf:about="http://data.linkedmdb.org/resource/film/43926">
    <movie:actor rdf:resource="http://data.linkedmdb.org/resource/actor/258"/>
  </rdf:Description>
  <rdf:Description rdf:about="http://data.linkedmdb.org/resource/film/24752">
    <movie:actor rdf:resource="http://data.linkedmdb.org/resource/actor/258"/>
  </rdf:Description>
  <rdf:Description rdf:about="http://data.linkedmdb.org/resource/film/114">
    <movie:actor rdf:resource="http://data.linkedmdb.org/resource/actor/258"/>
  </rdf:Description>
  <rdf:Description rdf:about="http://data.linkedmdb.org/resource/interlink/95971">
    <oddlinker:link_source rdf:resource="http://data.linkedmdb.org/resource/actor/258"/>
  </rdf:Description>
  <rdf:Description rdf:about="http://data.linkedmdb.org/resource/film/2286">
    <movie:actor rdf:resource="http://data.linkedmdb.org/resource/actor/258"/>
  </rdf:Description>
  <rdf:Description rdf:about="http://data.linkedmdb.org/resource/film/59928">
    <movie:actor rdf:resource="http://data.linkedmdb.org/resource/actor/258"/>
  </rdf:Description>
  <rdf:Description rdf:about="http://data.linkedmdb.org/resource/interlink/119612">
    <oddlinker:link_source rdf:resource="http://data.linkedmdb.org/resource/actor/258"/>
  </rdf:Description>
  <rdf:Description rdf:about="http://data.linkedmdb.org/resource/film/23291">
    <movie:actor rdf:resource="http://data.linkedmdb.org/resource/actor/258"/>
  </rdf:Description>
  <rdf:Description rdf:about="http://data.linkedmdb.org/resource/film/65423">
    <movie:actor rdf:resource="http://data.linkedmdb.org/resource/actor/258"/>
  </rdf:Description>
  <rdf:Description rdf:about="http://data.linkedmdb.org/resource/film/38375">
    <movie:actor rdf:resource="http://data.linkedmdb.org/resource/actor/258"/>
  </rdf:Description>
  <rdf:Description rdf:about="http://data.linkedmdb.org/data/actor/258">
    <rdfs:comment>Contents of this file may include content from 
		      FreeBase (http://www.freebase.com) or Wikipedia 
		      (http://www.wikipedia.org) licensed under CC-BY
		      (http://www.freebase.com/view/common/license/cc_attribution_25)
		      or GFDL (http://en.wikipedia.org/wiki/Wikipedia:Text_of_the_GNU_Free_Documentation_License). 
		      Refer to http://www.linkedmdb.org:8080/Main/Licensing for more details.</rdfs:comment>
    <rdfs:label>RDF Description of Thomas Mitchell (Actor)</rdfs:label>
    <foaf:primaryTopic rdf:resource="http://data.linkedmdb.org/resource/actor/258"/>
  </rdf:Description>
  <rdf:Description rdf:about="http://data.linkedmdb.org/resource/film/24343">
    <movie:actor rdf:resource="http://data.linkedmdb.org/resource/actor/258"/>
  </rdf:Description>
  <rdf:Description rdf:about="http://data.linkedmdb.org/resource/film/7697">
    <movie:actor rdf:resource="http://data.linkedmdb.org/resource/actor/258"/>
  </rdf:Description>
  <rdf:Description rdf:about="http://data.linkedmdb.org/resource/film/24702">
    <movie:actor rdf:resource="http://data.linkedmdb.org/resource/actor/258"/>
  </rdf:Description>
  <rdf:Description rdf:about="http://data.linkedmdb.org/resource/film/24706">
    <movie:actor rdf:resource="http://data.linkedmdb.org/resource/actor/258"/>
  </rdf:Description>
  <rdf:Description rdf:about="http://data.linkedmdb.org/resource/film/38655">
    <movie:actor rdf:resource="http://data.linkedmdb.org/resource/actor/258"/>
  </rdf:Description>
  <rdf:Description rdf:about="http://data.linkedmdb.org/resource/film/38284">
    <movie:actor rdf:resource="http://data.linkedmdb.org/resource/actor/258"/>
  </rdf:Description>
  <rdf:Description rdf:about="http://data.linkedmdb.org/resource/film/73099">
    <movie:actor rdf:resource="http://data.linkedmdb.org/resource/actor/258"/>
  </rdf:Description>
  <rdf:Description rdf:about="http://data.linkedmdb.org/resource/film/4335">
    <movie:actor rdf:resource="http://data.linkedmdb.org/resource/actor/258"/>
  </rdf:Description>
  <rdf:Description rdf:about="http://data.linkedmdb.org/resource/film/55394">
    <movie:actor rdf:resource="http://data.linkedmdb.org/resource/actor/258"/>
  </rdf:Description>
  <rdf:Description rdf:about="http://data.linkedmdb.org/resource/film/24153">
    <movie:actor rdf:resource="http://data.linkedmdb.org/resource/actor/258"/>
  </rdf:Description>
  <rdf:Description rdf:about="http://data.linkedmdb.org/resource/film/1400">
    <movie:actor rdf:resource="http://data.linkedmdb.org/resource/actor/258"/>
  </rdf:Description>
  <rdf:Description rdf:about="http://data.linkedmdb.org/resource/film/38292">
    <movie:actor rdf:resource="http://data.linkedmdb.org/resource/actor/258"/>
  </rdf:Description>
  <rdf:Description rdf:about="http://data.linkedmdb.org/resource/interlink/107791">
    <oddlinker:link_source rdf:resource="http://data.linkedmdb.org/resource/actor/258"/>
  </rdf:Description>
  <rdf:Description rdf:about="http://data.linkedmdb.org/resource/film/7194">
    <movie:actor rdf:resource="http://data.linkedmdb.org/resource/actor/258"/>
  </rdf:Description>
  <rdf:Description rdf:about="http://data.linkedmdb.org/resource/film/55648">
    <movie:actor rdf:resource="http://data.linkedmdb.org/resource/actor/258"/>
  </rdf:Description>
</rdf:RDF>
