<?xml version="1.0"?>
<rdf:RDF
    xmlns:dbpedia="http://dbpedia.org/property/"
    xmlns:skos="http://www.w3.org/2004/02/skos/core#"
    xmlns:oddlinker="http://data.linkedmdb.org/resource/oddlinker/"
    xmlns:db="http://data.linkedmdb.org/resource/"
    xmlns:movie="http://data.linkedmdb.org/resource/movie/"
    xmlns:rdf="http://www.w3.org/1999/02/22-rdf-syntax-ns#"
    xmlns:map="file:/C:/d2r-server-0.4/mapping.n3#"
    xmlns:foaf="http://xmlns.com/foaf/0.1/"
    xmlns:d2r="http://sites.wiwiss.fu-berlin.de/suhl/bizer/d2r-server/config.rdf#"
    xmlns:owl="http://www.w3.org/2002/07/owl#"
    xmlns:dc="http://purl.org/dc/terms/"
    xmlns:xsd="http://www.w3.org/2001/XMLSchema#"
    xmlns:rdfs="http://www.w3.org/2000/01/rdf-schema#">
  <rdf:Description rdf:about="http://data.linkedmdb.org/resource/film/46893">
    <movie:actor>
      <foaf:Person rdf:about="http://data.linkedmdb.org/resource/actor/247">
        <movie:performance rdf:resource="http://data.linkedmdb.org/resource/performance/91096"/>
        <movie:performance rdf:resource="http://data.linkedmdb.org/resource/performance/118633"/>
        <movie:performance rdf:resource="http://data.linkedmdb.org/resource/performance/78536"/>
        <movie:performance rdf:resource="http://data.linkedmdb.org/resource/performance/79613"/>
        <movie:performance rdf:resource="http://data.linkedmdb.org/resource/performance/197980"/>
        <movie:performance rdf:resource="http://data.linkedmdb.org/resource/performance/129112"/>
        <movie:performance rdf:resource="http://data.linkedmdb.org/resource/performance/114296"/>
        <movie:performance rdf:resource="http://data.linkedmdb.org/resource/performance/89562"/>
        <movie:performance rdf:resource="http://data.linkedmdb.org/resource/performance/84486"/>
        <movie:actor_name>Olivia d'Abo</movie:actor_name>
        <movie:performance rdf:resource="http://data.linkedmdb.org/resource/performance/105518"/>
        <movie:performance rdf:resource="http://data.linkedmdb.org/resource/performance/84548"/>
        <movie:performance rdf:resource="http://data.linkedmdb.org/resource/performance/87665"/>
        <movie:performance rdf:resource="http://data.linkedmdb.org/resource/performance/80679"/>
        <movie:performance rdf:resource="http://data.linkedmdb.org/resource/performance/169830"/>
        <movie:performance rdf:resource="http://data.linkedmdb.org/resource/performance/118349"/>
        <movie:performance rdf:resource="http://data.linkedmdb.org/resource/performance/37715"/>
        <movie:actor_actorid rdf:datatype="http://www.w3.org/2001/XMLSchema#int"
        >247</movie:actor_actorid>
        <movie:performance rdf:resource="http://data.linkedmdb.org/resource/performance/79940"/>
        <movie:performance rdf:resource="http://data.linkedmdb.org/resource/performance/4915"/>
        <movie:performance rdf:resource="http://data.linkedmdb.org/resource/performance/79518"/>
        <movie:performance rdf:resource="http://data.linkedmdb.org/resource/performance/84630"/>
        <movie:performance rdf:resource="http://data.linkedmdb.org/resource/performance/85975"/>
        <movie:performance rdf:resource="http://data.linkedmdb.org/resource/performance/90033"/>
        <rdfs:label>Olivia d'Abo (Actor)</rdfs:label>
        <dbpedia:hasPhotoCollection>
          <rdf:Description rdf:about="http://www4.wiwiss.fu-berlin.de/flickrwrappr/photos/Olivia_d&apos;Abo">
            <rdfs:seeAlso rdf:resource="http://data.linkedmdb.org/sparql?query=DESCRIBE+%3Chttp%3A%2F%2Fwww4.wiwiss.fu-berlin.de%2Fflickrwrappr%2Fphotos%2FOlivia_d%27Abo%3E"/>
          </rdf:Description>
        </dbpedia:hasPhotoCollection>
        <owl:sameAs>
          <rdf:Description rdf:about="http://mpii.de/yago/resource/Olivia_d%27Abo">
            <rdfs:seeAlso rdf:resource="http://data.linkedmdb.org/sparql?query=DESCRIBE+%3Chttp%3A%2F%2Fmpii.de%2Fyago%2Fresource%2FOlivia_d%2527Abo%3E"/>
          </rdf:Description>
        </owl:sameAs>
        <rdf:type rdf:resource="http://data.linkedmdb.org/resource/movie/actor"/>
        <foaf:page>
          <rdf:Description rdf:about="http://www.freebase.com/view/guid/9202a8c04000641f800000000033399b">
            <rdfs:seeAlso rdf:resource="http://data.linkedmdb.org/sparql?query=DESCRIBE+%3Chttp%3A%2F%2Fwww.freebase.com%2Fview%2Fguid%2F9202a8c04000641f800000000033399b%3E"/>
          </rdf:Description>
        </foaf:page>
        <movie:performance rdf:resource="http://data.linkedmdb.org/resource/performance/27053"/>
        <owl:sameAs>
          <rdf:Description rdf:about="http://dbpedia.org/resource/Olivia_d%27Abo">
            <rdfs:seeAlso rdf:resource="http://data.linkedmdb.org/sparql?query=DESCRIBE+%3Chttp%3A%2F%2Fdbpedia.org%2Fresource%2FOlivia_d%2527Abo%3E"/>
          </rdf:Description>
        </owl:sameAs>
      </foaf:Person>
    </movie:actor>
  </rdf:Description>
  <rdf:Description rdf:about="http://data.linkedmdb.org/resource/film/7038">
    <movie:actor rdf:resource="http://data.linkedmdb.org/resource/actor/247"/>
  </rdf:Description>
  <rdf:Description rdf:about="http://data.linkedmdb.org/resource/film/46717">
    <movie:actor rdf:resource="http://data.linkedmdb.org/resource/actor/247"/>
  </rdf:Description>
  <rdf:Description rdf:about="http://data.linkedmdb.org/resource/film/17212">
    <movie:actor rdf:resource="http://data.linkedmdb.org/resource/actor/247"/>
  </rdf:Description>
  <rdf:Description rdf:about="http://data.linkedmdb.org/resource/film/84100">
    <movie:actor rdf:resource="http://data.linkedmdb.org/resource/actor/247"/>
  </rdf:Description>
  <rdf:Description rdf:about="http://data.linkedmdb.org/resource/interlink/117108">
    <oddlinker:link_source rdf:resource="http://data.linkedmdb.org/resource/actor/247"/>
  </rdf:Description>
  <rdf:Description rdf:about="http://xmlns.com/foaf/0.1/Person">
    <rdfs:seeAlso rdf:resource="http://data.linkedmdb.org/sparql?query=DESCRIBE+%3Chttp%3A%2F%2Fxmlns.com%2Ffoaf%2F0.1%2FPerson%3E"/>
  </rdf:Description>
  <rdf:Description rdf:about="http://data.linkedmdb.org/resource/film/39276">
    <movie:actor rdf:resource="http://data.linkedmdb.org/resource/actor/247"/>
  </rdf:Description>
  <rdf:Description rdf:about="http://data.linkedmdb.org/resource/film/8184">
    <movie:actor rdf:resource="http://data.linkedmdb.org/resource/actor/247"/>
  </rdf:Description>
  <rdf:Description rdf:about="http://data.linkedmdb.org/resource/film/19476">
    <movie:actor rdf:resource="http://data.linkedmdb.org/resource/actor/247"/>
  </rdf:Description>
  <rdf:Description rdf:about="http://data.linkedmdb.org/resource/film/18080">
    <movie:actor rdf:resource="http://data.linkedmdb.org/resource/actor/247"/>
  </rdf:Description>
  <rdf:Description rdf:about="http://data.linkedmdb.org/resource/film/44216">
    <movie:actor rdf:resource="http://data.linkedmdb.org/resource/actor/247"/>
  </rdf:Description>
  <rdf:Description rdf:about="http://data.linkedmdb.org/resource/film/98094">
    <movie:actor rdf:resource="http://data.linkedmdb.org/resource/actor/247"/>
  </rdf:Description>
  <rdf:Description rdf:about="http://data.linkedmdb.org/resource/film/54739">
    <movie:actor rdf:resource="http://data.linkedmdb.org/resource/actor/247"/>
  </rdf:Description>
  <rdf:Description rdf:about="http://data.linkedmdb.org/resource/film/64111">
    <movie:actor rdf:resource="http://data.linkedmdb.org/resource/actor/247"/>
  </rdf:Description>
  <rdf:Description rdf:about="http://data.linkedmdb.org/resource/film/18978">
    <movie:actor rdf:resource="http://data.linkedmdb.org/resource/actor/247"/>
  </rdf:Description>
  <rdf:Description rdf:about="http://data.linkedmdb.org/resource/film/38817">
    <movie:actor rdf:resource="http://data.linkedmdb.org/resource/actor/247"/>
  </rdf:Description>
  <rdf:Description rdf:about="http://data.linkedmdb.org/data/actor/247">
    <rdfs:comment>Contents of this file may include content from 
		      FreeBase (http://www.freebase.com) or Wikipedia 
		      (http://www.wikipedia.org) licensed under CC-BY
		      (http://www.freebase.com/view/common/license/cc_attribution_25)
		      or GFDL (http://en.wikipedia.org/wiki/Wikipedia:Text_of_the_GNU_Free_Documentation_License). 
		      Refer to http://www.linkedmdb.org:8080/Main/Licensing for more details.</rdfs:comment>
    <rdfs:label>RDF Description of Olivia d'Abo (Actor)</rdfs:label>
    <foaf:primaryTopic rdf:resource="http://data.linkedmdb.org/resource/actor/247"/>
  </rdf:Description>
  <rdf:Description rdf:about="http://data.linkedmdb.org/resource/film/40536">
    <movie:actor rdf:resource="http://data.linkedmdb.org/resource/actor/247"/>
  </rdf:Description>
  <rdf:Description rdf:about="http://data.linkedmdb.org/resource/film/8514">
    <movie:actor rdf:resource="http://data.linkedmdb.org/resource/actor/247"/>
  </rdf:Description>
  <rdf:Description rdf:about="http://data.linkedmdb.org/resource/film/365">
    <movie:actor rdf:resource="http://data.linkedmdb.org/resource/actor/247"/>
  </rdf:Description>
  <rdf:Description rdf:about="http://data.linkedmdb.org/resource/film/6034">
    <movie:actor rdf:resource="http://data.linkedmdb.org/resource/actor/247"/>
  </rdf:Description>
  <rdf:Description rdf:about="http://data.linkedmdb.org/resource/interlink/93466">
    <oddlinker:link_source rdf:resource="http://data.linkedmdb.org/resource/actor/247"/>
  </rdf:Description>
  <rdf:Description rdf:about="http://data.linkedmdb.org/resource/interlink/105287">
    <oddlinker:link_source rdf:resource="http://data.linkedmdb.org/resource/actor/247"/>
  </rdf:Description>
  <rdf:Description rdf:about="http://data.linkedmdb.org/resource/film/41894">
    <movie:actor rdf:resource="http://data.linkedmdb.org/resource/actor/247"/>
  </rdf:Description>
  <rdf:Description rdf:about="http://data.linkedmdb.org/resource/film/4318">
    <movie:actor rdf:resource="http://data.linkedmdb.org/resource/actor/247"/>
  </rdf:Description>
  <rdf:Description rdf:about="http://data.linkedmdb.org/resource/film/18113">
    <movie:actor rdf:resource="http://data.linkedmdb.org/resource/actor/247"/>
  </rdf:Description>
  <rdf:Description rdf:about="http://data.linkedmdb.org/resource/film/24171">
    <movie:actor rdf:resource="http://data.linkedmdb.org/resource/actor/247"/>
  </rdf:Description>
</rdf:RDF>
