<?xml version="1.0"?>
<rdf:RDF
    xmlns:dbpedia="http://dbpedia.org/property/"
    xmlns:skos="http://www.w3.org/2004/02/skos/core#"
    xmlns:oddlinker="http://data.linkedmdb.org/resource/oddlinker/"
    xmlns:db="http://data.linkedmdb.org/resource/"
    xmlns:movie="http://data.linkedmdb.org/resource/movie/"
    xmlns:rdf="http://www.w3.org/1999/02/22-rdf-syntax-ns#"
    xmlns:map="file:/C:/d2r-server-0.4/mapping.n3#"
    xmlns:foaf="http://xmlns.com/foaf/0.1/"
    xmlns:d2r="http://sites.wiwiss.fu-berlin.de/suhl/bizer/d2r-server/config.rdf#"
    xmlns:owl="http://www.w3.org/2002/07/owl#"
    xmlns:dc="http://purl.org/dc/terms/"
    xmlns:xsd="http://www.w3.org/2001/XMLSchema#"
    xmlns:rdfs="http://www.w3.org/2000/01/rdf-schema#">
  <rdf:Description rdf:about="http://data.linkedmdb.org/resource/film/45108">
    <movie:actor>
      <foaf:Person rdf:about="http://data.linkedmdb.org/resource/actor/181">
        <foaf:page>
          <rdf:Description rdf:about="http://www.freebase.com/view/guid/9202a8c04000641f80000000002ac5f4">
            <rdfs:seeAlso rdf:resource="http://data.linkedmdb.org/sparql?query=DESCRIBE+%3Chttp%3A%2F%2Fwww.freebase.com%2Fview%2Fguid%2F9202a8c04000641f80000000002ac5f4%3E"/>
          </rdf:Description>
        </foaf:page>
        <movie:performance rdf:resource="http://data.linkedmdb.org/resource/performance/171582"/>
        <movie:performance rdf:resource="http://data.linkedmdb.org/resource/performance/171588"/>
        <movie:performance rdf:resource="http://data.linkedmdb.org/resource/performance/78481"/>
        <movie:actor_name>Charles Lane</movie:actor_name>
        <movie:performance rdf:resource="http://data.linkedmdb.org/resource/performance/169593"/>
        <movie:performance rdf:resource="http://data.linkedmdb.org/resource/performance/76500"/>
        <dbpedia:hasPhotoCollection>
          <rdf:Description rdf:about="http://www4.wiwiss.fu-berlin.de/flickrwrappr/photos/Charles_Lane_(actor)">
            <rdfs:seeAlso rdf:resource="http://data.linkedmdb.org/sparql?query=DESCRIBE+%3Chttp%3A%2F%2Fwww4.wiwiss.fu-berlin.de%2Fflickrwrappr%2Fphotos%2FCharles_Lane_%28actor%29%3E"/>
          </rdf:Description>
        </dbpedia:hasPhotoCollection>
        <movie:performance rdf:resource="http://data.linkedmdb.org/resource/performance/20234"/>
        <movie:performance rdf:resource="http://data.linkedmdb.org/resource/performance/121265"/>
        <movie:performance rdf:resource="http://data.linkedmdb.org/resource/performance/68273"/>
        <movie:performance rdf:resource="http://data.linkedmdb.org/resource/performance/76710"/>
        <movie:performance rdf:resource="http://data.linkedmdb.org/resource/performance/89489"/>
        <owl:sameAs>
          <rdf:Description rdf:about="http://mpii.de/yago/resource/Charles_Lane_%28actor%29">
            <rdfs:seeAlso rdf:resource="http://data.linkedmdb.org/sparql?query=DESCRIBE+%3Chttp%3A%2F%2Fmpii.de%2Fyago%2Fresource%2FCharles_Lane_%2528actor%2529%3E"/>
          </rdf:Description>
        </owl:sameAs>
        <owl:sameAs>
          <rdf:Description rdf:about="http://dbpedia.org/resource/Charles_Lane_%28actor%29">
            <rdfs:seeAlso rdf:resource="http://data.linkedmdb.org/sparql?query=DESCRIBE+%3Chttp%3A%2F%2Fdbpedia.org%2Fresource%2FCharles_Lane_%2528actor%2529%3E"/>
          </rdf:Description>
        </owl:sameAs>
        <movie:performance rdf:resource="http://data.linkedmdb.org/resource/performance/80879"/>
        <movie:performance rdf:resource="http://data.linkedmdb.org/resource/performance/77671"/>
        <movie:performance rdf:resource="http://data.linkedmdb.org/resource/performance/80437"/>
        <rdfs:label>Charles Lane (Actor)</rdfs:label>
        <movie:performance rdf:resource="http://data.linkedmdb.org/resource/performance/197816"/>
        <movie:performance rdf:resource="http://data.linkedmdb.org/resource/performance/90200"/>
        <movie:actor_actorid rdf:datatype="http://www.w3.org/2001/XMLSchema#int"
        >181</movie:actor_actorid>
        <movie:performance rdf:resource="http://data.linkedmdb.org/resource/performance/83817"/>
        <rdf:type rdf:resource="http://data.linkedmdb.org/resource/movie/actor"/>
        <movie:performance rdf:resource="http://data.linkedmdb.org/resource/performance/161585"/>
        <movie:performance rdf:resource="http://data.linkedmdb.org/resource/performance/88665"/>
        <movie:performance rdf:resource="http://data.linkedmdb.org/resource/performance/72651"/>
        <movie:performance rdf:resource="http://data.linkedmdb.org/resource/performance/79024"/>
      </foaf:Person>
    </movie:actor>
  </rdf:Description>
  <rdf:Description rdf:about="http://data.linkedmdb.org/resource/film/5488">
    <movie:actor rdf:resource="http://data.linkedmdb.org/resource/actor/181"/>
  </rdf:Description>
  <rdf:Description rdf:about="http://data.linkedmdb.org/resource/film/39224">
    <movie:actor rdf:resource="http://data.linkedmdb.org/resource/actor/181"/>
  </rdf:Description>
  <rdf:Description rdf:about="http://data.linkedmdb.org/resource/interlink/86952">
    <oddlinker:link_source rdf:resource="http://data.linkedmdb.org/resource/actor/181"/>
  </rdf:Description>
  <rdf:Description rdf:about="http://data.linkedmdb.org/resource/film/38785">
    <movie:actor rdf:resource="http://data.linkedmdb.org/resource/actor/181"/>
  </rdf:Description>
  <rdf:Description rdf:about="http://data.linkedmdb.org/resource/film/93506">
    <movie:actor rdf:resource="http://data.linkedmdb.org/resource/actor/181"/>
  </rdf:Description>
  <rdf:Description rdf:about="http://xmlns.com/foaf/0.1/Person">
    <rdfs:seeAlso rdf:resource="http://data.linkedmdb.org/sparql?query=DESCRIBE+%3Chttp%3A%2F%2Fxmlns.com%2Ffoaf%2F0.1%2FPerson%3E"/>
  </rdf:Description>
  <rdf:Description rdf:about="http://data.linkedmdb.org/resource/film/58622">
    <movie:actor rdf:resource="http://data.linkedmdb.org/resource/actor/181"/>
  </rdf:Description>
  <rdf:Description rdf:about="http://data.linkedmdb.org/resource/film/233">
    <movie:actor rdf:resource="http://data.linkedmdb.org/resource/actor/181"/>
  </rdf:Description>
  <rdf:Description rdf:about="http://data.linkedmdb.org/resource/film/6812">
    <movie:actor rdf:resource="http://data.linkedmdb.org/resource/actor/181"/>
  </rdf:Description>
  <rdf:Description rdf:about="http://data.linkedmdb.org/resource/film/47727">
    <movie:actor rdf:resource="http://data.linkedmdb.org/resource/actor/181"/>
  </rdf:Description>
  <rdf:Description rdf:about="http://data.linkedmdb.org/resource/film/2886">
    <movie:actor rdf:resource="http://data.linkedmdb.org/resource/actor/181"/>
  </rdf:Description>
  <rdf:Description rdf:about="http://data.linkedmdb.org/resource/interlink/110594">
    <oddlinker:link_source rdf:resource="http://data.linkedmdb.org/resource/actor/181"/>
  </rdf:Description>
  <rdf:Description rdf:about="http://data.linkedmdb.org/resource/film/13472">
    <movie:actor rdf:resource="http://data.linkedmdb.org/resource/actor/181"/>
  </rdf:Description>
  <rdf:Description rdf:about="http://data.linkedmdb.org/resource/film/40672">
    <movie:actor rdf:resource="http://data.linkedmdb.org/resource/actor/181"/>
  </rdf:Description>
  <rdf:Description rdf:about="http://data.linkedmdb.org/resource/film/13294">
    <movie:actor rdf:resource="http://data.linkedmdb.org/resource/actor/181"/>
  </rdf:Description>
  <rdf:Description rdf:about="http://data.linkedmdb.org/resource/interlink/98773">
    <oddlinker:link_source rdf:resource="http://data.linkedmdb.org/resource/actor/181"/>
  </rdf:Description>
  <rdf:Description rdf:about="http://data.linkedmdb.org/data/actor/181">
    <rdfs:comment>Contents of this file may include content from 
		      FreeBase (http://www.freebase.com) or Wikipedia 
		      (http://www.wikipedia.org) licensed under CC-BY
		      (http://www.freebase.com/view/common/license/cc_attribution_25)
		      or GFDL (http://en.wikipedia.org/wiki/Wikipedia:Text_of_the_GNU_Free_Documentation_License). 
		      Refer to http://www.linkedmdb.org:8080/Main/Licensing for more details.</rdfs:comment>
    <rdfs:label>RDF Description of Charles Lane (Actor)</rdfs:label>
    <foaf:primaryTopic rdf:resource="http://data.linkedmdb.org/resource/actor/181"/>
  </rdf:Description>
  <rdf:Description rdf:about="http://data.linkedmdb.org/resource/film/42954">
    <movie:actor rdf:resource="http://data.linkedmdb.org/resource/actor/181"/>
  </rdf:Description>
  <rdf:Description rdf:about="http://data.linkedmdb.org/resource/film/86">
    <movie:actor rdf:resource="http://data.linkedmdb.org/resource/actor/181"/>
  </rdf:Description>
  <rdf:Description rdf:about="http://data.linkedmdb.org/resource/film/38284">
    <movie:actor rdf:resource="http://data.linkedmdb.org/resource/actor/181"/>
  </rdf:Description>
  <rdf:Description rdf:about="http://data.linkedmdb.org/resource/film/1414">
    <movie:actor rdf:resource="http://data.linkedmdb.org/resource/actor/181"/>
  </rdf:Description>
  <rdf:Description rdf:about="http://data.linkedmdb.org/resource/film/15203">
    <movie:actor rdf:resource="http://data.linkedmdb.org/resource/actor/181"/>
  </rdf:Description>
  <rdf:Description rdf:about="http://data.linkedmdb.org/resource/film/46543">
    <movie:actor rdf:resource="http://data.linkedmdb.org/resource/actor/181"/>
  </rdf:Description>
  <rdf:Description rdf:about="http://data.linkedmdb.org/resource/film/19384">
    <movie:actor rdf:resource="http://data.linkedmdb.org/resource/actor/181"/>
  </rdf:Description>
</rdf:RDF>
