<?xml version="1.0"?>
<rdf:RDF
    xmlns:dbpedia="http://dbpedia.org/property/"
    xmlns:skos="http://www.w3.org/2004/02/skos/core#"
    xmlns:oddlinker="http://data.linkedmdb.org/resource/oddlinker/"
    xmlns:db="http://data.linkedmdb.org/resource/"
    xmlns:movie="http://data.linkedmdb.org/resource/movie/"
    xmlns:rdf="http://www.w3.org/1999/02/22-rdf-syntax-ns#"
    xmlns:map="file:/C:/d2r-server-0.4/mapping.n3#"
    xmlns:foaf="http://xmlns.com/foaf/0.1/"
    xmlns:d2r="http://sites.wiwiss.fu-berlin.de/suhl/bizer/d2r-server/config.rdf#"
    xmlns:owl="http://www.w3.org/2002/07/owl#"
    xmlns:dc="http://purl.org/dc/terms/"
    xmlns:xsd="http://www.w3.org/2001/XMLSchema#"
    xmlns:rdfs="http://www.w3.org/2000/01/rdf-schema#">
  <rdf:Description rdf:about="http://data.linkedmdb.org/data/actor/11029">
    <rdfs:comment>Contents of this file may include content from 
		      FreeBase (http://www.freebase.com) or Wikipedia 
		      (http://www.wikipedia.org) licensed under CC-BY
		      (http://www.freebase.com/view/common/license/cc_attribution_25)
		      or GFDL (http://en.wikipedia.org/wiki/Wikipedia:Text_of_the_GNU_Free_Documentation_License). 
		      Refer to http://www.linkedmdb.org:8080/Main/Licensing for more details.</rdfs:comment>
    <rdfs:label>RDF Description of Peter Michael Goetz (Actor)</rdfs:label>
    <foaf:primaryTopic>
      <movie:actor rdf:about="http://data.linkedmdb.org/resource/actor/11029">
        <movie:performance rdf:resource="http://data.linkedmdb.org/resource/performance/58798"/>
        <movie:performance rdf:resource="http://data.linkedmdb.org/resource/performance/71264"/>
        <rdfs:label>Peter Michael Goetz (Actor)</rdfs:label>
        <owl:sameAs>
          <rdf:Description rdf:about="http://mpii.de/yago/resource/Peter_Michael_Goetz">
            <rdfs:seeAlso rdf:resource="http://data.linkedmdb.org/sparql?query=DESCRIBE+%3Chttp%3A%2F%2Fmpii.de%2Fyago%2Fresource%2FPeter_Michael_Goetz%3E"/>
          </rdf:Description>
        </owl:sameAs>
        <movie:actor_name>Peter Michael Goetz</movie:actor_name>
        <movie:performance rdf:resource="http://data.linkedmdb.org/resource/performance/67889"/>
        <movie:performance rdf:resource="http://data.linkedmdb.org/resource/performance/66640"/>
        <owl:sameAs>
          <rdf:Description rdf:about="http://dbpedia.org/resource/Peter_Michael_Goetz">
            <rdfs:seeAlso rdf:resource="http://data.linkedmdb.org/sparql?query=DESCRIBE+%3Chttp%3A%2F%2Fdbpedia.org%2Fresource%2FPeter_Michael_Goetz%3E"/>
          </rdf:Description>
        </owl:sameAs>
        <movie:performance rdf:resource="http://data.linkedmdb.org/resource/performance/172007"/>
        <dbpedia:hasPhotoCollection>
          <rdf:Description rdf:about="http://www4.wiwiss.fu-berlin.de/flickrwrappr/photos/Peter_Michael_Goetz">
            <rdfs:seeAlso rdf:resource="http://data.linkedmdb.org/sparql?query=DESCRIBE+%3Chttp%3A%2F%2Fwww4.wiwiss.fu-berlin.de%2Fflickrwrappr%2Fphotos%2FPeter_Michael_Goetz%3E"/>
          </rdf:Description>
        </dbpedia:hasPhotoCollection>
        <movie:actor_actorid rdf:datatype="http://www.w3.org/2001/XMLSchema#int"
        >11029</movie:actor_actorid>
        <foaf:page>
          <rdf:Description rdf:about="http://www.freebase.com/view/guid/9202a8c04000641f80000000056c5eb8">
            <rdfs:seeAlso rdf:resource="http://data.linkedmdb.org/sparql?query=DESCRIBE+%3Chttp%3A%2F%2Fwww.freebase.com%2Fview%2Fguid%2F9202a8c04000641f80000000056c5eb8%3E"/>
          </rdf:Description>
        </foaf:page>
        <rdf:type>
          <rdf:Description rdf:about="http://xmlns.com/foaf/0.1/Person">
            <rdfs:seeAlso rdf:resource="http://data.linkedmdb.org/sparql?query=DESCRIBE+%3Chttp%3A%2F%2Fxmlns.com%2Ffoaf%2F0.1%2FPerson%3E"/>
          </rdf:Description>
        </rdf:type>
      </movie:actor>
    </foaf:primaryTopic>
  </rdf:Description>
  <rdf:Description rdf:about="http://data.linkedmdb.org/resource/interlink/105881">
    <oddlinker:link_source rdf:resource="http://data.linkedmdb.org/resource/actor/11029"/>
  </rdf:Description>
  <rdf:Description rdf:about="http://data.linkedmdb.org/resource/film/1251">
    <movie:actor rdf:resource="http://data.linkedmdb.org/resource/actor/11029"/>
  </rdf:Description>
  <rdf:Description rdf:about="http://data.linkedmdb.org/resource/film/79191">
    <movie:actor rdf:resource="http://data.linkedmdb.org/resource/actor/11029"/>
  </rdf:Description>
  <rdf:Description rdf:about="http://data.linkedmdb.org/resource/film/11051">
    <movie:actor rdf:resource="http://data.linkedmdb.org/resource/actor/11029"/>
  </rdf:Description>
  <rdf:Description rdf:about="http://data.linkedmdb.org/resource/film/47289">
    <movie:actor rdf:resource="http://data.linkedmdb.org/resource/actor/11029"/>
  </rdf:Description>
  <rdf:Description rdf:about="http://data.linkedmdb.org/resource/film/4426">
    <movie:actor rdf:resource="http://data.linkedmdb.org/resource/actor/11029"/>
  </rdf:Description>
  <rdf:Description rdf:about="http://data.linkedmdb.org/resource/interlink/94060">
    <oddlinker:link_source rdf:resource="http://data.linkedmdb.org/resource/actor/11029"/>
  </rdf:Description>
  <rdf:Description rdf:about="http://data.linkedmdb.org/resource/interlink/117702">
    <oddlinker:link_source rdf:resource="http://data.linkedmdb.org/resource/actor/11029"/>
  </rdf:Description>
</rdf:RDF>
