<?xml version="1.0"?>
<rdf:RDF
    xmlns:dbpedia="http://dbpedia.org/property/"
    xmlns:skos="http://www.w3.org/2004/02/skos/core#"
    xmlns:oddlinker="http://data.linkedmdb.org/resource/oddlinker/"
    xmlns:db="http://data.linkedmdb.org/resource/"
    xmlns:movie="http://data.linkedmdb.org/resource/movie/"
    xmlns:rdf="http://www.w3.org/1999/02/22-rdf-syntax-ns#"
    xmlns:map="file:/C:/d2r-server-0.4/mapping.n3#"
    xmlns:foaf="http://xmlns.com/foaf/0.1/"
    xmlns:d2r="http://sites.wiwiss.fu-berlin.de/suhl/bizer/d2r-server/config.rdf#"
    xmlns:owl="http://www.w3.org/2002/07/owl#"
    xmlns:dc="http://purl.org/dc/terms/"
    xmlns:xsd="http://www.w3.org/2001/XMLSchema#"
    xmlns:rdfs="http://www.w3.org/2000/01/rdf-schema#">
  <rdf:Description rdf:about="http://data.linkedmdb.org/resource/film/45695">
    <movie:actor>
      <foaf:Person rdf:about="http://data.linkedmdb.org/resource/actor/154">
        <movie:performance rdf:resource="http://data.linkedmdb.org/resource/performance/193864"/>
        <movie:performance rdf:resource="http://data.linkedmdb.org/resource/performance/195981"/>
        <movie:performance rdf:resource="http://data.linkedmdb.org/resource/performance/54868"/>
        <movie:performance rdf:resource="http://data.linkedmdb.org/resource/performance/45393"/>
        <movie:performance rdf:resource="http://data.linkedmdb.org/resource/performance/88990"/>
        <rdfs:label>Michael Wilding (Actor)</rdfs:label>
        <movie:performance rdf:resource="http://data.linkedmdb.org/resource/performance/85636"/>
        <movie:actor_actorid rdf:datatype="http://www.w3.org/2001/XMLSchema#int"
        >154</movie:actor_actorid>
        <movie:performance rdf:resource="http://data.linkedmdb.org/resource/performance/99124"/>
        <movie:performance rdf:resource="http://data.linkedmdb.org/resource/performance/194754"/>
        <movie:performance rdf:resource="http://data.linkedmdb.org/resource/performance/64944"/>
        <movie:performance rdf:resource="http://data.linkedmdb.org/resource/performance/192031"/>
        <movie:performance rdf:resource="http://data.linkedmdb.org/resource/performance/79293"/>
        <movie:performance rdf:resource="http://data.linkedmdb.org/resource/performance/191849"/>
        <foaf:page>
          <rdf:Description rdf:about="http://www.freebase.com/view/guid/9202a8c04000641f800000000027fff3">
            <rdfs:seeAlso rdf:resource="http://data.linkedmdb.org/sparql?query=DESCRIBE+%3Chttp%3A%2F%2Fwww.freebase.com%2Fview%2Fguid%2F9202a8c04000641f800000000027fff3%3E"/>
          </rdf:Description>
        </foaf:page>
        <movie:actor_name>Michael Wilding</movie:actor_name>
        <rdf:type rdf:resource="http://data.linkedmdb.org/resource/movie/actor"/>
      </foaf:Person>
    </movie:actor>
  </rdf:Description>
  <rdf:Description rdf:about="http://data.linkedmdb.org/resource/film/42707">
    <movie:actor rdf:resource="http://data.linkedmdb.org/resource/actor/154"/>
  </rdf:Description>
  <rdf:Description rdf:about="http://data.linkedmdb.org/resource/film/2589">
    <movie:actor rdf:resource="http://data.linkedmdb.org/resource/actor/154"/>
  </rdf:Description>
  <rdf:Description rdf:about="http://data.linkedmdb.org/resource/film/55634">
    <movie:actor rdf:resource="http://data.linkedmdb.org/resource/actor/154"/>
  </rdf:Description>
  <rdf:Description rdf:about="http://data.linkedmdb.org/resource/film/11914">
    <movie:actor rdf:resource="http://data.linkedmdb.org/resource/actor/154"/>
  </rdf:Description>
  <rdf:Description rdf:about="http://data.linkedmdb.org/data/actor/154">
    <rdfs:comment>Contents of this file may include content from 
		      FreeBase (http://www.freebase.com) or Wikipedia 
		      (http://www.wikipedia.org) licensed under CC-BY
		      (http://www.freebase.com/view/common/license/cc_attribution_25)
		      or GFDL (http://en.wikipedia.org/wiki/Wikipedia:Text_of_the_GNU_Free_Documentation_License). 
		      Refer to http://www.linkedmdb.org:8080/Main/Licensing for more details.</rdfs:comment>
    <rdfs:label>RDF Description of Michael Wilding (Actor)</rdfs:label>
    <foaf:primaryTopic rdf:resource="http://data.linkedmdb.org/resource/actor/154"/>
  </rdf:Description>
  <rdf:Description rdf:about="http://xmlns.com/foaf/0.1/Person">
    <rdfs:seeAlso rdf:resource="http://data.linkedmdb.org/sparql?query=DESCRIBE+%3Chttp%3A%2F%2Fxmlns.com%2Ffoaf%2F0.1%2FPerson%3E"/>
  </rdf:Description>
  <rdf:Description rdf:about="http://data.linkedmdb.org/resource/film/41556">
    <movie:actor rdf:resource="http://data.linkedmdb.org/resource/actor/154"/>
  </rdf:Description>
  <rdf:Description rdf:about="http://data.linkedmdb.org/resource/film/13723">
    <movie:actor rdf:resource="http://data.linkedmdb.org/resource/actor/154"/>
  </rdf:Description>
  <rdf:Description rdf:about="http://data.linkedmdb.org/resource/film/20407">
    <movie:actor rdf:resource="http://data.linkedmdb.org/resource/actor/154"/>
  </rdf:Description>
  <rdf:Description rdf:about="http://data.linkedmdb.org/resource/film/13755">
    <movie:actor rdf:resource="http://data.linkedmdb.org/resource/actor/154"/>
  </rdf:Description>
  <rdf:Description rdf:about="http://data.linkedmdb.org/resource/film/707">
    <movie:actor rdf:resource="http://data.linkedmdb.org/resource/actor/154"/>
  </rdf:Description>
  <rdf:Description rdf:about="http://data.linkedmdb.org/resource/film/18112">
    <movie:actor rdf:resource="http://data.linkedmdb.org/resource/actor/154"/>
  </rdf:Description>
  <rdf:Description rdf:about="http://data.linkedmdb.org/resource/film/8674">
    <movie:actor rdf:resource="http://data.linkedmdb.org/resource/actor/154"/>
  </rdf:Description>
</rdf:RDF>
