<?xml version="1.0"?>
<rdf:RDF
    xmlns:dbpedia="http://dbpedia.org/property/"
    xmlns:skos="http://www.w3.org/2004/02/skos/core#"
    xmlns:oddlinker="http://data.linkedmdb.org/resource/oddlinker/"
    xmlns:db="http://data.linkedmdb.org/resource/"
    xmlns:movie="http://data.linkedmdb.org/resource/movie/"
    xmlns:rdf="http://www.w3.org/1999/02/22-rdf-syntax-ns#"
    xmlns:map="file:/C:/d2r-server-0.4/mapping.n3#"
    xmlns:foaf="http://xmlns.com/foaf/0.1/"
    xmlns:d2r="http://sites.wiwiss.fu-berlin.de/suhl/bizer/d2r-server/config.rdf#"
    xmlns:owl="http://www.w3.org/2002/07/owl#"
    xmlns:dc="http://purl.org/dc/terms/"
    xmlns:xsd="http://www.w3.org/2001/XMLSchema#"
    xmlns:rdfs="http://www.w3.org/2000/01/rdf-schema#">
  <rdf:Description rdf:about="http://data.linkedmdb.org/resource/film/38444">
    <movie:actor>
      <foaf:Person rdf:about="http://data.linkedmdb.org/resource/actor/138">
        <movie:performance rdf:resource="http://data.linkedmdb.org/resource/performance/106976"/>
        <movie:performance rdf:resource="http://data.linkedmdb.org/resource/performance/26171"/>
        <movie:performance rdf:resource="http://data.linkedmdb.org/resource/performance/124149"/>
        <movie:performance rdf:resource="http://data.linkedmdb.org/resource/performance/36112"/>
        <movie:performance rdf:resource="http://data.linkedmdb.org/resource/performance/56482"/>
        <movie:performance rdf:resource="http://data.linkedmdb.org/resource/performance/67996"/>
        <movie:performance rdf:resource="http://data.linkedmdb.org/resource/performance/120975"/>
        <movie:performance rdf:resource="http://data.linkedmdb.org/resource/performance/70855"/>
        <dbpedia:hasPhotoCollection>
          <rdf:Description rdf:about="http://www4.wiwiss.fu-berlin.de/flickrwrappr/photos/Ben_Johnson_(actor)">
            <rdfs:seeAlso rdf:resource="http://data.linkedmdb.org/sparql?query=DESCRIBE+%3Chttp%3A%2F%2Fwww4.wiwiss.fu-berlin.de%2Fflickrwrappr%2Fphotos%2FBen_Johnson_%28actor%29%3E"/>
          </rdf:Description>
        </dbpedia:hasPhotoCollection>
        <movie:performance rdf:resource="http://data.linkedmdb.org/resource/performance/93940"/>
        <movie:performance rdf:resource="http://data.linkedmdb.org/resource/performance/180961"/>
        <movie:performance rdf:resource="http://data.linkedmdb.org/resource/performance/190263"/>
        <movie:performance rdf:resource="http://data.linkedmdb.org/resource/performance/158098"/>
        <movie:performance rdf:resource="http://data.linkedmdb.org/resource/performance/146235"/>
        <movie:performance rdf:resource="http://data.linkedmdb.org/resource/performance/68180"/>
        <rdfs:label>Ben Johnson (Actor)</rdfs:label>
        <rdf:type rdf:resource="http://data.linkedmdb.org/resource/movie/actor"/>
        <movie:performance rdf:resource="http://data.linkedmdb.org/resource/performance/180962"/>
        <movie:performance rdf:resource="http://data.linkedmdb.org/resource/performance/101626"/>
        <movie:performance rdf:resource="http://data.linkedmdb.org/resource/performance/181314"/>
        <movie:performance rdf:resource="http://data.linkedmdb.org/resource/performance/181007"/>
        <movie:performance rdf:resource="http://data.linkedmdb.org/resource/performance/181024"/>
        <foaf:page>
          <rdf:Description rdf:about="http://www.freebase.com/view/guid/9202a8c04000641f8000000000244968">
            <rdfs:seeAlso rdf:resource="http://data.linkedmdb.org/sparql?query=DESCRIBE+%3Chttp%3A%2F%2Fwww.freebase.com%2Fview%2Fguid%2F9202a8c04000641f8000000000244968%3E"/>
          </rdf:Description>
        </foaf:page>
        <movie:performance rdf:resource="http://data.linkedmdb.org/resource/performance/183761"/>
        <movie:performance rdf:resource="http://data.linkedmdb.org/resource/performance/181011"/>
        <movie:performance rdf:resource="http://data.linkedmdb.org/resource/performance/181536"/>
        <movie:performance rdf:resource="http://data.linkedmdb.org/resource/performance/166360"/>
        <movie:actor_name>Ben Johnson</movie:actor_name>
        <movie:actor_actorid rdf:datatype="http://www.w3.org/2001/XMLSchema#int"
        >138</movie:actor_actorid>
        <movie:performance rdf:resource="http://data.linkedmdb.org/resource/performance/117794"/>
        <owl:sameAs>
          <rdf:Description rdf:about="http://mpii.de/yago/resource/Ben_Johnson_%28actor%29">
            <rdfs:seeAlso rdf:resource="http://data.linkedmdb.org/sparql?query=DESCRIBE+%3Chttp%3A%2F%2Fmpii.de%2Fyago%2Fresource%2FBen_Johnson_%2528actor%2529%3E"/>
          </rdf:Description>
        </owl:sameAs>
        <owl:sameAs>
          <rdf:Description rdf:about="http://dbpedia.org/resource/Ben_Johnson_%28actor%29">
            <rdfs:seeAlso rdf:resource="http://data.linkedmdb.org/sparql?query=DESCRIBE+%3Chttp%3A%2F%2Fdbpedia.org%2Fresource%2FBen_Johnson_%2528actor%2529%3E"/>
          </rdf:Description>
        </owl:sameAs>
        <movie:performance rdf:resource="http://data.linkedmdb.org/resource/performance/130495"/>
      </foaf:Person>
    </movie:actor>
  </rdf:Description>
  <rdf:Description rdf:about="http://data.linkedmdb.org/resource/film/41722">
    <movie:actor rdf:resource="http://data.linkedmdb.org/resource/actor/138"/>
  </rdf:Description>
  <rdf:Description rdf:about="http://data.linkedmdb.org/resource/film/58414">
    <movie:actor rdf:resource="http://data.linkedmdb.org/resource/actor/138"/>
  </rdf:Description>
  <rdf:Description rdf:about="http://data.linkedmdb.org/resource/film/51867">
    <movie:actor rdf:resource="http://data.linkedmdb.org/resource/actor/138"/>
  </rdf:Description>
  <rdf:Description rdf:about="http://data.linkedmdb.org/resource/film/43518">
    <movie:actor rdf:resource="http://data.linkedmdb.org/resource/actor/138"/>
  </rdf:Description>
  <rdf:Description rdf:about="http://data.linkedmdb.org/resource/film/1120">
    <movie:actor rdf:resource="http://data.linkedmdb.org/resource/actor/138"/>
  </rdf:Description>
  <rdf:Description rdf:about="http://data.linkedmdb.org/data/actor/138">
    <rdfs:comment>Contents of this file may include content from 
		      FreeBase (http://www.freebase.com) or Wikipedia 
		      (http://www.wikipedia.org) licensed under CC-BY
		      (http://www.freebase.com/view/common/license/cc_attribution_25)
		      or GFDL (http://en.wikipedia.org/wiki/Wikipedia:Text_of_the_GNU_Free_Documentation_License). 
		      Refer to http://www.linkedmdb.org:8080/Main/Licensing for more details.</rdfs:comment>
    <rdfs:label>RDF Description of Ben Johnson (Actor)</rdfs:label>
    <foaf:primaryTopic rdf:resource="http://data.linkedmdb.org/resource/actor/138"/>
  </rdf:Description>
  <rdf:Description rdf:about="http://data.linkedmdb.org/resource/film/21243">
    <movie:actor rdf:resource="http://data.linkedmdb.org/resource/actor/138"/>
  </rdf:Description>
  <rdf:Description rdf:about="http://xmlns.com/foaf/0.1/Person">
    <rdfs:seeAlso rdf:resource="http://data.linkedmdb.org/sparql?query=DESCRIBE+%3Chttp%3A%2F%2Fxmlns.com%2Ffoaf%2F0.1%2FPerson%3E"/>
  </rdf:Description>
  <rdf:Description rdf:about="http://data.linkedmdb.org/resource/film/39362">
    <movie:actor rdf:resource="http://data.linkedmdb.org/resource/actor/138"/>
  </rdf:Description>
  <rdf:Description rdf:about="http://data.linkedmdb.org/resource/film/39096">
    <movie:actor rdf:resource="http://data.linkedmdb.org/resource/actor/138"/>
  </rdf:Description>
  <rdf:Description rdf:about="http://data.linkedmdb.org/resource/film/60655">
    <movie:actor rdf:resource="http://data.linkedmdb.org/resource/actor/138"/>
  </rdf:Description>
  <rdf:Description rdf:about="http://data.linkedmdb.org/resource/film/41818">
    <movie:actor rdf:resource="http://data.linkedmdb.org/resource/actor/138"/>
  </rdf:Description>
  <rdf:Description rdf:about="http://data.linkedmdb.org/resource/interlink/86464">
    <oddlinker:link_source rdf:resource="http://data.linkedmdb.org/resource/actor/138"/>
  </rdf:Description>
  <rdf:Description rdf:about="http://data.linkedmdb.org/resource/film/43523">
    <movie:actor rdf:resource="http://data.linkedmdb.org/resource/actor/138"/>
  </rdf:Description>
  <rdf:Description rdf:about="http://data.linkedmdb.org/resource/film/41662">
    <movie:actor rdf:resource="http://data.linkedmdb.org/resource/actor/138"/>
  </rdf:Description>
  <rdf:Description rdf:about="http://data.linkedmdb.org/resource/interlink/98285">
    <oddlinker:link_source rdf:resource="http://data.linkedmdb.org/resource/actor/138"/>
  </rdf:Description>
  <rdf:Description rdf:about="http://data.linkedmdb.org/resource/film/38456">
    <movie:actor rdf:resource="http://data.linkedmdb.org/resource/actor/138"/>
  </rdf:Description>
  <rdf:Description rdf:about="http://data.linkedmdb.org/resource/film/8323">
    <movie:actor rdf:resource="http://data.linkedmdb.org/resource/actor/138"/>
  </rdf:Description>
  <rdf:Description rdf:about="http://data.linkedmdb.org/resource/film/76788">
    <movie:actor rdf:resource="http://data.linkedmdb.org/resource/actor/138"/>
  </rdf:Description>
  <rdf:Description rdf:about="http://data.linkedmdb.org/resource/film/12738">
    <movie:actor rdf:resource="http://data.linkedmdb.org/resource/actor/138"/>
  </rdf:Description>
  <rdf:Description rdf:about="http://data.linkedmdb.org/resource/film/39683">
    <movie:actor rdf:resource="http://data.linkedmdb.org/resource/actor/138"/>
  </rdf:Description>
  <rdf:Description rdf:about="http://data.linkedmdb.org/resource/film/2876">
    <movie:actor rdf:resource="http://data.linkedmdb.org/resource/actor/138"/>
  </rdf:Description>
  <rdf:Description rdf:about="http://data.linkedmdb.org/resource/film/44957">
    <movie:actor rdf:resource="http://data.linkedmdb.org/resource/actor/138"/>
  </rdf:Description>
  <rdf:Description rdf:about="http://data.linkedmdb.org/resource/film/42289">
    <movie:actor rdf:resource="http://data.linkedmdb.org/resource/actor/138"/>
  </rdf:Description>
  <rdf:Description rdf:about="http://data.linkedmdb.org/resource/film/4601">
    <movie:actor rdf:resource="http://data.linkedmdb.org/resource/actor/138"/>
  </rdf:Description>
  <rdf:Description rdf:about="http://data.linkedmdb.org/resource/film/55605">
    <movie:actor rdf:resource="http://data.linkedmdb.org/resource/actor/138"/>
  </rdf:Description>
  <rdf:Description rdf:about="http://data.linkedmdb.org/resource/film/4511">
    <movie:actor rdf:resource="http://data.linkedmdb.org/resource/actor/138"/>
  </rdf:Description>
  <rdf:Description rdf:about="http://data.linkedmdb.org/resource/interlink/110106">
    <oddlinker:link_source rdf:resource="http://data.linkedmdb.org/resource/actor/138"/>
  </rdf:Description>
  <rdf:Description rdf:about="http://data.linkedmdb.org/resource/film/66010">
    <movie:actor rdf:resource="http://data.linkedmdb.org/resource/actor/138"/>
  </rdf:Description>
</rdf:RDF>
