<?xml version="1.0"?>
<rdf:RDF
    xmlns:dbpedia="http://dbpedia.org/property/"
    xmlns:skos="http://www.w3.org/2004/02/skos/core#"
    xmlns:oddlinker="http://data.linkedmdb.org/resource/oddlinker/"
    xmlns:db="http://data.linkedmdb.org/resource/"
    xmlns:movie="http://data.linkedmdb.org/resource/movie/"
    xmlns:rdf="http://www.w3.org/1999/02/22-rdf-syntax-ns#"
    xmlns:map="file:/C:/d2r-server-0.4/mapping.n3#"
    xmlns:foaf="http://xmlns.com/foaf/0.1/"
    xmlns:d2r="http://sites.wiwiss.fu-berlin.de/suhl/bizer/d2r-server/config.rdf#"
    xmlns:owl="http://www.w3.org/2002/07/owl#"
    xmlns:dc="http://purl.org/dc/terms/"
    xmlns:xsd="http://www.w3.org/2001/XMLSchema#"
    xmlns:rdfs="http://www.w3.org/2000/01/rdf-schema#">
  <rdf:Description rdf:about="http://data.linkedmdb.org/resource/film/18498">
    <movie:actor>
      <foaf:Person rdf:about="http://data.linkedmdb.org/resource/actor/150">
        <movie:performance rdf:resource="http://data.linkedmdb.org/resource/performance/131940"/>
        <movie:performance rdf:resource="http://data.linkedmdb.org/resource/performance/29336"/>
        <rdf:type rdf:resource="http://data.linkedmdb.org/resource/movie/actor"/>
        <movie:performance rdf:resource="http://data.linkedmdb.org/resource/performance/127285"/>
        <movie:performance rdf:resource="http://data.linkedmdb.org/resource/performance/125201"/>
        <movie:performance rdf:resource="http://data.linkedmdb.org/resource/performance/18040"/>
        <movie:performance rdf:resource="http://data.linkedmdb.org/resource/performance/82470"/>
        <movie:performance rdf:resource="http://data.linkedmdb.org/resource/performance/195644"/>
        <movie:performance rdf:resource="http://data.linkedmdb.org/resource/performance/126689"/>
        <movie:performance rdf:resource="http://data.linkedmdb.org/resource/performance/15365"/>
        <movie:performance rdf:resource="http://data.linkedmdb.org/resource/performance/92692"/>
        <dbpedia:hasPhotoCollection>
          <rdf:Description rdf:about="http://www4.wiwiss.fu-berlin.de/flickrwrappr/photos/Tatum_O&apos;Neal">
            <rdfs:seeAlso rdf:resource="http://data.linkedmdb.org/sparql?query=DESCRIBE+%3Chttp%3A%2F%2Fwww4.wiwiss.fu-berlin.de%2Fflickrwrappr%2Fphotos%2FTatum_O%27Neal%3E"/>
          </rdf:Description>
        </dbpedia:hasPhotoCollection>
        <movie:performance rdf:resource="http://data.linkedmdb.org/resource/performance/59636"/>
        <movie:actor_actorid rdf:datatype="http://www.w3.org/2001/XMLSchema#int"
        >150</movie:actor_actorid>
        <foaf:page>
          <rdf:Description rdf:about="http://www.freebase.com/view/guid/9202a8c04000641f8000000000274c9f">
            <rdfs:seeAlso rdf:resource="http://data.linkedmdb.org/sparql?query=DESCRIBE+%3Chttp%3A%2F%2Fwww.freebase.com%2Fview%2Fguid%2F9202a8c04000641f8000000000274c9f%3E"/>
          </rdf:Description>
        </foaf:page>
        <movie:actor_name>Tatum O'Neal</movie:actor_name>
        <movie:performance rdf:resource="http://data.linkedmdb.org/resource/performance/102496"/>
        <rdfs:label>Tatum O'Neal (Actor)</rdfs:label>
        <movie:performance rdf:resource="http://data.linkedmdb.org/resource/performance/43786"/>
        <owl:sameAs>
          <rdf:Description rdf:about="http://mpii.de/yago/resource/Tatum_O%27Neal">
            <rdfs:seeAlso rdf:resource="http://data.linkedmdb.org/sparql?query=DESCRIBE+%3Chttp%3A%2F%2Fmpii.de%2Fyago%2Fresource%2FTatum_O%2527Neal%3E"/>
          </rdf:Description>
        </owl:sameAs>
        <movie:performance rdf:resource="http://data.linkedmdb.org/resource/performance/22357"/>
        <owl:sameAs>
          <rdf:Description rdf:about="http://dbpedia.org/resource/Tatum_O%27Neal">
            <rdfs:seeAlso rdf:resource="http://data.linkedmdb.org/sparql?query=DESCRIBE+%3Chttp%3A%2F%2Fdbpedia.org%2Fresource%2FTatum_O%2527Neal%3E"/>
          </rdf:Description>
        </owl:sameAs>
      </foaf:Person>
    </movie:actor>
  </rdf:Description>
  <rdf:Description rdf:about="http://data.linkedmdb.org/resource/film/38863">
    <movie:actor rdf:resource="http://data.linkedmdb.org/resource/actor/150"/>
  </rdf:Description>
  <rdf:Description rdf:about="http://data.linkedmdb.org/resource/interlink/95965">
    <oddlinker:link_source rdf:resource="http://data.linkedmdb.org/resource/actor/150"/>
  </rdf:Description>
  <rdf:Description rdf:about="http://data.linkedmdb.org/resource/film/8194">
    <movie:actor rdf:resource="http://data.linkedmdb.org/resource/actor/150"/>
  </rdf:Description>
  <rdf:Description rdf:about="http://data.linkedmdb.org/resource/interlink/107786">
    <oddlinker:link_source rdf:resource="http://data.linkedmdb.org/resource/actor/150"/>
  </rdf:Description>
  <rdf:Description rdf:about="http://data.linkedmdb.org/resource/film/56889">
    <movie:actor rdf:resource="http://data.linkedmdb.org/resource/actor/150"/>
  </rdf:Description>
  <rdf:Description rdf:about="http://data.linkedmdb.org/data/actor/150">
    <rdfs:comment>Contents of this file may include content from 
		      FreeBase (http://www.freebase.com) or Wikipedia 
		      (http://www.wikipedia.org) licensed under CC-BY
		      (http://www.freebase.com/view/common/license/cc_attribution_25)
		      or GFDL (http://en.wikipedia.org/wiki/Wikipedia:Text_of_the_GNU_Free_Documentation_License). 
		      Refer to http://www.linkedmdb.org:8080/Main/Licensing for more details.</rdfs:comment>
    <rdfs:label>RDF Description of Tatum O'Neal (Actor)</rdfs:label>
    <foaf:primaryTopic rdf:resource="http://data.linkedmdb.org/resource/actor/150"/>
  </rdf:Description>
  <rdf:Description rdf:about="http://data.linkedmdb.org/resource/film/3342">
    <movie:actor rdf:resource="http://data.linkedmdb.org/resource/actor/150"/>
  </rdf:Description>
  <rdf:Description rdf:about="http://data.linkedmdb.org/resource/film/21959">
    <movie:actor rdf:resource="http://data.linkedmdb.org/resource/actor/150"/>
  </rdf:Description>
  <rdf:Description rdf:about="http://data.linkedmdb.org/resource/film/61412">
    <movie:actor rdf:resource="http://data.linkedmdb.org/resource/actor/150"/>
  </rdf:Description>
  <rdf:Description rdf:about="http://xmlns.com/foaf/0.1/Person">
    <rdfs:seeAlso rdf:resource="http://data.linkedmdb.org/sparql?query=DESCRIBE+%3Chttp%3A%2F%2Fxmlns.com%2Ffoaf%2F0.1%2FPerson%3E"/>
  </rdf:Description>
  <rdf:Description rdf:about="http://data.linkedmdb.org/resource/film/50786">
    <movie:actor rdf:resource="http://data.linkedmdb.org/resource/actor/150"/>
  </rdf:Description>
  <rdf:Description rdf:about="http://data.linkedmdb.org/resource/film/1820">
    <movie:actor rdf:resource="http://data.linkedmdb.org/resource/actor/150"/>
  </rdf:Description>
  <rdf:Description rdf:about="http://data.linkedmdb.org/resource/interlink/119607">
    <oddlinker:link_source rdf:resource="http://data.linkedmdb.org/resource/actor/150"/>
  </rdf:Description>
  <rdf:Description rdf:about="http://data.linkedmdb.org/resource/film/62447">
    <movie:actor rdf:resource="http://data.linkedmdb.org/resource/actor/150"/>
  </rdf:Description>
  <rdf:Description rdf:about="http://data.linkedmdb.org/resource/film/62879">
    <movie:actor rdf:resource="http://data.linkedmdb.org/resource/actor/150"/>
  </rdf:Description>
  <rdf:Description rdf:about="http://data.linkedmdb.org/resource/film/19825">
    <movie:actor rdf:resource="http://data.linkedmdb.org/resource/actor/150"/>
  </rdf:Description>
  <rdf:Description rdf:about="http://data.linkedmdb.org/resource/film/949">
    <movie:actor rdf:resource="http://data.linkedmdb.org/resource/actor/150"/>
  </rdf:Description>
  <rdf:Description rdf:about="http://data.linkedmdb.org/resource/film/52903">
    <movie:actor rdf:resource="http://data.linkedmdb.org/resource/actor/150"/>
  </rdf:Description>
</rdf:RDF>
