<?xml version="1.0"?>
<rdf:RDF
    xmlns:dbpedia="http://dbpedia.org/property/"
    xmlns:skos="http://www.w3.org/2004/02/skos/core#"
    xmlns:oddlinker="http://data.linkedmdb.org/resource/oddlinker/"
    xmlns:db="http://data.linkedmdb.org/resource/"
    xmlns:movie="http://data.linkedmdb.org/resource/movie/"
    xmlns:rdf="http://www.w3.org/1999/02/22-rdf-syntax-ns#"
    xmlns:map="file:/C:/d2r-server-0.4/mapping.n3#"
    xmlns:foaf="http://xmlns.com/foaf/0.1/"
    xmlns:d2r="http://sites.wiwiss.fu-berlin.de/suhl/bizer/d2r-server/config.rdf#"
    xmlns:owl="http://www.w3.org/2002/07/owl#"
    xmlns:dc="http://purl.org/dc/terms/"
    xmlns:xsd="http://www.w3.org/2001/XMLSchema#"
    xmlns:rdfs="http://www.w3.org/2000/01/rdf-schema#">
  <rdf:Description rdf:about="http://www.freebase.com/view/guid/9202a8c04000641f800000000027dc2e">
    <rdfs:seeAlso rdf:resource="http://data.linkedmdb.org/sparql?query=DESCRIBE+%3Chttp%3A%2F%2Fwww.freebase.com%2Fview%2Fguid%2F9202a8c04000641f800000000027dc2e%3E"/>
  </rdf:Description>
  <rdf:Description rdf:about="http://data.linkedmdb.org/resource/interlink/102768">
    <oddlinker:link_source>
      <movie:actor rdf:about="http://data.linkedmdb.org/resource/actor/152">
        <movie:actor_name>John Randolph</movie:actor_name>
        <movie:performance rdf:resource="http://data.linkedmdb.org/resource/performance/25781"/>
        <movie:performance rdf:resource="http://data.linkedmdb.org/resource/performance/108264"/>
        <foaf:page rdf:resource="http://www.freebase.com/view/guid/9202a8c04000641f800000000027dc2e"/>
        <movie:performance rdf:resource="http://data.linkedmdb.org/resource/performance/114704"/>
        <owl:sameAs>
          <rdf:Description rdf:about="http://dbpedia.org/resource/John_Randolph_%28actor%29">
            <rdfs:seeAlso rdf:resource="http://data.linkedmdb.org/sparql?query=DESCRIBE+%3Chttp%3A%2F%2Fdbpedia.org%2Fresource%2FJohn_Randolph_%2528actor%2529%3E"/>
          </rdf:Description>
        </owl:sameAs>
        <owl:sameAs>
          <rdf:Description rdf:about="http://mpii.de/yago/resource/John_Randolph_%28actor%29">
            <rdfs:seeAlso rdf:resource="http://data.linkedmdb.org/sparql?query=DESCRIBE+%3Chttp%3A%2F%2Fmpii.de%2Fyago%2Fresource%2FJohn_Randolph_%2528actor%2529%3E"/>
          </rdf:Description>
        </owl:sameAs>
        <rdf:type>
          <rdf:Description rdf:about="http://xmlns.com/foaf/0.1/Person">
            <rdfs:seeAlso rdf:resource="http://data.linkedmdb.org/sparql?query=DESCRIBE+%3Chttp%3A%2F%2Fxmlns.com%2Ffoaf%2F0.1%2FPerson%3E"/>
          </rdf:Description>
        </rdf:type>
        <movie:performance rdf:resource="http://data.linkedmdb.org/resource/performance/97151"/>
        <movie:actor_actorid rdf:datatype="http://www.w3.org/2001/XMLSchema#int"
        >152</movie:actor_actorid>
        <movie:performance rdf:resource="http://data.linkedmdb.org/resource/performance/605"/>
        <movie:performance rdf:resource="http://data.linkedmdb.org/resource/performance/191704"/>
        <dbpedia:hasPhotoCollection>
          <rdf:Description rdf:about="http://www4.wiwiss.fu-berlin.de/flickrwrappr/photos/John_Randolph_(actor)">
            <rdfs:seeAlso rdf:resource="http://data.linkedmdb.org/sparql?query=DESCRIBE+%3Chttp%3A%2F%2Fwww4.wiwiss.fu-berlin.de%2Fflickrwrappr%2Fphotos%2FJohn_Randolph_%28actor%29%3E"/>
          </rdf:Description>
        </dbpedia:hasPhotoCollection>
        <rdfs:label>John Randolph (Actor)</rdfs:label>
        <movie:performance rdf:resource="http://data.linkedmdb.org/resource/performance/25896"/>
      </movie:actor>
    </oddlinker:link_source>
  </rdf:Description>
  <rdf:Description rdf:about="http://data.linkedmdb.org/data/actor/152">
    <rdfs:comment>Contents of this file may include content from 
		      FreeBase (http://www.freebase.com) or Wikipedia 
		      (http://www.wikipedia.org) licensed under CC-BY
		      (http://www.freebase.com/view/common/license/cc_attribution_25)
		      or GFDL (http://en.wikipedia.org/wiki/Wikipedia:Text_of_the_GNU_Free_Documentation_License). 
		      Refer to http://www.linkedmdb.org:8080/Main/Licensing for more details.</rdfs:comment>
    <rdfs:label>RDF Description of John Randolph (Actor)</rdfs:label>
    <foaf:primaryTopic rdf:resource="http://data.linkedmdb.org/resource/actor/152"/>
  </rdf:Description>
  <rdf:Description rdf:about="http://data.linkedmdb.org/resource/film/5563">
    <movie:actor rdf:resource="http://data.linkedmdb.org/resource/actor/152"/>
  </rdf:Description>
  <rdf:Description rdf:about="http://data.linkedmdb.org/resource/film/8439">
    <movie:actor rdf:resource="http://data.linkedmdb.org/resource/actor/152"/>
  </rdf:Description>
  <rdf:Description rdf:about="http://data.linkedmdb.org/resource/interlink/90947">
    <oddlinker:link_source rdf:resource="http://data.linkedmdb.org/resource/actor/152"/>
  </rdf:Description>
  <rdf:Description rdf:about="http://data.linkedmdb.org/resource/film/42575">
    <movie:actor rdf:resource="http://data.linkedmdb.org/resource/actor/152"/>
  </rdf:Description>
  <rdf:Description rdf:about="http://data.linkedmdb.org/resource/film/39157">
    <movie:actor rdf:resource="http://data.linkedmdb.org/resource/actor/152"/>
  </rdf:Description>
  <rdf:Description rdf:about="http://data.linkedmdb.org/resource/film/55294">
    <movie:actor rdf:resource="http://data.linkedmdb.org/resource/actor/152"/>
  </rdf:Description>
  <rdf:Description rdf:about="http://data.linkedmdb.org/resource/interlink/114589">
    <oddlinker:link_source rdf:resource="http://data.linkedmdb.org/resource/actor/152"/>
  </rdf:Description>
  <rdf:Description rdf:about="http://data.linkedmdb.org/resource/film/1922">
    <movie:actor rdf:resource="http://data.linkedmdb.org/resource/actor/152"/>
  </rdf:Description>
  <rdf:Description rdf:about="http://data.linkedmdb.org/resource/film/38717">
    <movie:actor rdf:resource="http://data.linkedmdb.org/resource/actor/152"/>
  </rdf:Description>
</rdf:RDF>
