<?xml version="1.0"?>
<rdf:RDF
    xmlns:dbpedia="http://dbpedia.org/property/"
    xmlns:skos="http://www.w3.org/2004/02/skos/core#"
    xmlns:oddlinker="http://data.linkedmdb.org/resource/oddlinker/"
    xmlns:db="http://data.linkedmdb.org/resource/"
    xmlns:movie="http://data.linkedmdb.org/resource/movie/"
    xmlns:rdf="http://www.w3.org/1999/02/22-rdf-syntax-ns#"
    xmlns:map="file:/C:/d2r-server-0.4/mapping.n3#"
    xmlns:foaf="http://xmlns.com/foaf/0.1/"
    xmlns:d2r="http://sites.wiwiss.fu-berlin.de/suhl/bizer/d2r-server/config.rdf#"
    xmlns:owl="http://www.w3.org/2002/07/owl#"
    xmlns:dc="http://purl.org/dc/terms/"
    xmlns:xsd="http://www.w3.org/2001/XMLSchema#"
    xmlns:rdfs="http://www.w3.org/2000/01/rdf-schema#">
  <rdf:Description rdf:about="http://data.linkedmdb.org/resource/film/44036">
    <movie:actor>
      <foaf:Person rdf:about="http://data.linkedmdb.org/resource/actor/10815">
        <movie:performance rdf:resource="http://data.linkedmdb.org/resource/performance/188050"/>
        <rdfs:label>Amala (Actor)</rdfs:label>
        <movie:performance rdf:resource="http://data.linkedmdb.org/resource/performance/135509"/>
        <movie:performance rdf:resource="http://data.linkedmdb.org/resource/performance/1437"/>
        <foaf:page>
          <rdf:Description rdf:about="http://www.freebase.com/view/guid/9202a8c04000641f800000000563940f">
            <rdfs:seeAlso rdf:resource="http://data.linkedmdb.org/sparql?query=DESCRIBE+%3Chttp%3A%2F%2Fwww.freebase.com%2Fview%2Fguid%2F9202a8c04000641f800000000563940f%3E"/>
          </rdf:Description>
        </foaf:page>
        <movie:actor_name>Amala</movie:actor_name>
        <movie:performance rdf:resource="http://data.linkedmdb.org/resource/performance/71038"/>
        <movie:actor_actorid rdf:datatype="http://www.w3.org/2001/XMLSchema#int"
        >10815</movie:actor_actorid>
        <movie:performance rdf:resource="http://data.linkedmdb.org/resource/performance/68628"/>
        <movie:performance rdf:resource="http://data.linkedmdb.org/resource/performance/58160"/>
        <movie:performance rdf:resource="http://data.linkedmdb.org/resource/performance/74353"/>
        <rdf:type rdf:resource="http://data.linkedmdb.org/resource/movie/actor"/>
        <movie:performance rdf:resource="http://data.linkedmdb.org/resource/performance/64130"/>
        <movie:performance rdf:resource="http://data.linkedmdb.org/resource/performance/178234"/>
        <movie:performance rdf:resource="http://data.linkedmdb.org/resource/performance/63110"/>
        <movie:performance rdf:resource="http://data.linkedmdb.org/resource/performance/116556"/>
      </foaf:Person>
    </movie:actor>
  </rdf:Description>
  <rdf:Description rdf:about="http://data.linkedmdb.org/data/actor/10815">
    <rdfs:comment>Contents of this file may include content from 
		      FreeBase (http://www.freebase.com) or Wikipedia 
		      (http://www.wikipedia.org) licensed under CC-BY
		      (http://www.freebase.com/view/common/license/cc_attribution_25)
		      or GFDL (http://en.wikipedia.org/wiki/Wikipedia:Text_of_the_GNU_Free_Documentation_License). 
		      Refer to http://www.linkedmdb.org:8080/Main/Licensing for more details.</rdfs:comment>
    <rdfs:label>RDF Description of Amala (Actor)</rdfs:label>
    <foaf:primaryTopic rdf:resource="http://data.linkedmdb.org/resource/actor/10815"/>
  </rdf:Description>
  <rdf:Description rdf:about="http://data.linkedmdb.org/resource/film/16432">
    <movie:actor rdf:resource="http://data.linkedmdb.org/resource/actor/10815"/>
  </rdf:Description>
  <rdf:Description rdf:about="http://data.linkedmdb.org/resource/film/16418">
    <movie:actor rdf:resource="http://data.linkedmdb.org/resource/actor/10815"/>
  </rdf:Description>
  <rdf:Description rdf:about="http://data.linkedmdb.org/resource/film/17422">
    <movie:actor rdf:resource="http://data.linkedmdb.org/resource/actor/10815"/>
  </rdf:Description>
  <rdf:Description rdf:about="http://data.linkedmdb.org/resource/film/91238">
    <movie:actor rdf:resource="http://data.linkedmdb.org/resource/actor/10815"/>
  </rdf:Description>
  <rdf:Description rdf:about="http://data.linkedmdb.org/resource/film/16423">
    <movie:actor rdf:resource="http://data.linkedmdb.org/resource/actor/10815"/>
  </rdf:Description>
  <rdf:Description rdf:about="http://data.linkedmdb.org/resource/film/17423">
    <movie:actor rdf:resource="http://data.linkedmdb.org/resource/actor/10815"/>
  </rdf:Description>
  <rdf:Description rdf:about="http://xmlns.com/foaf/0.1/Person">
    <rdfs:seeAlso rdf:resource="http://data.linkedmdb.org/sparql?query=DESCRIBE+%3Chttp%3A%2F%2Fxmlns.com%2Ffoaf%2F0.1%2FPerson%3E"/>
  </rdf:Description>
  <rdf:Description rdf:about="http://data.linkedmdb.org/resource/film/995">
    <movie:actor rdf:resource="http://data.linkedmdb.org/resource/actor/10815"/>
  </rdf:Description>
  <rdf:Description rdf:about="http://data.linkedmdb.org/resource/film/96804">
    <movie:actor rdf:resource="http://data.linkedmdb.org/resource/actor/10815"/>
  </rdf:Description>
  <rdf:Description rdf:about="http://data.linkedmdb.org/resource/film/46484">
    <movie:actor rdf:resource="http://data.linkedmdb.org/resource/actor/10815"/>
  </rdf:Description>
  <rdf:Description rdf:about="http://data.linkedmdb.org/resource/film/46836">
    <movie:actor rdf:resource="http://data.linkedmdb.org/resource/actor/10815"/>
  </rdf:Description>
</rdf:RDF>
