<?xml version="1.0"?>
<rdf:RDF
    xmlns:dbpedia="http://dbpedia.org/property/"
    xmlns:skos="http://www.w3.org/2004/02/skos/core#"
    xmlns:oddlinker="http://data.linkedmdb.org/resource/oddlinker/"
    xmlns:db="http://data.linkedmdb.org/resource/"
    xmlns:movie="http://data.linkedmdb.org/resource/movie/"
    xmlns:rdf="http://www.w3.org/1999/02/22-rdf-syntax-ns#"
    xmlns:map="file:/C:/d2r-server-0.4/mapping.n3#"
    xmlns:foaf="http://xmlns.com/foaf/0.1/"
    xmlns:d2r="http://sites.wiwiss.fu-berlin.de/suhl/bizer/d2r-server/config.rdf#"
    xmlns:owl="http://www.w3.org/2002/07/owl#"
    xmlns:dc="http://purl.org/dc/terms/"
    xmlns:xsd="http://www.w3.org/2001/XMLSchema#"
    xmlns:rdfs="http://www.w3.org/2000/01/rdf-schema#">
  <rdf:Description rdf:about="http://data.linkedmdb.org/resource/film/46606">
    <movie:actor>
      <foaf:Person rdf:about="http://data.linkedmdb.org/resource/actor/137">
        <movie:performance rdf:resource="http://data.linkedmdb.org/resource/performance/170668"/>
        <movie:performance rdf:resource="http://data.linkedmdb.org/resource/performance/93732"/>
        <movie:performance rdf:resource="http://data.linkedmdb.org/resource/performance/97393"/>
        <movie:performance rdf:resource="http://data.linkedmdb.org/resource/performance/183759"/>
        <movie:performance rdf:resource="http://data.linkedmdb.org/resource/performance/3964"/>
        <movie:performance rdf:resource="http://data.linkedmdb.org/resource/performance/5504"/>
        <movie:performance rdf:resource="http://data.linkedmdb.org/resource/performance/38541"/>
        <movie:performance rdf:resource="http://data.linkedmdb.org/resource/performance/160151"/>
        <movie:performance rdf:resource="http://data.linkedmdb.org/resource/performance/104342"/>
        <foaf:page>
          <rdf:Description rdf:about="http://www.freebase.com/view/guid/9202a8c04000641f800000000024309a">
            <rdfs:seeAlso rdf:resource="http://data.linkedmdb.org/sparql?query=DESCRIBE+%3Chttp%3A%2F%2Fwww.freebase.com%2Fview%2Fguid%2F9202a8c04000641f800000000024309a%3E"/>
          </rdf:Description>
        </foaf:page>
        <movie:performance rdf:resource="http://data.linkedmdb.org/resource/performance/190213"/>
        <dbpedia:hasPhotoCollection>
          <rdf:Description rdf:about="http://www4.wiwiss.fu-berlin.de/flickrwrappr/photos/Catherine_O&apos;Hara">
            <rdfs:seeAlso rdf:resource="http://data.linkedmdb.org/sparql?query=DESCRIBE+%3Chttp%3A%2F%2Fwww4.wiwiss.fu-berlin.de%2Fflickrwrappr%2Fphotos%2FCatherine_O%27Hara%3E"/>
          </rdf:Description>
        </dbpedia:hasPhotoCollection>
        <owl:sameAs>
          <rdf:Description rdf:about="http://mpii.de/yago/resource/Catherine_O%27Hara">
            <rdfs:seeAlso rdf:resource="http://data.linkedmdb.org/sparql?query=DESCRIBE+%3Chttp%3A%2F%2Fmpii.de%2Fyago%2Fresource%2FCatherine_O%2527Hara%3E"/>
          </rdf:Description>
        </owl:sameAs>
        <movie:performance rdf:resource="http://data.linkedmdb.org/resource/performance/111469"/>
        <owl:sameAs>
          <rdf:Description rdf:about="http://dbpedia.org/resource/Catherine_O%27Hara">
            <rdfs:seeAlso rdf:resource="http://data.linkedmdb.org/sparql?query=DESCRIBE+%3Chttp%3A%2F%2Fdbpedia.org%2Fresource%2FCatherine_O%2527Hara%3E"/>
          </rdf:Description>
        </owl:sameAs>
        <movie:performance rdf:resource="http://data.linkedmdb.org/resource/performance/152340"/>
        <rdfs:label>Catherine O'Hara (Actor)</rdfs:label>
        <movie:performance rdf:resource="http://data.linkedmdb.org/resource/performance/181532"/>
        <movie:performance rdf:resource="http://data.linkedmdb.org/resource/performance/806"/>
        <movie:performance rdf:resource="http://data.linkedmdb.org/resource/performance/48935"/>
        <movie:performance rdf:resource="http://data.linkedmdb.org/resource/performance/135559"/>
        <movie:performance rdf:resource="http://data.linkedmdb.org/resource/performance/93271"/>
        <movie:performance rdf:resource="http://data.linkedmdb.org/resource/performance/54529"/>
        <movie:performance rdf:resource="http://data.linkedmdb.org/resource/performance/97481"/>
        <movie:performance rdf:resource="http://data.linkedmdb.org/resource/performance/108749"/>
        <rdf:type rdf:resource="http://data.linkedmdb.org/resource/movie/actor"/>
        <movie:actor_name>Catherine O'Hara</movie:actor_name>
        <movie:actor_actorid rdf:datatype="http://www.w3.org/2001/XMLSchema#int"
        >137</movie:actor_actorid>
        <movie:performance rdf:resource="http://data.linkedmdb.org/resource/performance/33728"/>
        <movie:performance rdf:resource="http://data.linkedmdb.org/resource/performance/197250"/>
        <movie:performance rdf:resource="http://data.linkedmdb.org/resource/performance/50723"/>
        <movie:performance rdf:resource="http://data.linkedmdb.org/resource/performance/180965"/>
        <movie:performance rdf:resource="http://data.linkedmdb.org/resource/performance/160941"/>
        <movie:performance rdf:resource="http://data.linkedmdb.org/resource/performance/11370"/>
        <movie:performance rdf:resource="http://data.linkedmdb.org/resource/performance/95745"/>
        <movie:performance rdf:resource="http://data.linkedmdb.org/resource/performance/107441"/>
        <movie:performance rdf:resource="http://data.linkedmdb.org/resource/performance/6610"/>
        <movie:performance rdf:resource="http://data.linkedmdb.org/resource/performance/117564"/>
        <movie:performance rdf:resource="http://data.linkedmdb.org/resource/performance/59016"/>
        <movie:performance rdf:resource="http://data.linkedmdb.org/resource/performance/96063"/>
        <movie:performance rdf:resource="http://data.linkedmdb.org/resource/performance/41339"/>
      </foaf:Person>
    </movie:actor>
  </rdf:Description>
  <rdf:Description rdf:about="http://data.linkedmdb.org/resource/interlink/86950">
    <oddlinker:link_source rdf:resource="http://data.linkedmdb.org/resource/actor/137"/>
  </rdf:Description>
  <rdf:Description rdf:about="http://data.linkedmdb.org/resource/film/20440">
    <movie:actor rdf:resource="http://data.linkedmdb.org/resource/actor/137"/>
  </rdf:Description>
  <rdf:Description rdf:about="http://data.linkedmdb.org/resource/film/39705">
    <movie:actor rdf:resource="http://data.linkedmdb.org/resource/actor/137"/>
  </rdf:Description>
  <rdf:Description rdf:about="http://data.linkedmdb.org/resource/film/75541">
    <movie:actor rdf:resource="http://data.linkedmdb.org/resource/actor/137"/>
  </rdf:Description>
  <rdf:Description rdf:about="http://data.linkedmdb.org/resource/film/899">
    <movie:actor rdf:resource="http://data.linkedmdb.org/resource/actor/137"/>
  </rdf:Description>
  <rdf:Description rdf:about="http://xmlns.com/foaf/0.1/Person">
    <rdfs:seeAlso rdf:resource="http://data.linkedmdb.org/sparql?query=DESCRIBE+%3Chttp%3A%2F%2Fxmlns.com%2Ffoaf%2F0.1%2FPerson%3E"/>
  </rdf:Description>
  <rdf:Description rdf:about="http://data.linkedmdb.org/resource/film/4282">
    <movie:actor rdf:resource="http://data.linkedmdb.org/resource/actor/137"/>
  </rdf:Description>
  <rdf:Description rdf:about="http://data.linkedmdb.org/resource/film/1164">
    <movie:actor rdf:resource="http://data.linkedmdb.org/resource/actor/137"/>
  </rdf:Description>
  <rdf:Description rdf:about="http://data.linkedmdb.org/resource/film/2094">
    <movie:actor rdf:resource="http://data.linkedmdb.org/resource/actor/137"/>
  </rdf:Description>
  <rdf:Description rdf:about="http://data.linkedmdb.org/resource/film/23524">
    <movie:actor rdf:resource="http://data.linkedmdb.org/resource/actor/137"/>
  </rdf:Description>
  <rdf:Description rdf:about="http://data.linkedmdb.org/resource/film/49405">
    <movie:actor rdf:resource="http://data.linkedmdb.org/resource/actor/137"/>
  </rdf:Description>
  <rdf:Description rdf:about="http://data.linkedmdb.org/resource/interlink/110592">
    <oddlinker:link_source rdf:resource="http://data.linkedmdb.org/resource/actor/137"/>
  </rdf:Description>
  <rdf:Description rdf:about="http://data.linkedmdb.org/resource/film/66745">
    <movie:actor rdf:resource="http://data.linkedmdb.org/resource/actor/137"/>
  </rdf:Description>
  <rdf:Description rdf:about="http://data.linkedmdb.org/resource/film/21850">
    <movie:actor rdf:resource="http://data.linkedmdb.org/resource/actor/137"/>
  </rdf:Description>
  <rdf:Description rdf:about="http://data.linkedmdb.org/resource/film/39329">
    <movie:actor rdf:resource="http://data.linkedmdb.org/resource/actor/137"/>
  </rdf:Description>
  <rdf:Description rdf:about="http://data.linkedmdb.org/resource/film/2485">
    <movie:actor rdf:resource="http://data.linkedmdb.org/resource/actor/137"/>
  </rdf:Description>
  <rdf:Description rdf:about="http://data.linkedmdb.org/resource/film/77869">
    <movie:actor rdf:resource="http://data.linkedmdb.org/resource/actor/137"/>
  </rdf:Description>
  <rdf:Description rdf:about="http://data.linkedmdb.org/resource/film/39557">
    <movie:actor rdf:resource="http://data.linkedmdb.org/resource/actor/137"/>
  </rdf:Description>
  <rdf:Description rdf:about="http://data.linkedmdb.org/resource/film/39134">
    <movie:actor rdf:resource="http://data.linkedmdb.org/resource/actor/137"/>
  </rdf:Description>
  <rdf:Description rdf:about="http://data.linkedmdb.org/resource/film/40989">
    <movie:actor rdf:resource="http://data.linkedmdb.org/resource/actor/137"/>
  </rdf:Description>
  <rdf:Description rdf:about="http://data.linkedmdb.org/data/actor/137">
    <rdfs:comment>Contents of this file may include content from 
		      FreeBase (http://www.freebase.com) or Wikipedia 
		      (http://www.wikipedia.org) licensed under CC-BY
		      (http://www.freebase.com/view/common/license/cc_attribution_25)
		      or GFDL (http://en.wikipedia.org/wiki/Wikipedia:Text_of_the_GNU_Free_Documentation_License). 
		      Refer to http://www.linkedmdb.org:8080/Main/Licensing for more details.</rdfs:comment>
    <rdfs:label>RDF Description of Catherine O'Hara (Actor)</rdfs:label>
    <foaf:primaryTopic rdf:resource="http://data.linkedmdb.org/resource/actor/137"/>
  </rdf:Description>
  <rdf:Description rdf:about="http://data.linkedmdb.org/resource/film/5495">
    <movie:actor rdf:resource="http://data.linkedmdb.org/resource/actor/137"/>
  </rdf:Description>
  <rdf:Description rdf:about="http://data.linkedmdb.org/resource/film/4420">
    <movie:actor rdf:resource="http://data.linkedmdb.org/resource/actor/137"/>
  </rdf:Description>
  <rdf:Description rdf:about="http://data.linkedmdb.org/resource/film/43780">
    <movie:actor rdf:resource="http://data.linkedmdb.org/resource/actor/137"/>
  </rdf:Description>
  <rdf:Description rdf:about="http://data.linkedmdb.org/resource/interlink/98771">
    <oddlinker:link_source rdf:resource="http://data.linkedmdb.org/resource/actor/137"/>
  </rdf:Description>
  <rdf:Description rdf:about="http://data.linkedmdb.org/resource/film/8950">
    <movie:actor rdf:resource="http://data.linkedmdb.org/resource/actor/137"/>
  </rdf:Description>
  <rdf:Description rdf:about="http://data.linkedmdb.org/resource/film/39970">
    <movie:actor rdf:resource="http://data.linkedmdb.org/resource/actor/137"/>
  </rdf:Description>
  <rdf:Description rdf:about="http://data.linkedmdb.org/resource/film/2030">
    <movie:actor rdf:resource="http://data.linkedmdb.org/resource/actor/137"/>
  </rdf:Description>
  <rdf:Description rdf:about="http://data.linkedmdb.org/resource/film/75388">
    <movie:actor rdf:resource="http://data.linkedmdb.org/resource/actor/137"/>
  </rdf:Description>
  <rdf:Description rdf:about="http://data.linkedmdb.org/resource/film/10820">
    <movie:actor rdf:resource="http://data.linkedmdb.org/resource/actor/137"/>
  </rdf:Description>
  <rdf:Description rdf:about="http://data.linkedmdb.org/resource/film/38949">
    <movie:actor rdf:resource="http://data.linkedmdb.org/resource/actor/137"/>
  </rdf:Description>
  <rdf:Description rdf:about="http://data.linkedmdb.org/resource/film/46952">
    <movie:actor rdf:resource="http://data.linkedmdb.org/resource/actor/137"/>
  </rdf:Description>
  <rdf:Description rdf:about="http://data.linkedmdb.org/resource/film/5774">
    <movie:actor rdf:resource="http://data.linkedmdb.org/resource/actor/137"/>
  </rdf:Description>
  <rdf:Description rdf:about="http://data.linkedmdb.org/resource/film/706">
    <movie:actor rdf:resource="http://data.linkedmdb.org/resource/actor/137"/>
  </rdf:Description>
  <rdf:Description rdf:about="http://data.linkedmdb.org/resource/film/98017">
    <movie:actor rdf:resource="http://data.linkedmdb.org/resource/actor/137"/>
  </rdf:Description>
  <rdf:Description rdf:about="http://data.linkedmdb.org/resource/film/46000">
    <movie:actor rdf:resource="http://data.linkedmdb.org/resource/actor/137"/>
  </rdf:Description>
</rdf:RDF>
