<?xml version="1.0"?>
<rdf:RDF
    xmlns:dbpedia="http://dbpedia.org/property/"
    xmlns:skos="http://www.w3.org/2004/02/skos/core#"
    xmlns:oddlinker="http://data.linkedmdb.org/resource/oddlinker/"
    xmlns:db="http://data.linkedmdb.org/resource/"
    xmlns:movie="http://data.linkedmdb.org/resource/movie/"
    xmlns:rdf="http://www.w3.org/1999/02/22-rdf-syntax-ns#"
    xmlns:map="file:/C:/d2r-server-0.4/mapping.n3#"
    xmlns:foaf="http://xmlns.com/foaf/0.1/"
    xmlns:d2r="http://sites.wiwiss.fu-berlin.de/suhl/bizer/d2r-server/config.rdf#"
    xmlns:owl="http://www.w3.org/2002/07/owl#"
    xmlns:dc="http://purl.org/dc/terms/"
    xmlns:xsd="http://www.w3.org/2001/XMLSchema#"
    xmlns:rdfs="http://www.w3.org/2000/01/rdf-schema#">
  <rdf:Description rdf:about="http://data.linkedmdb.org/resource/film/713">
    <movie:actor>
      <movie:actor rdf:about="http://data.linkedmdb.org/resource/actor/216">
        <movie:performance rdf:resource="http://data.linkedmdb.org/resource/performance/115686"/>
        <movie:performance rdf:resource="http://data.linkedmdb.org/resource/performance/115685"/>
        <movie:performance rdf:resource="http://data.linkedmdb.org/resource/performance/198568"/>
        <movie:performance rdf:resource="http://data.linkedmdb.org/resource/performance/115690"/>
        <movie:performance rdf:resource="http://data.linkedmdb.org/resource/performance/115688"/>
        <movie:performance rdf:resource="http://data.linkedmdb.org/resource/performance/115682"/>
        <rdfs:label>Bill Graham (Actor)</rdfs:label>
        <foaf:page>
          <rdf:Description rdf:about="http://www.freebase.com/view/guid/9202a8c04000641f800000000030ce5d">
            <rdfs:seeAlso rdf:resource="http://data.linkedmdb.org/sparql?query=DESCRIBE+%3Chttp%3A%2F%2Fwww.freebase.com%2Fview%2Fguid%2F9202a8c04000641f800000000030ce5d%3E"/>
          </rdf:Description>
        </foaf:page>
        <movie:actor_name>Bill Graham</movie:actor_name>
        <movie:performance rdf:resource="http://data.linkedmdb.org/resource/performance/115687"/>
        <movie:performance rdf:resource="http://data.linkedmdb.org/resource/performance/115684"/>
        <movie:performance rdf:resource="http://data.linkedmdb.org/resource/performance/32727"/>
        <movie:performance rdf:resource="http://data.linkedmdb.org/resource/performance/115689"/>
        <movie:performance rdf:resource="http://data.linkedmdb.org/resource/performance/115683"/>
        <rdf:type>
          <rdf:Description rdf:about="http://xmlns.com/foaf/0.1/Person">
            <rdfs:seeAlso rdf:resource="http://data.linkedmdb.org/sparql?query=DESCRIBE+%3Chttp%3A%2F%2Fxmlns.com%2Ffoaf%2F0.1%2FPerson%3E"/>
          </rdf:Description>
        </rdf:type>
        <movie:actor_actorid rdf:datatype="http://www.w3.org/2001/XMLSchema#int"
        >216</movie:actor_actorid>
      </movie:actor>
    </movie:actor>
  </rdf:Description>
  <rdf:Description rdf:about="http://data.linkedmdb.org/data/actor/216">
    <rdfs:comment>Contents of this file may include content from 
		      FreeBase (http://www.freebase.com) or Wikipedia 
		      (http://www.wikipedia.org) licensed under CC-BY
		      (http://www.freebase.com/view/common/license/cc_attribution_25)
		      or GFDL (http://en.wikipedia.org/wiki/Wikipedia:Text_of_the_GNU_Free_Documentation_License). 
		      Refer to http://www.linkedmdb.org:8080/Main/Licensing for more details.</rdfs:comment>
    <rdfs:label>RDF Description of Bill Graham (Actor)</rdfs:label>
    <foaf:primaryTopic rdf:resource="http://data.linkedmdb.org/resource/actor/216"/>
  </rdf:Description>
  <rdf:Description rdf:about="http://data.linkedmdb.org/resource/film/47942">
    <movie:actor rdf:resource="http://data.linkedmdb.org/resource/actor/216"/>
  </rdf:Description>
  <rdf:Description rdf:about="http://data.linkedmdb.org/resource/film/46363">
    <movie:actor rdf:resource="http://data.linkedmdb.org/resource/actor/216"/>
  </rdf:Description>
  <rdf:Description rdf:about="http://data.linkedmdb.org/resource/film/38065">
    <movie:actor rdf:resource="http://data.linkedmdb.org/resource/actor/216"/>
  </rdf:Description>
  <rdf:Description rdf:about="http://data.linkedmdb.org/resource/film/1836">
    <movie:actor rdf:resource="http://data.linkedmdb.org/resource/actor/216"/>
  </rdf:Description>
  <rdf:Description rdf:about="http://data.linkedmdb.org/resource/film/40354">
    <movie:actor rdf:resource="http://data.linkedmdb.org/resource/actor/216"/>
  </rdf:Description>
  <rdf:Description rdf:about="http://data.linkedmdb.org/resource/film/1147">
    <movie:actor rdf:resource="http://data.linkedmdb.org/resource/actor/216"/>
  </rdf:Description>
  <rdf:Description rdf:about="http://data.linkedmdb.org/resource/film/38597">
    <movie:actor rdf:resource="http://data.linkedmdb.org/resource/actor/216"/>
  </rdf:Description>
  <rdf:Description rdf:about="http://data.linkedmdb.org/resource/film/98564">
    <movie:actor rdf:resource="http://data.linkedmdb.org/resource/actor/216"/>
  </rdf:Description>
  <rdf:Description rdf:about="http://data.linkedmdb.org/resource/film/18764">
    <movie:actor rdf:resource="http://data.linkedmdb.org/resource/actor/216"/>
  </rdf:Description>
  <rdf:Description rdf:about="http://data.linkedmdb.org/resource/film/56856">
    <movie:actor rdf:resource="http://data.linkedmdb.org/resource/actor/216"/>
  </rdf:Description>
</rdf:RDF>
