<?xml version="1.0"?>
<rdf:RDF
    xmlns:dbpedia="http://dbpedia.org/property/"
    xmlns:skos="http://www.w3.org/2004/02/skos/core#"
    xmlns:oddlinker="http://data.linkedmdb.org/resource/oddlinker/"
    xmlns:db="http://data.linkedmdb.org/resource/"
    xmlns:movie="http://data.linkedmdb.org/resource/movie/"
    xmlns:rdf="http://www.w3.org/1999/02/22-rdf-syntax-ns#"
    xmlns:map="file:/C:/d2r-server-0.4/mapping.n3#"
    xmlns:foaf="http://xmlns.com/foaf/0.1/"
    xmlns:d2r="http://sites.wiwiss.fu-berlin.de/suhl/bizer/d2r-server/config.rdf#"
    xmlns:owl="http://www.w3.org/2002/07/owl#"
    xmlns:dc="http://purl.org/dc/terms/"
    xmlns:xsd="http://www.w3.org/2001/XMLSchema#"
    xmlns:rdfs="http://www.w3.org/2000/01/rdf-schema#">
  <rdf:Description rdf:about="http://data.linkedmdb.org/resource/film/38074">
    <movie:actor>
      <movie:actor rdf:about="http://data.linkedmdb.org/resource/actor/1279">
        <dbpedia:hasPhotoCollection>
          <rdf:Description rdf:about="http://www4.wiwiss.fu-berlin.de/flickrwrappr/photos/Tommy_Flanagan_(actor)">
            <rdfs:seeAlso rdf:resource="http://data.linkedmdb.org/sparql?query=DESCRIBE+%3Chttp%3A%2F%2Fwww4.wiwiss.fu-berlin.de%2Fflickrwrappr%2Fphotos%2FTommy_Flanagan_%28actor%29%3E"/>
          </rdf:Description>
        </dbpedia:hasPhotoCollection>
        <rdf:type>
          <rdf:Description rdf:about="http://xmlns.com/foaf/0.1/Person">
            <rdfs:seeAlso rdf:resource="http://data.linkedmdb.org/sparql?query=DESCRIBE+%3Chttp%3A%2F%2Fxmlns.com%2Ffoaf%2F0.1%2FPerson%3E"/>
          </rdf:Description>
        </rdf:type>
        <movie:performance rdf:resource="http://data.linkedmdb.org/resource/performance/184606"/>
        <movie:performance rdf:resource="http://data.linkedmdb.org/resource/performance/184607"/>
        <movie:performance rdf:resource="http://data.linkedmdb.org/resource/performance/184602"/>
        <movie:performance rdf:resource="http://data.linkedmdb.org/resource/performance/184609"/>
        <movie:performance rdf:resource="http://data.linkedmdb.org/resource/performance/184603"/>
        <movie:performance rdf:resource="http://data.linkedmdb.org/resource/performance/147496"/>
        <movie:performance rdf:resource="http://data.linkedmdb.org/resource/performance/184608"/>
        <owl:sameAs>
          <rdf:Description rdf:about="http://dbpedia.org/resource/Tommy_Flanagan_%28actor%29">
            <rdfs:seeAlso rdf:resource="http://data.linkedmdb.org/sparql?query=DESCRIBE+%3Chttp%3A%2F%2Fdbpedia.org%2Fresource%2FTommy_Flanagan_%2528actor%2529%3E"/>
          </rdf:Description>
        </owl:sameAs>
        <movie:performance rdf:resource="http://data.linkedmdb.org/resource/performance/109053"/>
        <owl:sameAs>
          <rdf:Description rdf:about="http://mpii.de/yago/resource/Tommy_Flanagan_%28actor%29">
            <rdfs:seeAlso rdf:resource="http://data.linkedmdb.org/sparql?query=DESCRIBE+%3Chttp%3A%2F%2Fmpii.de%2Fyago%2Fresource%2FTommy_Flanagan_%2528actor%2529%3E"/>
          </rdf:Description>
        </owl:sameAs>
        <movie:performance rdf:resource="http://data.linkedmdb.org/resource/performance/159316"/>
        <movie:performance rdf:resource="http://data.linkedmdb.org/resource/performance/184604"/>
        <movie:performance rdf:resource="http://data.linkedmdb.org/resource/performance/184610"/>
        <movie:actor_actorid rdf:datatype="http://www.w3.org/2001/XMLSchema#int"
        >1279</movie:actor_actorid>
        <movie:performance rdf:resource="http://data.linkedmdb.org/resource/performance/184612"/>
        <movie:performance rdf:resource="http://data.linkedmdb.org/resource/performance/89528"/>
        <movie:performance rdf:resource="http://data.linkedmdb.org/resource/performance/67787"/>
        <movie:performance rdf:resource="http://data.linkedmdb.org/resource/performance/40941"/>
        <movie:actor_name>Tommy Flanagan</movie:actor_name>
        <movie:performance rdf:resource="http://data.linkedmdb.org/resource/performance/184611"/>
        <foaf:page>
          <rdf:Description rdf:about="http://www.freebase.com/view/guid/9202a8c04000641f8000000000d46328">
            <rdfs:seeAlso rdf:resource="http://data.linkedmdb.org/sparql?query=DESCRIBE+%3Chttp%3A%2F%2Fwww.freebase.com%2Fview%2Fguid%2F9202a8c04000641f8000000000d46328%3E"/>
          </rdf:Description>
        </foaf:page>
        <movie:performance rdf:resource="http://data.linkedmdb.org/resource/performance/184605"/>
        <rdfs:label>Tommy Flanagan (Actor)</rdfs:label>
      </movie:actor>
    </movie:actor>
  </rdf:Description>
  <rdf:Description rdf:about="http://data.linkedmdb.org/resource/film/17028">
    <movie:actor rdf:resource="http://data.linkedmdb.org/resource/actor/1279"/>
  </rdf:Description>
  <rdf:Description rdf:about="http://data.linkedmdb.org/resource/interlink/108266">
    <oddlinker:link_source rdf:resource="http://data.linkedmdb.org/resource/actor/1279"/>
  </rdf:Description>
  <rdf:Description rdf:about="http://data.linkedmdb.org/resource/film/5401">
    <movie:actor rdf:resource="http://data.linkedmdb.org/resource/actor/1279"/>
  </rdf:Description>
  <rdf:Description rdf:about="http://data.linkedmdb.org/resource/film/4602">
    <movie:actor rdf:resource="http://data.linkedmdb.org/resource/actor/1279"/>
  </rdf:Description>
  <rdf:Description rdf:about="http://data.linkedmdb.org/resource/film/2227">
    <movie:actor rdf:resource="http://data.linkedmdb.org/resource/actor/1279"/>
  </rdf:Description>
  <rdf:Description rdf:about="http://data.linkedmdb.org/resource/interlink/120087">
    <oddlinker:link_source rdf:resource="http://data.linkedmdb.org/resource/actor/1279"/>
  </rdf:Description>
  <rdf:Description rdf:about="http://data.linkedmdb.org/resource/film/5809">
    <movie:actor rdf:resource="http://data.linkedmdb.org/resource/actor/1279"/>
  </rdf:Description>
  <rdf:Description rdf:about="http://data.linkedmdb.org/resource/film/4072">
    <movie:actor rdf:resource="http://data.linkedmdb.org/resource/actor/1279"/>
  </rdf:Description>
  <rdf:Description rdf:about="http://data.linkedmdb.org/resource/film/2544">
    <movie:actor rdf:resource="http://data.linkedmdb.org/resource/actor/1279"/>
  </rdf:Description>
  <rdf:Description rdf:about="http://data.linkedmdb.org/resource/film/1560">
    <movie:actor rdf:resource="http://data.linkedmdb.org/resource/actor/1279"/>
  </rdf:Description>
  <rdf:Description rdf:about="http://data.linkedmdb.org/resource/film/650">
    <movie:actor rdf:resource="http://data.linkedmdb.org/resource/actor/1279"/>
  </rdf:Description>
  <rdf:Description rdf:about="http://data.linkedmdb.org/data/actor/1279">
    <rdfs:comment>Contents of this file may include content from 
		      FreeBase (http://www.freebase.com) or Wikipedia 
		      (http://www.wikipedia.org) licensed under CC-BY
		      (http://www.freebase.com/view/common/license/cc_attribution_25)
		      or GFDL (http://en.wikipedia.org/wiki/Wikipedia:Text_of_the_GNU_Free_Documentation_License). 
		      Refer to http://www.linkedmdb.org:8080/Main/Licensing for more details.</rdfs:comment>
    <rdfs:label>RDF Description of Tommy Flanagan (Actor)</rdfs:label>
    <foaf:primaryTopic rdf:resource="http://data.linkedmdb.org/resource/actor/1279"/>
  </rdf:Description>
  <rdf:Description rdf:about="http://data.linkedmdb.org/resource/film/72299">
    <movie:actor rdf:resource="http://data.linkedmdb.org/resource/actor/1279"/>
  </rdf:Description>
  <rdf:Description rdf:about="http://data.linkedmdb.org/resource/film/1215">
    <movie:actor rdf:resource="http://data.linkedmdb.org/resource/actor/1279"/>
  </rdf:Description>
  <rdf:Description rdf:about="http://data.linkedmdb.org/resource/interlink/96445">
    <oddlinker:link_source rdf:resource="http://data.linkedmdb.org/resource/actor/1279"/>
  </rdf:Description>
  <rdf:Description rdf:about="http://data.linkedmdb.org/resource/film/21150">
    <movie:actor rdf:resource="http://data.linkedmdb.org/resource/actor/1279"/>
  </rdf:Description>
  <rdf:Description rdf:about="http://data.linkedmdb.org/resource/film/7637">
    <movie:actor rdf:resource="http://data.linkedmdb.org/resource/actor/1279"/>
  </rdf:Description>
  <rdf:Description rdf:about="http://data.linkedmdb.org/resource/film/44595">
    <movie:actor rdf:resource="http://data.linkedmdb.org/resource/actor/1279"/>
  </rdf:Description>
  <rdf:Description rdf:about="http://data.linkedmdb.org/resource/film/5833">
    <movie:actor rdf:resource="http://data.linkedmdb.org/resource/actor/1279"/>
  </rdf:Description>
  <rdf:Description rdf:about="http://data.linkedmdb.org/resource/film/5935">
    <movie:actor rdf:resource="http://data.linkedmdb.org/resource/actor/1279"/>
  </rdf:Description>
</rdf:RDF>
