<?xml version="1.0"?>
<rdf:RDF
    xmlns:dbpedia="http://dbpedia.org/property/"
    xmlns:skos="http://www.w3.org/2004/02/skos/core#"
    xmlns:oddlinker="http://data.linkedmdb.org/resource/oddlinker/"
    xmlns:db="http://data.linkedmdb.org/resource/"
    xmlns:movie="http://data.linkedmdb.org/resource/movie/"
    xmlns:rdf="http://www.w3.org/1999/02/22-rdf-syntax-ns#"
    xmlns:map="file:/C:/d2r-server-0.4/mapping.n3#"
    xmlns:foaf="http://xmlns.com/foaf/0.1/"
    xmlns:d2r="http://sites.wiwiss.fu-berlin.de/suhl/bizer/d2r-server/config.rdf#"
    xmlns:owl="http://www.w3.org/2002/07/owl#"
    xmlns:dc="http://purl.org/dc/terms/"
    xmlns:xsd="http://www.w3.org/2001/XMLSchema#"
    xmlns:rdfs="http://www.w3.org/2000/01/rdf-schema#">
  <rdf:Description rdf:about="http://data.linkedmdb.org/resource/film/11431">
    <movie:actor>
      <movie:actor rdf:about="http://data.linkedmdb.org/resource/actor/11312">
        <movie:performance rdf:resource="http://data.linkedmdb.org/resource/performance/99966"/>
        <movie:performance rdf:resource="http://data.linkedmdb.org/resource/performance/106275"/>
        <movie:performance rdf:resource="http://data.linkedmdb.org/resource/performance/100146"/>
        <movie:performance rdf:resource="http://data.linkedmdb.org/resource/performance/107197"/>
        <movie:performance rdf:resource="http://data.linkedmdb.org/resource/performance/104300"/>
        <movie:performance rdf:resource="http://data.linkedmdb.org/resource/performance/104388"/>
        <movie:performance rdf:resource="http://data.linkedmdb.org/resource/performance/104439"/>
        <movie:performance rdf:resource="http://data.linkedmdb.org/resource/performance/133572"/>
        <movie:performance rdf:resource="http://data.linkedmdb.org/resource/performance/99960"/>
        <movie:actor_name>Bud Jamison</movie:actor_name>
        <movie:performance rdf:resource="http://data.linkedmdb.org/resource/performance/104378"/>
        <movie:performance rdf:resource="http://data.linkedmdb.org/resource/performance/107787"/>
        <movie:performance rdf:resource="http://data.linkedmdb.org/resource/performance/107473"/>
        <movie:performance rdf:resource="http://data.linkedmdb.org/resource/performance/100555"/>
        <movie:performance rdf:resource="http://data.linkedmdb.org/resource/performance/100060"/>
        <movie:performance rdf:resource="http://data.linkedmdb.org/resource/performance/104527"/>
        <rdf:type>
          <rdf:Description rdf:about="http://xmlns.com/foaf/0.1/Person">
            <rdfs:seeAlso rdf:resource="http://data.linkedmdb.org/sparql?query=DESCRIBE+%3Chttp%3A%2F%2Fxmlns.com%2Ffoaf%2F0.1%2FPerson%3E"/>
          </rdf:Description>
        </rdf:type>
        <movie:performance rdf:resource="http://data.linkedmdb.org/resource/performance/107196"/>
        <movie:actor_actorid rdf:datatype="http://www.w3.org/2001/XMLSchema#int"
        >11312</movie:actor_actorid>
        <movie:performance rdf:resource="http://data.linkedmdb.org/resource/performance/104384"/>
        <movie:performance rdf:resource="http://data.linkedmdb.org/resource/performance/104251"/>
        <movie:performance rdf:resource="http://data.linkedmdb.org/resource/performance/100107"/>
        <movie:performance rdf:resource="http://data.linkedmdb.org/resource/performance/104143"/>
        <movie:performance rdf:resource="http://data.linkedmdb.org/resource/performance/99992"/>
        <dbpedia:hasPhotoCollection>
          <rdf:Description rdf:about="http://www4.wiwiss.fu-berlin.de/flickrwrappr/photos/Bud_Jamison">
            <rdfs:seeAlso rdf:resource="http://data.linkedmdb.org/sparql?query=DESCRIBE+%3Chttp%3A%2F%2Fwww4.wiwiss.fu-berlin.de%2Fflickrwrappr%2Fphotos%2FBud_Jamison%3E"/>
          </rdf:Description>
        </dbpedia:hasPhotoCollection>
        <movie:performance rdf:resource="http://data.linkedmdb.org/resource/performance/100000"/>
        <movie:performance rdf:resource="http://data.linkedmdb.org/resource/performance/100012"/>
        <foaf:page>
          <rdf:Description rdf:about="http://www.freebase.com/view/guid/9202a8c04000641f8000000005e00878">
            <rdfs:seeAlso rdf:resource="http://data.linkedmdb.org/sparql?query=DESCRIBE+%3Chttp%3A%2F%2Fwww.freebase.com%2Fview%2Fguid%2F9202a8c04000641f8000000005e00878%3E"/>
          </rdf:Description>
        </foaf:page>
        <movie:performance rdf:resource="http://data.linkedmdb.org/resource/performance/100305"/>
        <movie:performance rdf:resource="http://data.linkedmdb.org/resource/performance/99968"/>
        <movie:performance rdf:resource="http://data.linkedmdb.org/resource/performance/107299"/>
        <movie:performance rdf:resource="http://data.linkedmdb.org/resource/performance/99996"/>
        <movie:performance rdf:resource="http://data.linkedmdb.org/resource/performance/103818"/>
        <movie:performance rdf:resource="http://data.linkedmdb.org/resource/performance/104433"/>
        <movie:performance rdf:resource="http://data.linkedmdb.org/resource/performance/103832"/>
        <owl:sameAs>
          <rdf:Description rdf:about="http://mpii.de/yago/resource/Bud_Jamison">
            <rdfs:seeAlso rdf:resource="http://data.linkedmdb.org/sparql?query=DESCRIBE+%3Chttp%3A%2F%2Fmpii.de%2Fyago%2Fresource%2FBud_Jamison%3E"/>
          </rdf:Description>
        </owl:sameAs>
        <movie:performance rdf:resource="http://data.linkedmdb.org/resource/performance/99947"/>
        <movie:performance rdf:resource="http://data.linkedmdb.org/resource/performance/104291"/>
        <owl:sameAs>
          <rdf:Description rdf:about="http://dbpedia.org/resource/Bud_Jamison">
            <rdfs:seeAlso rdf:resource="http://data.linkedmdb.org/sparql?query=DESCRIBE+%3Chttp%3A%2F%2Fdbpedia.org%2Fresource%2FBud_Jamison%3E"/>
          </rdf:Description>
        </owl:sameAs>
        <movie:performance rdf:resource="http://data.linkedmdb.org/resource/performance/107198"/>
        <movie:performance rdf:resource="http://data.linkedmdb.org/resource/performance/99942"/>
        <rdfs:label>Bud Jamison (Actor)</rdfs:label>
        <movie:performance rdf:resource="http://data.linkedmdb.org/resource/performance/107908"/>
        <movie:performance rdf:resource="http://data.linkedmdb.org/resource/performance/104449"/>
        <movie:performance rdf:resource="http://data.linkedmdb.org/resource/performance/100019"/>
        <movie:performance rdf:resource="http://data.linkedmdb.org/resource/performance/107829"/>
        <movie:performance rdf:resource="http://data.linkedmdb.org/resource/performance/104233"/>
        <movie:performance rdf:resource="http://data.linkedmdb.org/resource/performance/107288"/>
        <movie:performance rdf:resource="http://data.linkedmdb.org/resource/performance/100574"/>
        <movie:performance rdf:resource="http://data.linkedmdb.org/resource/performance/107836"/>
        <movie:performance rdf:resource="http://data.linkedmdb.org/resource/performance/107978"/>
        <movie:performance rdf:resource="http://data.linkedmdb.org/resource/performance/100028"/>
        <movie:performance rdf:resource="http://data.linkedmdb.org/resource/performance/99957"/>
        <movie:performance rdf:resource="http://data.linkedmdb.org/resource/performance/143068"/>
        <movie:performance rdf:resource="http://data.linkedmdb.org/resource/performance/139541"/>
        <movie:performance rdf:resource="http://data.linkedmdb.org/resource/performance/100084"/>
        <movie:performance rdf:resource="http://data.linkedmdb.org/resource/performance/100594"/>
      </movie:actor>
    </movie:actor>
  </rdf:Description>
  <rdf:Description rdf:about="http://data.linkedmdb.org/resource/film/3977">
    <movie:actor rdf:resource="http://data.linkedmdb.org/resource/actor/11312"/>
  </rdf:Description>
  <rdf:Description rdf:about="http://data.linkedmdb.org/resource/film/10980">
    <movie:actor rdf:resource="http://data.linkedmdb.org/resource/actor/11312"/>
  </rdf:Description>
  <rdf:Description rdf:about="http://data.linkedmdb.org/resource/film/67067">
    <movie:actor rdf:resource="http://data.linkedmdb.org/resource/actor/11312"/>
  </rdf:Description>
  <rdf:Description rdf:about="http://data.linkedmdb.org/resource/film/11089">
    <movie:actor rdf:resource="http://data.linkedmdb.org/resource/actor/11312"/>
  </rdf:Description>
  <rdf:Description rdf:about="http://data.linkedmdb.org/resource/film/23578">
    <movie:actor rdf:resource="http://data.linkedmdb.org/resource/actor/11312"/>
  </rdf:Description>
  <rdf:Description rdf:about="http://data.linkedmdb.org/resource/film/11068">
    <movie:actor rdf:resource="http://data.linkedmdb.org/resource/actor/11312"/>
  </rdf:Description>
  <rdf:Description rdf:about="http://data.linkedmdb.org/resource/interlink/87044">
    <oddlinker:link_source rdf:resource="http://data.linkedmdb.org/resource/actor/11312"/>
  </rdf:Description>
  <rdf:Description rdf:about="http://data.linkedmdb.org/resource/film/18016">
    <movie:actor rdf:resource="http://data.linkedmdb.org/resource/actor/11312"/>
  </rdf:Description>
  <rdf:Description rdf:about="http://data.linkedmdb.org/resource/film/12249">
    <movie:actor rdf:resource="http://data.linkedmdb.org/resource/actor/11312"/>
  </rdf:Description>
  <rdf:Description rdf:about="http://data.linkedmdb.org/resource/film/18264">
    <movie:actor rdf:resource="http://data.linkedmdb.org/resource/actor/11312"/>
  </rdf:Description>
  <rdf:Description rdf:about="http://data.linkedmdb.org/resource/film/23545">
    <movie:actor rdf:resource="http://data.linkedmdb.org/resource/actor/11312"/>
  </rdf:Description>
  <rdf:Description rdf:about="http://data.linkedmdb.org/resource/film/23580">
    <movie:actor rdf:resource="http://data.linkedmdb.org/resource/actor/11312"/>
  </rdf:Description>
  <rdf:Description rdf:about="http://data.linkedmdb.org/resource/film/23942">
    <movie:actor rdf:resource="http://data.linkedmdb.org/resource/actor/11312"/>
  </rdf:Description>
  <rdf:Description rdf:about="http://data.linkedmdb.org/resource/film/11435">
    <movie:actor rdf:resource="http://data.linkedmdb.org/resource/actor/11312"/>
  </rdf:Description>
  <rdf:Description rdf:about="http://data.linkedmdb.org/resource/film/23108">
    <movie:actor rdf:resource="http://data.linkedmdb.org/resource/actor/11312"/>
  </rdf:Description>
  <rdf:Description rdf:about="http://data.linkedmdb.org/resource/film/11069">
    <movie:actor rdf:resource="http://data.linkedmdb.org/resource/actor/11312"/>
  </rdf:Description>
  <rdf:Description rdf:about="http://data.linkedmdb.org/resource/film/12967">
    <movie:actor rdf:resource="http://data.linkedmdb.org/resource/actor/11312"/>
  </rdf:Description>
  <rdf:Description rdf:about="http://data.linkedmdb.org/resource/film/4541">
    <movie:actor rdf:resource="http://data.linkedmdb.org/resource/actor/11312"/>
  </rdf:Description>
  <rdf:Description rdf:about="http://data.linkedmdb.org/resource/film/49067">
    <movie:actor rdf:resource="http://data.linkedmdb.org/resource/actor/11312"/>
  </rdf:Description>
  <rdf:Description rdf:about="http://data.linkedmdb.org/resource/film/11940">
    <movie:actor rdf:resource="http://data.linkedmdb.org/resource/actor/11312"/>
  </rdf:Description>
  <rdf:Description rdf:about="http://data.linkedmdb.org/resource/film/4605">
    <movie:actor rdf:resource="http://data.linkedmdb.org/resource/actor/11312"/>
  </rdf:Description>
  <rdf:Description rdf:about="http://data.linkedmdb.org/resource/film/23401">
    <movie:actor rdf:resource="http://data.linkedmdb.org/resource/actor/11312"/>
  </rdf:Description>
  <rdf:Description rdf:about="http://data.linkedmdb.org/resource/film/48474">
    <movie:actor rdf:resource="http://data.linkedmdb.org/resource/actor/11312"/>
  </rdf:Description>
  <rdf:Description rdf:about="http://data.linkedmdb.org/resource/interlink/98865">
    <oddlinker:link_source rdf:resource="http://data.linkedmdb.org/resource/actor/11312"/>
  </rdf:Description>
  <rdf:Description rdf:about="http://data.linkedmdb.org/resource/film/48493">
    <movie:actor rdf:resource="http://data.linkedmdb.org/resource/actor/11312"/>
  </rdf:Description>
  <rdf:Description rdf:about="http://data.linkedmdb.org/resource/film/10882">
    <movie:actor rdf:resource="http://data.linkedmdb.org/resource/actor/11312"/>
  </rdf:Description>
  <rdf:Description rdf:about="http://data.linkedmdb.org/resource/film/1784">
    <movie:actor rdf:resource="http://data.linkedmdb.org/resource/actor/11312"/>
  </rdf:Description>
  <rdf:Description rdf:about="http://data.linkedmdb.org/resource/film/23967">
    <movie:actor rdf:resource="http://data.linkedmdb.org/resource/actor/11312"/>
  </rdf:Description>
  <rdf:Description rdf:about="http://data.linkedmdb.org/resource/film/3971">
    <movie:actor rdf:resource="http://data.linkedmdb.org/resource/actor/11312"/>
  </rdf:Description>
  <rdf:Description rdf:about="http://data.linkedmdb.org/resource/film/11617">
    <movie:actor rdf:resource="http://data.linkedmdb.org/resource/actor/11312"/>
  </rdf:Description>
  <rdf:Description rdf:about="http://data.linkedmdb.org/resource/film/12352">
    <movie:actor rdf:resource="http://data.linkedmdb.org/resource/actor/11312"/>
  </rdf:Description>
  <rdf:Description rdf:about="http://data.linkedmdb.org/resource/film/5743">
    <movie:actor rdf:resource="http://data.linkedmdb.org/resource/actor/11312"/>
  </rdf:Description>
  <rdf:Description rdf:about="http://data.linkedmdb.org/resource/film/23547">
    <movie:actor rdf:resource="http://data.linkedmdb.org/resource/actor/11312"/>
  </rdf:Description>
  <rdf:Description rdf:about="http://data.linkedmdb.org/resource/film/15193">
    <movie:actor rdf:resource="http://data.linkedmdb.org/resource/actor/11312"/>
  </rdf:Description>
  <rdf:Description rdf:about="http://data.linkedmdb.org/resource/film/23472">
    <movie:actor rdf:resource="http://data.linkedmdb.org/resource/actor/11312"/>
  </rdf:Description>
  <rdf:Description rdf:about="http://data.linkedmdb.org/resource/interlink/110686">
    <oddlinker:link_source rdf:resource="http://data.linkedmdb.org/resource/actor/11312"/>
  </rdf:Description>
  <rdf:Description rdf:about="http://data.linkedmdb.org/resource/film/11642">
    <movie:actor rdf:resource="http://data.linkedmdb.org/resource/actor/11312"/>
  </rdf:Description>
  <rdf:Description rdf:about="http://data.linkedmdb.org/resource/film/23577">
    <movie:actor rdf:resource="http://data.linkedmdb.org/resource/actor/11312"/>
  </rdf:Description>
  <rdf:Description rdf:about="http://data.linkedmdb.org/resource/film/23499">
    <movie:actor rdf:resource="http://data.linkedmdb.org/resource/actor/11312"/>
  </rdf:Description>
  <rdf:Description rdf:about="http://data.linkedmdb.org/resource/film/48221">
    <movie:actor rdf:resource="http://data.linkedmdb.org/resource/actor/11312"/>
  </rdf:Description>
  <rdf:Description rdf:about="http://data.linkedmdb.org/resource/film/23495">
    <movie:actor rdf:resource="http://data.linkedmdb.org/resource/actor/11312"/>
  </rdf:Description>
  <rdf:Description rdf:about="http://data.linkedmdb.org/data/actor/11312">
    <rdfs:comment>Contents of this file may include content from 
		      FreeBase (http://www.freebase.com) or Wikipedia 
		      (http://www.wikipedia.org) licensed under CC-BY
		      (http://www.freebase.com/view/common/license/cc_attribution_25)
		      or GFDL (http://en.wikipedia.org/wiki/Wikipedia:Text_of_the_GNU_Free_Documentation_License). 
		      Refer to http://www.linkedmdb.org:8080/Main/Licensing for more details.</rdfs:comment>
    <rdfs:label>RDF Description of Bud Jamison (Actor)</rdfs:label>
    <foaf:primaryTopic rdf:resource="http://data.linkedmdb.org/resource/actor/11312"/>
  </rdf:Description>
  <rdf:Description rdf:about="http://data.linkedmdb.org/resource/film/3974">
    <movie:actor rdf:resource="http://data.linkedmdb.org/resource/actor/11312"/>
  </rdf:Description>
  <rdf:Description rdf:about="http://data.linkedmdb.org/resource/film/49847">
    <movie:actor rdf:resource="http://data.linkedmdb.org/resource/actor/11312"/>
  </rdf:Description>
  <rdf:Description rdf:about="http://data.linkedmdb.org/resource/film/11425">
    <movie:actor rdf:resource="http://data.linkedmdb.org/resource/actor/11312"/>
  </rdf:Description>
  <rdf:Description rdf:about="http://data.linkedmdb.org/resource/film/23479">
    <movie:actor rdf:resource="http://data.linkedmdb.org/resource/actor/11312"/>
  </rdf:Description>
  <rdf:Description rdf:about="http://data.linkedmdb.org/resource/film/23620">
    <movie:actor rdf:resource="http://data.linkedmdb.org/resource/actor/11312"/>
  </rdf:Description>
  <rdf:Description rdf:about="http://data.linkedmdb.org/resource/film/23103">
    <movie:actor rdf:resource="http://data.linkedmdb.org/resource/actor/11312"/>
  </rdf:Description>
  <rdf:Description rdf:about="http://data.linkedmdb.org/resource/film/18123">
    <movie:actor rdf:resource="http://data.linkedmdb.org/resource/actor/11312"/>
  </rdf:Description>
  <rdf:Description rdf:about="http://data.linkedmdb.org/resource/film/23546">
    <movie:actor rdf:resource="http://data.linkedmdb.org/resource/actor/11312"/>
  </rdf:Description>
  <rdf:Description rdf:about="http://data.linkedmdb.org/resource/film/11082">
    <movie:actor rdf:resource="http://data.linkedmdb.org/resource/actor/11312"/>
  </rdf:Description>
  <rdf:Description rdf:about="http://data.linkedmdb.org/resource/film/11574">
    <movie:actor rdf:resource="http://data.linkedmdb.org/resource/actor/11312"/>
  </rdf:Description>
</rdf:RDF>
