<?xml version="1.0"?>
<rdf:RDF
    xmlns:dbpedia="http://dbpedia.org/property/"
    xmlns:skos="http://www.w3.org/2004/02/skos/core#"
    xmlns:oddlinker="http://data.linkedmdb.org/resource/oddlinker/"
    xmlns:db="http://data.linkedmdb.org/resource/"
    xmlns:movie="http://data.linkedmdb.org/resource/movie/"
    xmlns:rdf="http://www.w3.org/1999/02/22-rdf-syntax-ns#"
    xmlns:map="file:/C:/d2r-server-0.4/mapping.n3#"
    xmlns:foaf="http://xmlns.com/foaf/0.1/"
    xmlns:d2r="http://sites.wiwiss.fu-berlin.de/suhl/bizer/d2r-server/config.rdf#"
    xmlns:owl="http://www.w3.org/2002/07/owl#"
    xmlns:dc="http://purl.org/dc/terms/"
    xmlns:xsd="http://www.w3.org/2001/XMLSchema#"
    xmlns:rdfs="http://www.w3.org/2000/01/rdf-schema#">
  <rdf:Description rdf:about="http://data.linkedmdb.org/resource/film/367">
    <movie:actor>
      <movie:actor rdf:about="http://data.linkedmdb.org/resource/actor/10021">
        <rdfs:label>Elya Baskin (Actor)</rdfs:label>
        <movie:performance rdf:resource="http://data.linkedmdb.org/resource/performance/78566"/>
        <movie:performance rdf:resource="http://data.linkedmdb.org/resource/performance/182040"/>
        <movie:performance rdf:resource="http://data.linkedmdb.org/resource/performance/175751"/>
        <movie:performance rdf:resource="http://data.linkedmdb.org/resource/performance/86889"/>
        <movie:actor_name>Elya Baskin</movie:actor_name>
        <movie:performance rdf:resource="http://data.linkedmdb.org/resource/performance/47664"/>
        <movie:actor_actorid rdf:datatype="http://www.w3.org/2001/XMLSchema#int"
        >10021</movie:actor_actorid>
        <foaf:page>
          <rdf:Description rdf:about="http://www.freebase.com/view/guid/9202a8c04000641f800000000478d061">
            <rdfs:seeAlso rdf:resource="http://data.linkedmdb.org/sparql?query=DESCRIBE+%3Chttp%3A%2F%2Fwww.freebase.com%2Fview%2Fguid%2F9202a8c04000641f800000000478d061%3E"/>
          </rdf:Description>
        </foaf:page>
        <movie:performance rdf:resource="http://data.linkedmdb.org/resource/performance/82805"/>
        <movie:performance rdf:resource="http://data.linkedmdb.org/resource/performance/175883"/>
        <movie:performance rdf:resource="http://data.linkedmdb.org/resource/performance/84277"/>
        <movie:performance rdf:resource="http://data.linkedmdb.org/resource/performance/175864"/>
        <rdf:type>
          <rdf:Description rdf:about="http://xmlns.com/foaf/0.1/Person">
            <rdfs:seeAlso rdf:resource="http://data.linkedmdb.org/sparql?query=DESCRIBE+%3Chttp%3A%2F%2Fxmlns.com%2Ffoaf%2F0.1%2FPerson%3E"/>
          </rdf:Description>
        </rdf:type>
      </movie:actor>
    </movie:actor>
  </rdf:Description>
  <rdf:Description rdf:about="http://data.linkedmdb.org/resource/film/19156">
    <movie:actor rdf:resource="http://data.linkedmdb.org/resource/actor/10021"/>
  </rdf:Description>
  <rdf:Description rdf:about="http://data.linkedmdb.org/resource/film/40688">
    <movie:actor rdf:resource="http://data.linkedmdb.org/resource/actor/10021"/>
  </rdf:Description>
  <rdf:Description rdf:about="http://data.linkedmdb.org/resource/film/20369">
    <movie:actor rdf:resource="http://data.linkedmdb.org/resource/actor/10021"/>
  </rdf:Description>
  <rdf:Description rdf:about="http://data.linkedmdb.org/resource/film/39286">
    <movie:actor rdf:resource="http://data.linkedmdb.org/resource/actor/10021"/>
  </rdf:Description>
  <rdf:Description rdf:about="http://data.linkedmdb.org/data/actor/10021">
    <rdfs:comment>Contents of this file may include content from 
		      FreeBase (http://www.freebase.com) or Wikipedia 
		      (http://www.wikipedia.org) licensed under CC-BY
		      (http://www.freebase.com/view/common/license/cc_attribution_25)
		      or GFDL (http://en.wikipedia.org/wiki/Wikipedia:Text_of_the_GNU_Free_Documentation_License). 
		      Refer to http://www.linkedmdb.org:8080/Main/Licensing for more details.</rdfs:comment>
    <rdfs:label>RDF Description of Elya Baskin (Actor)</rdfs:label>
    <foaf:primaryTopic rdf:resource="http://data.linkedmdb.org/resource/actor/10021"/>
  </rdf:Description>
  <rdf:Description rdf:about="http://data.linkedmdb.org/resource/film/49168">
    <movie:actor rdf:resource="http://data.linkedmdb.org/resource/actor/10021"/>
  </rdf:Description>
  <rdf:Description rdf:about="http://data.linkedmdb.org/resource/film/22095">
    <movie:actor rdf:resource="http://data.linkedmdb.org/resource/actor/10021"/>
  </rdf:Description>
  <rdf:Description rdf:about="http://data.linkedmdb.org/resource/film/56456">
    <movie:actor rdf:resource="http://data.linkedmdb.org/resource/actor/10021"/>
  </rdf:Description>
  <rdf:Description rdf:about="http://data.linkedmdb.org/resource/film/42426">
    <movie:actor rdf:resource="http://data.linkedmdb.org/resource/actor/10021"/>
  </rdf:Description>
</rdf:RDF>
