<?xml version="1.0"?>
<rdf:RDF
    xmlns:dbpedia="http://dbpedia.org/property/"
    xmlns:skos="http://www.w3.org/2004/02/skos/core#"
    xmlns:oddlinker="http://data.linkedmdb.org/resource/oddlinker/"
    xmlns:db="http://data.linkedmdb.org/resource/"
    xmlns:movie="http://data.linkedmdb.org/resource/movie/"
    xmlns:rdf="http://www.w3.org/1999/02/22-rdf-syntax-ns#"
    xmlns:map="file:/C:/d2r-server-0.4/mapping.n3#"
    xmlns:foaf="http://xmlns.com/foaf/0.1/"
    xmlns:d2r="http://sites.wiwiss.fu-berlin.de/suhl/bizer/d2r-server/config.rdf#"
    xmlns:owl="http://www.w3.org/2002/07/owl#"
    xmlns:dc="http://purl.org/dc/terms/"
    xmlns:xsd="http://www.w3.org/2001/XMLSchema#"
    xmlns:rdfs="http://www.w3.org/2000/01/rdf-schema#">
  <rdf:Description rdf:about="http://www4.wiwiss.fu-berlin.de/flickrwrappr/photos/Sanjeev_Kumar_(actor)">
    <rdfs:seeAlso rdf:resource="http://data.linkedmdb.org/sparql?query=DESCRIBE+%3Chttp%3A%2F%2Fwww4.wiwiss.fu-berlin.de%2Fflickrwrappr%2Fphotos%2FSanjeev_Kumar_%28actor%29%3E"/>
  </rdf:Description>
  <rdf:Description rdf:about="http://data.linkedmdb.org/resource/film/46388">
    <movie:actor>
      <movie:actor rdf:about="http://data.linkedmdb.org/resource/actor/157">
        <movie:performance rdf:resource="http://data.linkedmdb.org/resource/performance/77060"/>
        <movie:performance rdf:resource="http://data.linkedmdb.org/resource/performance/147816"/>
        <movie:performance rdf:resource="http://data.linkedmdb.org/resource/performance/58784"/>
        <movie:performance rdf:resource="http://data.linkedmdb.org/resource/performance/57304"/>
        <movie:performance rdf:resource="http://data.linkedmdb.org/resource/performance/147940"/>
        <dbpedia:hasPhotoCollection rdf:resource="http://www4.wiwiss.fu-berlin.de/flickrwrappr/photos/Sanjeev_Kumar_(actor)"/>
        <movie:performance rdf:resource="http://data.linkedmdb.org/resource/performance/72538"/>
        <movie:performance rdf:resource="http://data.linkedmdb.org/resource/performance/53416"/>
        <movie:performance rdf:resource="http://data.linkedmdb.org/resource/performance/71731"/>
        <movie:performance rdf:resource="http://data.linkedmdb.org/resource/performance/78946"/>
        <movie:performance rdf:resource="http://data.linkedmdb.org/resource/performance/120589"/>
        <rdfs:label>Sanjeev Kumar (Actor)</rdfs:label>
        <movie:performance rdf:resource="http://data.linkedmdb.org/resource/performance/84232"/>
        <movie:performance rdf:resource="http://data.linkedmdb.org/resource/performance/90257"/>
        <movie:actor_actorid rdf:datatype="http://www.w3.org/2001/XMLSchema#int"
        >157</movie:actor_actorid>
        <movie:performance rdf:resource="http://data.linkedmdb.org/resource/performance/26354"/>
        <movie:performance rdf:resource="http://data.linkedmdb.org/resource/performance/67525"/>
        <movie:performance rdf:resource="http://data.linkedmdb.org/resource/performance/100548"/>
        <foaf:page>
          <rdf:Description rdf:about="http://www.freebase.com/view/guid/9202a8c04000641f8000000000287316">
            <rdfs:seeAlso rdf:resource="http://data.linkedmdb.org/sparql?query=DESCRIBE+%3Chttp%3A%2F%2Fwww.freebase.com%2Fview%2Fguid%2F9202a8c04000641f8000000000287316%3E"/>
          </rdf:Description>
        </foaf:page>
        <movie:performance rdf:resource="http://data.linkedmdb.org/resource/performance/150314"/>
        <movie:performance rdf:resource="http://data.linkedmdb.org/resource/performance/148142"/>
        <movie:performance rdf:resource="http://data.linkedmdb.org/resource/performance/47653"/>
        <movie:performance rdf:resource="http://data.linkedmdb.org/resource/performance/70888"/>
        <movie:performance rdf:resource="http://data.linkedmdb.org/resource/performance/70989"/>
        <movie:performance rdf:resource="http://data.linkedmdb.org/resource/performance/88191"/>
        <movie:performance rdf:resource="http://data.linkedmdb.org/resource/performance/56146"/>
        <movie:performance rdf:resource="http://data.linkedmdb.org/resource/performance/42992"/>
        <movie:performance rdf:resource="http://data.linkedmdb.org/resource/performance/73738"/>
        <movie:performance rdf:resource="http://data.linkedmdb.org/resource/performance/100476"/>
        <movie:performance rdf:resource="http://data.linkedmdb.org/resource/performance/74144"/>
        <movie:performance rdf:resource="http://data.linkedmdb.org/resource/performance/64890"/>
        <movie:performance rdf:resource="http://data.linkedmdb.org/resource/performance/78677"/>
        <movie:performance rdf:resource="http://data.linkedmdb.org/resource/performance/150366"/>
        <movie:performance rdf:resource="http://data.linkedmdb.org/resource/performance/85736"/>
        <movie:performance rdf:resource="http://data.linkedmdb.org/resource/performance/148134"/>
        <owl:sameAs>
          <rdf:Description rdf:about="http://dbpedia.org/resource/Sanjeev_Kumar_%28actor%29">
            <rdfs:seeAlso rdf:resource="http://data.linkedmdb.org/sparql?query=DESCRIBE+%3Chttp%3A%2F%2Fdbpedia.org%2Fresource%2FSanjeev_Kumar_%2528actor%2529%3E"/>
          </rdf:Description>
        </owl:sameAs>
        <movie:performance rdf:resource="http://data.linkedmdb.org/resource/performance/45963"/>
        <movie:performance rdf:resource="http://data.linkedmdb.org/resource/performance/100629"/>
        <movie:performance rdf:resource="http://data.linkedmdb.org/resource/performance/150292"/>
        <movie:performance rdf:resource="http://data.linkedmdb.org/resource/performance/126173"/>
        <movie:performance rdf:resource="http://data.linkedmdb.org/resource/performance/63571"/>
        <movie:performance rdf:resource="http://data.linkedmdb.org/resource/performance/68502"/>
        <movie:performance rdf:resource="http://data.linkedmdb.org/resource/performance/70689"/>
        <movie:performance rdf:resource="http://data.linkedmdb.org/resource/performance/51650"/>
        <movie:performance rdf:resource="http://data.linkedmdb.org/resource/performance/44898"/>
        <movie:performance rdf:resource="http://data.linkedmdb.org/resource/performance/149674"/>
        <movie:performance rdf:resource="http://data.linkedmdb.org/resource/performance/84673"/>
        <rdf:type>
          <rdf:Description rdf:about="http://xmlns.com/foaf/0.1/Person">
            <rdfs:seeAlso rdf:resource="http://data.linkedmdb.org/sparql?query=DESCRIBE+%3Chttp%3A%2F%2Fxmlns.com%2Ffoaf%2F0.1%2FPerson%3E"/>
          </rdf:Description>
        </rdf:type>
        <movie:performance rdf:resource="http://data.linkedmdb.org/resource/performance/67428"/>
        <movie:performance rdf:resource="http://data.linkedmdb.org/resource/performance/56037"/>
        <movie:performance rdf:resource="http://data.linkedmdb.org/resource/performance/114734"/>
        <owl:sameAs>
          <rdf:Description rdf:about="http://mpii.de/yago/resource/Sanjeev_Kumar_%28actor%29">
            <rdfs:seeAlso rdf:resource="http://data.linkedmdb.org/sparql?query=DESCRIBE+%3Chttp%3A%2F%2Fmpii.de%2Fyago%2Fresource%2FSanjeev_Kumar_%2528actor%2529%3E"/>
          </rdf:Description>
        </owl:sameAs>
        <movie:performance rdf:resource="http://data.linkedmdb.org/resource/performance/86757"/>
        <movie:performance rdf:resource="http://data.linkedmdb.org/resource/performance/187518"/>
        <movie:performance rdf:resource="http://data.linkedmdb.org/resource/performance/80654"/>
        <movie:performance rdf:resource="http://data.linkedmdb.org/resource/performance/88239"/>
        <movie:performance rdf:resource="http://data.linkedmdb.org/resource/performance/115516"/>
        <movie:performance rdf:resource="http://data.linkedmdb.org/resource/performance/55322"/>
        <movie:performance rdf:resource="http://data.linkedmdb.org/resource/performance/58464"/>
        <movie:performance rdf:resource="http://data.linkedmdb.org/resource/performance/55977"/>
        <movie:performance rdf:resource="http://data.linkedmdb.org/resource/performance/150312"/>
        <movie:performance rdf:resource="http://data.linkedmdb.org/resource/performance/51736"/>
        <movie:performance rdf:resource="http://data.linkedmdb.org/resource/performance/160264"/>
        <movie:actor_name>Sanjeev Kumar</movie:actor_name>
        <movie:performance rdf:resource="http://data.linkedmdb.org/resource/performance/47667"/>
        <movie:performance rdf:resource="http://data.linkedmdb.org/resource/performance/126353"/>
        <movie:performance rdf:resource="http://data.linkedmdb.org/resource/performance/68613"/>
        <movie:performance rdf:resource="http://data.linkedmdb.org/resource/performance/102729"/>
        <movie:performance rdf:resource="http://data.linkedmdb.org/resource/performance/150612"/>
        <movie:performance rdf:resource="http://data.linkedmdb.org/resource/performance/70967"/>
        <movie:performance rdf:resource="http://data.linkedmdb.org/resource/performance/47947"/>
        <movie:performance rdf:resource="http://data.linkedmdb.org/resource/performance/147813"/>
      </movie:actor>
    </movie:actor>
  </rdf:Description>
  <rdf:Description rdf:about="http://data.linkedmdb.org/resource/film/73022">
    <movie:actor rdf:resource="http://data.linkedmdb.org/resource/actor/157"/>
  </rdf:Description>
  <rdf:Description rdf:about="http://data.linkedmdb.org/resource/film/96432">
    <movie:actor rdf:resource="http://data.linkedmdb.org/resource/actor/157"/>
  </rdf:Description>
  <rdf:Description rdf:about="http://data.linkedmdb.org/resource/film/43416">
    <movie:actor rdf:resource="http://data.linkedmdb.org/resource/actor/157"/>
  </rdf:Description>
  <rdf:Description rdf:about="http://data.linkedmdb.org/resource/film/13329">
    <movie:actor rdf:resource="http://data.linkedmdb.org/resource/actor/157"/>
  </rdf:Description>
  <rdf:Description rdf:about="http://data.linkedmdb.org/resource/film/72431">
    <movie:actor rdf:resource="http://data.linkedmdb.org/resource/actor/157"/>
  </rdf:Description>
  <rdf:Description rdf:about="http://data.linkedmdb.org/resource/film/17944">
    <movie:actor rdf:resource="http://data.linkedmdb.org/resource/actor/157"/>
  </rdf:Description>
  <rdf:Description rdf:about="http://data.linkedmdb.org/resource/film/17584">
    <movie:actor rdf:resource="http://data.linkedmdb.org/resource/actor/157"/>
  </rdf:Description>
  <rdf:Description rdf:about="http://data.linkedmdb.org/resource/film/17915">
    <movie:actor rdf:resource="http://data.linkedmdb.org/resource/actor/157"/>
  </rdf:Description>
  <rdf:Description rdf:about="http://data.linkedmdb.org/resource/film/16581">
    <movie:actor rdf:resource="http://data.linkedmdb.org/resource/actor/157"/>
  </rdf:Description>
  <rdf:Description rdf:about="http://data.linkedmdb.org/resource/film/47671">
    <movie:actor rdf:resource="http://data.linkedmdb.org/resource/actor/157"/>
  </rdf:Description>
  <rdf:Description rdf:about="http://data.linkedmdb.org/resource/film/48519">
    <movie:actor rdf:resource="http://data.linkedmdb.org/resource/actor/157"/>
  </rdf:Description>
  <rdf:Description rdf:about="http://data.linkedmdb.org/resource/film/71329">
    <movie:actor rdf:resource="http://data.linkedmdb.org/resource/actor/157"/>
  </rdf:Description>
  <rdf:Description rdf:about="http://data.linkedmdb.org/resource/film/16330">
    <movie:actor rdf:resource="http://data.linkedmdb.org/resource/actor/157"/>
  </rdf:Description>
  <rdf:Description rdf:about="http://data.linkedmdb.org/resource/film/55330">
    <movie:actor rdf:resource="http://data.linkedmdb.org/resource/actor/157"/>
  </rdf:Description>
  <rdf:Description rdf:about="http://data.linkedmdb.org/resource/film/3492">
    <movie:actor rdf:resource="http://data.linkedmdb.org/resource/actor/157"/>
  </rdf:Description>
  <rdf:Description rdf:about="http://data.linkedmdb.org/resource/film/16347">
    <movie:actor rdf:resource="http://data.linkedmdb.org/resource/actor/157"/>
  </rdf:Description>
  <rdf:Description rdf:about="http://data.linkedmdb.org/resource/film/17760">
    <movie:actor rdf:resource="http://data.linkedmdb.org/resource/actor/157"/>
  </rdf:Description>
  <rdf:Description rdf:about="http://data.linkedmdb.org/resource/interlink/119106">
    <oddlinker:link_source rdf:resource="http://data.linkedmdb.org/resource/actor/157"/>
  </rdf:Description>
  <rdf:Description rdf:about="http://data.linkedmdb.org/resource/film/46623">
    <movie:actor rdf:resource="http://data.linkedmdb.org/resource/actor/157"/>
  </rdf:Description>
  <rdf:Description rdf:about="http://data.linkedmdb.org/resource/film/47398">
    <movie:actor rdf:resource="http://data.linkedmdb.org/resource/actor/157"/>
  </rdf:Description>
  <rdf:Description rdf:about="http://data.linkedmdb.org/resource/film/19649">
    <movie:actor rdf:resource="http://data.linkedmdb.org/resource/actor/157"/>
  </rdf:Description>
  <rdf:Description rdf:about="http://data.linkedmdb.org/resource/film/18235">
    <movie:actor rdf:resource="http://data.linkedmdb.org/resource/actor/157"/>
  </rdf:Description>
  <rdf:Description rdf:about="http://data.linkedmdb.org/resource/film/46693">
    <movie:actor rdf:resource="http://data.linkedmdb.org/resource/actor/157"/>
  </rdf:Description>
  <rdf:Description rdf:about="http://data.linkedmdb.org/resource/film/14705">
    <movie:actor rdf:resource="http://data.linkedmdb.org/resource/actor/157"/>
  </rdf:Description>
  <rdf:Description rdf:about="http://data.linkedmdb.org/resource/film/17868">
    <movie:actor rdf:resource="http://data.linkedmdb.org/resource/actor/157"/>
  </rdf:Description>
  <rdf:Description rdf:about="http://data.linkedmdb.org/resource/film/58144">
    <movie:actor rdf:resource="http://data.linkedmdb.org/resource/actor/157"/>
  </rdf:Description>
  <rdf:Description rdf:about="http://data.linkedmdb.org/resource/film/17916">
    <movie:actor rdf:resource="http://data.linkedmdb.org/resource/actor/157"/>
  </rdf:Description>
  <rdf:Description rdf:about="http://data.linkedmdb.org/resource/film/17257">
    <movie:actor rdf:resource="http://data.linkedmdb.org/resource/actor/157"/>
  </rdf:Description>
  <rdf:Description rdf:about="http://data.linkedmdb.org/data/actor/157">
    <rdfs:comment>Contents of this file may include content from 
		      FreeBase (http://www.freebase.com) or Wikipedia 
		      (http://www.wikipedia.org) licensed under CC-BY
		      (http://www.freebase.com/view/common/license/cc_attribution_25)
		      or GFDL (http://en.wikipedia.org/wiki/Wikipedia:Text_of_the_GNU_Free_Documentation_License). 
		      Refer to http://www.linkedmdb.org:8080/Main/Licensing for more details.</rdfs:comment>
    <rdfs:label>RDF Description of Sanjeev Kumar (Actor)</rdfs:label>
    <foaf:primaryTopic rdf:resource="http://data.linkedmdb.org/resource/actor/157"/>
  </rdf:Description>
  <rdf:Description rdf:about="http://data.linkedmdb.org/resource/film/44750">
    <movie:actor rdf:resource="http://data.linkedmdb.org/resource/actor/157"/>
  </rdf:Description>
  <rdf:Description rdf:about="http://data.linkedmdb.org/resource/film/16133">
    <movie:actor rdf:resource="http://data.linkedmdb.org/resource/actor/157"/>
  </rdf:Description>
  <rdf:Description rdf:about="http://data.linkedmdb.org/resource/film/72865">
    <movie:actor rdf:resource="http://data.linkedmdb.org/resource/actor/157"/>
  </rdf:Description>
  <rdf:Description rdf:about="http://data.linkedmdb.org/resource/film/17897">
    <movie:actor rdf:resource="http://data.linkedmdb.org/resource/actor/157"/>
  </rdf:Description>
  <rdf:Description rdf:about="http://data.linkedmdb.org/resource/film/8313">
    <movie:actor rdf:resource="http://data.linkedmdb.org/resource/actor/157"/>
  </rdf:Description>
  <rdf:Description rdf:about="http://data.linkedmdb.org/resource/film/72572">
    <movie:actor rdf:resource="http://data.linkedmdb.org/resource/actor/157"/>
  </rdf:Description>
  <rdf:Description rdf:about="http://data.linkedmdb.org/resource/film/71626">
    <movie:actor rdf:resource="http://data.linkedmdb.org/resource/actor/157"/>
  </rdf:Description>
  <rdf:Description rdf:about="http://data.linkedmdb.org/resource/film/16701">
    <movie:actor rdf:resource="http://data.linkedmdb.org/resource/actor/157"/>
  </rdf:Description>
  <rdf:Description rdf:about="http://data.linkedmdb.org/resource/film/62091">
    <movie:actor rdf:resource="http://data.linkedmdb.org/resource/actor/157"/>
  </rdf:Description>
  <rdf:Description rdf:about="http://data.linkedmdb.org/resource/film/47379">
    <movie:actor rdf:resource="http://data.linkedmdb.org/resource/actor/157"/>
  </rdf:Description>
  <rdf:Description rdf:about="http://data.linkedmdb.org/resource/interlink/95464">
    <oddlinker:link_source rdf:resource="http://data.linkedmdb.org/resource/actor/157"/>
  </rdf:Description>
  <rdf:Description rdf:about="http://data.linkedmdb.org/resource/film/43414">
    <movie:actor rdf:resource="http://data.linkedmdb.org/resource/actor/157"/>
  </rdf:Description>
  <rdf:Description rdf:about="http://data.linkedmdb.org/resource/film/16661">
    <movie:actor rdf:resource="http://data.linkedmdb.org/resource/actor/157"/>
  </rdf:Description>
  <rdf:Description rdf:about="http://data.linkedmdb.org/resource/film/16611">
    <movie:actor rdf:resource="http://data.linkedmdb.org/resource/actor/157"/>
  </rdf:Description>
  <rdf:Description rdf:about="http://data.linkedmdb.org/resource/film/46695">
    <movie:actor rdf:resource="http://data.linkedmdb.org/resource/actor/157"/>
  </rdf:Description>
  <rdf:Description rdf:about="http://data.linkedmdb.org/resource/film/48193">
    <movie:actor rdf:resource="http://data.linkedmdb.org/resource/actor/157"/>
  </rdf:Description>
  <rdf:Description rdf:about="http://data.linkedmdb.org/resource/film/62219">
    <movie:actor rdf:resource="http://data.linkedmdb.org/resource/actor/157"/>
  </rdf:Description>
  <rdf:Description rdf:about="http://data.linkedmdb.org/resource/film/16945">
    <movie:actor rdf:resource="http://data.linkedmdb.org/resource/actor/157"/>
  </rdf:Description>
  <rdf:Description rdf:about="http://data.linkedmdb.org/resource/film/16322">
    <movie:actor rdf:resource="http://data.linkedmdb.org/resource/actor/157"/>
  </rdf:Description>
  <rdf:Description rdf:about="http://data.linkedmdb.org/resource/film/2372">
    <movie:actor rdf:resource="http://data.linkedmdb.org/resource/actor/157"/>
  </rdf:Description>
  <rdf:Description rdf:about="http://data.linkedmdb.org/resource/film/6773">
    <movie:actor rdf:resource="http://data.linkedmdb.org/resource/actor/157"/>
  </rdf:Description>
  <rdf:Description rdf:about="http://data.linkedmdb.org/resource/film/43322">
    <movie:actor rdf:resource="http://data.linkedmdb.org/resource/actor/157"/>
  </rdf:Description>
  <rdf:Description rdf:about="http://data.linkedmdb.org/resource/film/71640">
    <movie:actor rdf:resource="http://data.linkedmdb.org/resource/actor/157"/>
  </rdf:Description>
  <rdf:Description rdf:about="http://data.linkedmdb.org/resource/film/17918">
    <movie:actor rdf:resource="http://data.linkedmdb.org/resource/actor/157"/>
  </rdf:Description>
  <rdf:Description rdf:about="http://data.linkedmdb.org/resource/film/18537">
    <movie:actor rdf:resource="http://data.linkedmdb.org/resource/actor/157"/>
  </rdf:Description>
  <rdf:Description rdf:about="http://data.linkedmdb.org/resource/film/72811">
    <movie:actor rdf:resource="http://data.linkedmdb.org/resource/actor/157"/>
  </rdf:Description>
  <rdf:Description rdf:about="http://data.linkedmdb.org/resource/film/17914">
    <movie:actor rdf:resource="http://data.linkedmdb.org/resource/actor/157"/>
  </rdf:Description>
  <rdf:Description rdf:about="http://data.linkedmdb.org/resource/film/16335">
    <movie:actor rdf:resource="http://data.linkedmdb.org/resource/actor/157"/>
  </rdf:Description>
  <rdf:Description rdf:about="http://data.linkedmdb.org/resource/film/72465">
    <movie:actor rdf:resource="http://data.linkedmdb.org/resource/actor/157"/>
  </rdf:Description>
  <rdf:Description rdf:about="http://data.linkedmdb.org/resource/film/39821">
    <movie:actor rdf:resource="http://data.linkedmdb.org/resource/actor/157"/>
  </rdf:Description>
  <rdf:Description rdf:about="http://data.linkedmdb.org/resource/film/71244">
    <movie:actor rdf:resource="http://data.linkedmdb.org/resource/actor/157"/>
  </rdf:Description>
  <rdf:Description rdf:about="http://data.linkedmdb.org/resource/film/43761">
    <movie:actor rdf:resource="http://data.linkedmdb.org/resource/actor/157"/>
  </rdf:Description>
  <rdf:Description rdf:about="http://data.linkedmdb.org/resource/interlink/107285">
    <oddlinker:link_source rdf:resource="http://data.linkedmdb.org/resource/actor/157"/>
  </rdf:Description>
  <rdf:Description rdf:about="http://data.linkedmdb.org/resource/film/72456">
    <movie:actor rdf:resource="http://data.linkedmdb.org/resource/actor/157"/>
  </rdf:Description>
  <rdf:Description rdf:about="http://data.linkedmdb.org/resource/film/46619">
    <movie:actor rdf:resource="http://data.linkedmdb.org/resource/actor/157"/>
  </rdf:Description>
  <rdf:Description rdf:about="http://data.linkedmdb.org/resource/film/19495">
    <movie:actor rdf:resource="http://data.linkedmdb.org/resource/actor/157"/>
  </rdf:Description>
  <rdf:Description rdf:about="http://data.linkedmdb.org/resource/film/18232">
    <movie:actor rdf:resource="http://data.linkedmdb.org/resource/actor/157"/>
  </rdf:Description>
  <rdf:Description rdf:about="http://data.linkedmdb.org/resource/film/71238">
    <movie:actor rdf:resource="http://data.linkedmdb.org/resource/actor/157"/>
  </rdf:Description>
</rdf:RDF>
