id;nombre
1;nodo: 1
2;nodo: 2
3;nodo: 3
4;nodo: 4
5;nodo: 5
6;nodo: 6
7;nodo: 7
8;nodo: 8
9;nodo: 9
10;nodo: 10
11;nodo: 11
12;nodo: 12
13;nodo: 13
14;nodo: 14
15;nodo: 15
16;nodo: 16
17;nodo: 17
18;nodo: 18
19;nodo: 19
20;nodo: 20
21;nodo: 21
22;nodo: 22
23;nodo: 23
24;nodo: 24
25;nodo: 25
26;nodo: 26
27;nodo: 27
28;nodo: 28
29;nodo: 29
30;nodo: 30
31;nodo: 31
32;nodo: 32
33;nodo: 33
34;nodo: 34
35;nodo: 35
36;nodo: 36
37;nodo: 37
38;nodo: 38
39;nodo: 39
40;nodo: 40
41;nodo: 41
42;nodo: 42
43;nodo: 43
44;nodo: 44
45;nodo: 45
46;nodo: 46
47;nodo: 47
48;nodo: 48
49;nodo: 49
50;nodo: 50
