Id;Label
1;Buffy the Vampire Slayer
10;Final Fantasy: The Spirits Within
100;Disraeli
1000;Akagi
1002;ÃÃÃHOLiC
1003;TaiyÅ o Nusunda Otoko
1004;Chance
1005;The Order
1006;Guinea Pig
1008;Big Daddy
1009;Suicide Six
101;Captain Blood
1010;Ice Station Zebra
1011;Sylvia
1012;Slacker
1013;Dazed and Confused
1014;Serenity
1015;Hearts of Darkness: A Filmmakers's Apocalypse
1016;Afterglow
1017;Glory
1018;Heaven
1019;The Poseidon Adventure
102;The Informer
1020;Vacation
1021;Dolls
1023;Buckminster Fuller: Thinking Out Loud
1024;Earthquake
1025;The Return of the King
1026;The Hobbit
1027;King Kong
1028;The Raven
1029;Primary
103;Les MisÃ©rables
1030;Piccadilly
1031;Bottle Rocket
1032;Broken Arrow
1033;Tombstone
1034;Hidalgo
1035;Man on Fire
1036;The Mission
1037;Scott of the Antarctic
1038;You're Under Arrest
1039;Cannibal! The Musical
104;Personal History, Adventures, Experience, and Observation of David Copperfield the Younger
1040;Ed Wood
1041;Diamond Head
1042;Frequency
1043;Macbeth
1044;Cat's Eye
1045;Night Shift
1046;Child's Play 3
1047;Child's Play
1048;Child's Play 2
1049;The War of the Worlds
105;Top Hat
1050;War of the Worlds
1051;Firestarter
1052;Bloodsport
1053;The Talented Mr. Ripley
1054;Roustabout
1055;Honey
1056;Ace Ventura: When Nature Calls
1057;Lorenzo's Oil
1058;Dawn of the Dead
1059;Go
106;A Tale of Two Cities
1060;The Games
1061;Cabin Fever
1062;Boys Don't Cry
1063;Beaches
1064;Speak
1065;Volcano
1066;The Big Chill
1067;The One
1068;St. Louis Blues
1069;Starsky & Hutch
107;Lost Horizon
1070;Barbershop 2: Back in Business
1071;Dogfight
1072;Demolition Man
1073;Possession
1074;Carnal Knowledge
1075;Police Academy
1076;The Gospel of John
1077;Rapid Fire
1078;The Fly
1079;Poison Ivy
108;Sunrise
1080;Robin Hood: Men in Tights
1081;Rangeela
1082;Garden State
1083;Sonic the Hedgehog: The Movie
1084;Stripes
1085;Dirty Work
1086;What's the Worst That Could Happen?
1087;The Wizard of Oz
1088;Bus Stop
1089;Hopscotch
109;The Adventures of Robin Hood
1090;Blondie
1091;I, Robot
1092;And God Created Woman
1093;The Princess Diaries
1094;Lost in Space
1095;Death and the Maiden
1096;Journey to the Center of the Earth
1097;The Stranger
1098;Jersey Girl
1099;Dune
11;Godzilla vs. the Sea Monster
110;Alexander's Ragtime Band
1100;Romance
1101;Ghidorah, the Three-Headed Monster
1102;The Gallopin' Gaucho
1103;Down to Earth
1104;Kolchak: The Night Stalker
1105;Exorcist II: The Heretic
1107;Babe: Pig in the City
1108;Roxanne
1109;Alien Nation
111;Grand Illusion
1110;Cousins
1111;Don't Tell Mom the Babysitter's Dead
1112;Pay It Forward
1113;Singles
1114;Khabi Khushi Kabhi Gham
1115;Rambo: First Blood Part II
1116;Limelight
1117;Rogue Trader
1118;Steamboat Bill Jr.
1119;Go
112;Test Pilot
1120;The Getaway
1121;Sleeper
1122;Audition
1123;Sex
1124;Tales from the Darkside: The Movie
1125;Backdraft
1126;Lake Placid
1127;The Pillow Book
1128;The Rehearsal
1129;Kate & Leopold
113;Of Mice and Men
1130;Walkabout
1131;Fear
1132;Moulin Rouge
1133;Name of the Rose
1134;Sinkin' in the Bathtub
1135;Good Boy!
1136;The Thin Blue Line
1138;Fahrenheit 9/11
1139;Mary of Scotland
114;Stagecoach
1140;The 'Burbs
1141;Manhunter
1142;Flight
1143;Who's Harry Crumb?
1144;The Nanny
1145;Pilgrim
1146;The Beast
1147;The Doors
1148;Nadia: The Secret of Blue Water
1149;Them!
115;Alice in Wonderland
1150;Akira
1151;A Day at the Races
1152;Buster
1153;New York: A Documentary Film
1154;Speed
1155;St. Elmo's Fire
1156;Cocktail
1157;Whiteout
1158;The Funeral
1159;The Funeral
116;Foreign Correspondent
1160;New Rose Hotel
1161;Wizards
1162;If...
1163;Secrets & Lies
1164;After Hours
1165;Win a Date with Tad Hamilton!
1166;Divine Intervention
1167;Kids
1168;Hatred
1169;Kiss of Death
117;Day of the Dead
1170;Kiss of Death
1171;Hooper
1172;Rapunzel
1173;The Big One
1174;Of Mice and Men
1175;Hannibal
1176;Spalding Gray: Terrors of Pleasure
1177;Fallen Angels
1178;The Big Kahuna
1179;Tuck Everlasting
118;Apt Pupil
1180;Oliver Twist
1181;London After Midnight
1182;Helter Skelter
1183;X
1184;Hard Eight
1185;L'Homme de Rio
1186;Grand Theft Auto
1187;Scum
1188;Vai viegli bÅ«t jaunam?
1189;Ciao! Manhattan
119;Lenny
1190;The Avengers
1191;The Contender
1192;Silver Streak
1193;Dirty Pretty Things
1194;Hart's War
1195;Bad Company
1196;F.I.S.T
1197;Monty Roberts: A Real Horse Whisperer
1198;The Hindenburg
1199;Fame
12;Godzilla
1200;Desperado
1201;10.5
1202;Commissar
1203;Frankenstein's Daughter
1204;Blood from the Mummy's Tomb
1205;Storm of the Century
1206;Beethoven's 2nd
1207;Beethoven's 3rd
1208;Beethoven's 4th
1209;The River
121;A Knight's Tale
1210;The Kingdom
1211;Python
1212;Alive
1213;Nirvana
1214;Dragon: The Bruce Lee Story
1215;Face/Off
1216;Carmen: A Hip Hopera
1217;Dracula: Dead and Loving It
1218;Dracula
1219;Mr. Nanny
122;Schindler's List
1220;Mr. Nice Guy
1221;Snake in the Eagle's Shadow
1222;Armour of God II: Operation Condor
1223;Jimmy Neutron: Boy Genius
1224;What's Eating Gilbert Grape
1225;Barcelona
1226;Snake & Crane Arts of Shaolin
1227;One, Two, Three
1229;Police Story
123;Rigoletto
1230;The Philadelphia Experiment
1231;Donald's Nephews
1232;Mr. Duck Steps Out
1233;The Lost World: Jurassic Park
1234;A Cool, Dry Place
1235;Criminal Law
1236;Harry Potter and the Philosopher's Stone
1237;Harry Potter and the Chamber of Secrets
1238;Harry Potter and the Prisoner of Azkaban
1239;Harry Potter and the Goblet of Fire
124;Maryam
1240;Persona
1241;Cats Don't Dance
1242;Ship of Fools
1243;Final Fantasy VII: Advent Children
1244;Suburbia
1245;1991: The Year Punk Broke
1246;Harry Potter and the Order of the Phoenix
1247;Love Me Tender
1248;The Lawnmower Man
1249;The Shaggy Dog
125;M
1250;The Devil's Advocate
1251;My Girl
1252;Bad Boys
1253;The Devil's Own
1254;Rat Race
1255;Matilda
1256;Night Watch
1257;Dr. T & the Women
1258;23
1259;Vision Quest
126;Clue
1260;Gross Anatomy
1261;The Jungle Book
1262;The Preacher's Wife
1263;The Damned
1264;Zapata: El sueÃ±o de un hÃ©roe
1265;Enemy of the State
1266;Bedazzled
1267;The Last Tycoon
1268;It
1269;Major League
127;Above the Law
1270;Wolf
1271;54
1272;What Dreams May Come
1273;Species
1274;Election
1275;The Hunted
1276;Bad Girls
1277;Rio Grande
1278;Alone in the Dark
1279;Carlito's Way
128;Under Siege 2: Dark Territory
1280;Jack
1281;The Vanishing
1282;Head
1283;Dave
1284;Beloved
1285;Firefox
1286;Zvezda
1287;The Dukes of Hazzard
1288;Knock Knock
1289;25th Hour
129;Ticker
1290;Casino
1291;The Frontier
1292;The City
1293;The Trip
1294;Dead Calm
1295;Casper
1296;Red Dragon
1297;Marfa Lights
1298;National Treasure
1299;John Carpenter's Escape from L.A.
13;Glen or Glenda?
130;Strategic Air Command
1300;Fluke
1301;Rob Roy
1302;Free Willy 2: The Adventure Home
1303;Monster's Ball
1304;Mighty Morphin' Power Rangers: The Movie
1305;Anaconda
1306;Speakeasy
1307;Spirit: Stallion of the Cimarron
1308;The Truth About Cats & Dogs
1309;Jeans
131;The Caine Mutiny
1310;Tales from the Crypt presents: Demon Knight
1311;Saved!
1312;Wing Commander
1313;Snatch
1314;Blue Streak
1315;The Stepford Wives
1316;Around the World in 80 Days
1317;Dodgeball: A True Underdog Story
1318;Anchorman: The Legend of Ron Burgundy
1319;King Arthur
132;Adam's Rib
1320;The Adventures of Pinocchio
1321;Lucas
1322;Square Dance
1323;Quadrophenia
1324;Zenon: Girl of the 21st Century
1325;Dynasty: The Reunion
1326;Star Wars: Shadows of the Empire
1327;Mission: Impossible
1328;Control Room
1329;Circus
133;Chinatown
1330;Sleepers
1331;The Exorcist
1332;Young Adam
1333;Dick Tracy
1334;The Jungle Book
1335;When a Man Loves a Woman
1336;Pets or Meat: The Return to Flint
1337;Scooby-Doo 2: Monsters Unleashed
1338;Soldier
1339;National Lampoon's Last Resort
134;Badlands
1340;Behind Enemy Lines
1341;The Princess Diaries 2: Royal Engagement
1342;Posse
1343;Outbreak
1344;More
1345;Agent Cody Banks 2: Destination London
1346;Dr. Dolittle 2
1347;Multiplicity
1348;Short Circuit
1349;1969
135;The Jazz Singer
1350;Welcome Home, Roxy Carmichael
1351;Dumb & Dumber
1352;Blind Date
1353;The Village
1354;Scandal
1355;Peter Pan
1356;En malas compaÃ±Ã­as
1357;Boys Town
1359;Over the Edge
136;Bonnie and Clyde
1360;Scenes from a Marriage
1361;James and the Giant Peach
1362;Die WeiÃe Rose
1363;Amazing Stories
1364;Cliffhanger
1365;Hair
1366;Spring, Summer, Fall, Winter... and Spring
1367;Getting Any?
1368;Brother
137;The General
1370;Homerun
1371;The Dead
1372;Josie and the Pussycats
1373;Bishonen
1374;Mo' Better Blues
1375;Jabberwocky
1376;Phenomenon
1377;Camille Claudel
1378;Dog Park
1379;Bulldog Drummond
138;Jurassic Park
1380;Bulldog Drummond's Third Round
1381;The Witness
1382;Head of State
1383;L'Appartement
1384;The Courtship of Eddie's Father
1385;Come Back to the Five and Dime, Jimmy Dean, Jimmy Dean
1386;Bring It On
1387;The Baby-Sitters Club
1388;Alice in Wonderland
1389;Country
139;McCabe & Mrs. Miller
1390;Sweet Dreams
1391;Anna
1392;Music Box
1393;But I'm a Cheerleader
1394;The Grifters
1395;Mr. & Mrs. Bridge
1396;Indochine
1397;Taking Lives
1398;Father of the Bride
1399;Faster, Pussycat! Kill! Kill!
140;I, the Jury
1400;Wilson
1401;Berserker
1402;Berserker
1403;Suddenly
1404;Whistle!
1405;Promised Land
1406;Phone Booth
1407;Teaching Mrs. Tingle
1408;S.W.A.T.
1409;Tom & Viv
1410;Little Women
1411;Marvin's Room
1412;El Cid
1413;True Colors
1414;Arsenic and Old Lace
1415;New York Minute
1416;Antonia: A Portrait of the Woman
1417;Catwoman
1418;Une robe d'Ã©tÃ©
1419;Princess Nicotine
142;Guess Who's Coming to Dinner
1420;Road
1421;Under My Skin
1422;Olympia
1423;Sophie's World
1424;Omagh
1425;Resident Evil: Apocalypse
1426;61*
1427;Cobb
1428;Spartan
1429;Porky's Duck Hunt
143;Dune
1430;The Navigators
1431;Symbiosis
1432;Total Eclipse
1433;A Midwinter's Tale
1434;Sitcom
1435;Caravan of Courage: An Ewok Adventure
1436;Ewoks: The Battle for Endor
1437;The Black Cauldron
1438;Wonderful Life
1439;La FÃ©e aux Choux
144;Signs
1440;Swiss Family Robinson
1441;Terrorists: The Kids They Sentenced
1442;Ã Hauteur d'homme
1443;Suzhou River
1444;He's a Woman, She's a Man
1445;Once a Thief
1446;Rouge
1447;All's Well, Ends Well
1448;Outland
1449;Double Jeopardy
145;Aladdin
1450;Judgment Night
1451;Dance with a Stranger
1452;Les amitiÃ©s particuliÃ¨res
1453;Twilight
1454;Endless Love
1455;Collateral
1456;Dead Ringers
1457;Edvard Munch
1458;Savior
1459;Alice
146;The Cheat
1460;Alice
1461;åå¹´å¥³åª
1462;10
1463;Culloden
1465;Boiler Room
1466;Fetishes
1467;Kolberg
1468;Point of Order
1469;Young Mr. Lincoln
147;Sullivan's Travels
1470;42nd Street
1471;Sebastian
1472;Babylon 5: The Gathering
1473;Westinghouse Works, 1904
1474;The Libertine
1475;Seduction: The Cruel Woman
1476;Varning fÃ¶r JÃ¶nssonligan
1477;JÃ¶nssonligan och Dynamit-Harry
1478;JÃ¶nssonligan dyker upp igen
1479;JÃ¶nssonligan pÃ¥ Mallorca
148;Civilization
1480;JÃ¶nssonligan och den svarta diamanten
1481;JÃ¶nssonligans stÃ¶rsta kupp
1482;Somebody Up There Likes Me
1483;Brother, Can You Spare a Dime?
1484;Frantic
1485;Zulu
1486;Bettie Page: Dark Angel
1487;Armed and Dangerous
1488;Look Who's Talking
1489;Guinevere
149;Cologne: From the Diary of Ray and Esther
1490;Always
1491;Cyclo
1492;Looney Tunes: Back in Action
1493;Air America
1494;Kama Sutra: A Tale of Love
1496;Tobacco Road
1497;Freeway
1498;Shampoo
1499;The Heartbreak Kid
150;Cops
1500;God's Angry Man
1501;Harry Potter and the Half-Blood Prince
1502;Duck and Cover
1503;Boris and Natasha
1504;The Singing Detective
1505;In the Time of the Butterflies
1507;Crumb
1508;Happiness
1509;Ararat
151;David Holzman's Diary
1510;Stray Dog
1511;The Bourne Supremacy
1512;Sleepover
1513;Tom and Jerry
1514;Quatermass and the Pit
1515;The Gambler
1516;Avalon
1517;Kismet
1518;Papillon
1519;The Count of Monte Cristo
152;Detour
1520;The Count of Monte Cristo
1521;To Wong Foo, Thanks for Everything! Julie Newmar
1522;Harold & Kumar Go to White Castle
1523;1984
1524;Roots
1525;Nineteen Eighty-Four
1526;Spider
1527;This Island Earth
1528;The Crow: City of Angels
1529;The Crow: Salvation
153;Double Indemnity
1530;Ong-Bak: Muay Thai Warrior
1531;Escaflowne
1532;Kronos
1533;Destination Moon
1534;Mannequin
1535;Murphy's War
1536;Gone in Sixty Seconds
1537;Hullabaloo
1538;Breakin' All the Rules
1539;No Way Out
154;E.T. the Extra-Terrestrial
1540;Dans une galaxie prÃ¨s de chez vous
1541;PT 109
1542;Breaker Morant
1543;The Portrait of a Lady
1544;Stitch! The Movie
1545;Gas Light
1546;Celebrity
1548;Spokane
1549;Robots
155;Easy Rider
1550;The Beast from 20,000 Fathoms
1551;Magic
1552;Peyton Place
1553;It! The Terror from Beyond Space
1554;X
1555;Vagabond
1556;Antwone Fisher
1557;Evolution
1558;Public Toilet
1559;Team America: World Police
156;Eaux d'artifice
1560;AVP: Alien vs. Predator
1561;Road House
1562;The Magician
1563;Brewster's Millions
1564;Munna Bhai M.B.B.S.
1565;Spellbound
1566;Foxfire
1567;Caveman
1568;Clockwise
1569;The Three Musketeers
157;El Norte
1570;Chopper
1571;Â¡Three Amigos!
1572;Startup.com
1573;The Emperor's Shadow
1574;Circus
1575;Pennies From Heaven
1576;Win, Lose and Kaboom
1577;1900
1578;Happy Birthday, Wanda June
1579;Casualties of Love: The Long Island Lolita Story
158;The Fall of the House of Usher
1580;Scorpio Rising
1581;Real Life
1582;Chicken
1583;Alice in Wonderland
1584;Berkeley Square
1585;MASH
1586;The Super Dimension Fortress Macross II: Lovers, Again
1587;Daylight
1588;Rugrats Go Wild!
1589;The Gun in Betty Lou's Handbag
159;Fantasia
1590;Â¡VÃ¡monos con Pancho Villa!
1591;I Am Curious
1592;Orlando
1593;All the Queen's Men
1594;Shot
1595;Restless
1596;Dinosaur
1597;Exorcist: The Beginning
1598;Intimacy
1599;Somewhere in Time
16;Insert
160;Fatty's Tintype Tangle
1600;Cars
1601;His Majesty O'Keefe
1602;Legend
1603;Chronos
1604;Cube 2: Hypercube
1605;The Motorcycle Diaries
1606;Rounders
1607;Together
1608;Blink
1609;Sleeping with the Enemy
161;Flash Gordon
1610;The Naked Gun 2Â½: The Smell of Fear
1611;Honey, I Blew Up the Kid
1612;Anacondas: The Hunt for the Blood Orchid
1613;Race for Your Life, Charlie Brown
1614;Lumumba
1615;Casino Royale
1616;Remo Williams: The Adventure Begins
1617;Lovin' Molly
1618;Bat*21
1619;Reign: The Conqueror
162;Frankenstein
1620;Cocoon
1621;Cocoon: The Return
1622;Beyond the Sea
1623;Kelly's Heroes
1624;Taegukgi
1625;In Harm's Way
1626;Urban Legend
1627;Lambada
1628;Revenge
1629;The Wizard
163;Fury
1630;The Sea Hawk
1631;Miracle Mile
1632;About Last Night
1633;Revenge of the Nerds II: Nerds in Paradise
1634;Puttin' on the Ritz
1635;Heavy
1636;North
1637;The Hole
1638;Pushing Hands
1639;Dangerous Curves
164;Man Bites Dog
1640;The Pleasure Garden
1641;The Green Mile
1642;What About Bob?
1643;Mystery Science Theater 3000: The Movie
1644;House on Haunted Hill
1645;Mr. Destiny
1646;The Manchurian Candidate
1647;Judith Krantz's Till We Meet Again
1648;Mr. Nice Guy
1649;Sister Act 2: Back in the Habit
165;Six Degrees of Separation
1650;I Know Where I'm Going!
1651;Angus
1652;Hey Arnold!: The Movie
1653;Swimming Pool
1654;The Haunting
1655;Lost Boys of Sudan
1656;Izzy & Moe
1657;Cheaters
1658;The Taking of Pelham One Two Three
1659;The Haunting
166;The Cruise
1660;Tanga
1661;Cats & Dogs
1662;Tequila Sunrise
1663;Elektra
1664;SST: Death Flight
1665;Tall Tale
1666;Congo
1667;Battle of the Bulge
1668;Mermaids
1669;House of Wax
167;Grass
1670;Fathers' Day
1671;Midway
1672;Flirting
1673;Titus
1674;Swordfish
1675;The Bourne Identity
1676;Barbarians at the Gate
1677;The Guardian
1678;Hustle
1679;Summer School
168;The Great Train Robbery
1680;( )
1681;Edge of Darkness
1682;Event Horizon
1683;Grand Prix
1684;Twisted
1685;Blue Desert
1686;Millennium
1687;Shaft
1688;Churchill: The Hollywood Years
1689;Old School
169;Greed
1690;Heroism
1691;Never Say Die
1692;Vampires
1693;Mrs. Parker and the Vicious Circle
1694;Babette's Feast
1695;Sex: The Annabel Chong Story
1696;World's Biggest Gang Bang
1697;Tape
1698;State of Grace
1699;Robin Hood
17;Ice Age
170;Hell's Hinges
1700;Peter Pan
1701;Watership Down
1702;John Carter of Mars
1703;The Hitchhiker's Guide to the Galaxy
1704;Mortal Kombat
1705;Pitch
1706;Premise
1707;Sybil
1708;Top Secret!
1709;Full Frontal
171;High School
1710;CLANNAD
1711;What the #$*! Do We Know!?
1712;Sequence
1713;Air
1714;Vanity Fair
1715;Cyberman
1716;Wimbledon
1717;Where's Charley?
1718;Hollywood
1719;Ratatouille
172;Andromeda
1720;Dark Days
1721;Rock 'n' Roll High School
1722;Gothic
1723;Hawks
1724;Bocaccio '70
1725;Ray
1726;Broken Arrow
1727;Broken Arrow
1728;Downfall
1729;By Dawn's Early Light
173;Hospital
1730;Ett hÃ¥l i mitt hjÃ¤rta
1731;Hired!
1732;Ransom
1733;Look Who's Talking Too
1734;Pirates of the Caribbean: Dead Man's Chest
1735;UngekÃ¼sst soll man nicht schlafen gehn
1736;Everyone's Child
1737;Mon oncle d'AmÃ©rique
1738;Black Sabbath
1739;Nam's Angels
174;How the West Was Won
1740;Mambo Italiano
1741;Sirens
1742;Chairman of the Board
1743;Fight Club
1744;Wicker Park
1746;The Gate
1747;The Farmer's Wife
1748;Screamers
1749;Little Nicky
175;Brazil
1750;A Lonesome, Final Battle: The Father of Z-Warrior Son GokÅ«, who Challenged Freeza
1751;Pianese Nunzio, 14 anni a maggio
1752;Passenger
1753;Somersault
1754;Pretty Baby
1755;JÃ¶nssonligan fÃ¥r guldfeber
1756;JÃ¶nssonligan spelar hÃ¶gt
1757;Ãsa-Nisse
1759;Glitter
176;The Italian
1760;AI
1761;Out of the Blue
1762;White Fang
1763;First Daughter
1764;Baseball
1765;The Final Cut
1766;The House of the Spirits
1767;The Immoral Mr. Teas
1768;Angel's Egg
1769;Fat Pizza: The Movie
177;Jam Session
1770;Winchester '73
1771;Saw
1772;Once Upon a Crime...
1773;Elizabeth: The Golden Age
1774;I Yabba-Dabba Do!
1775;Devil's Playground
1776;Flash Gordon's Trip to Mars
1777;God's Army
1778;Meteor
1779;City Hall
178;Jammin' the Blues
1780;Bushido Blade
1781;Flesh & Blood
1782;[[Russian language|Russian]]
1783;My Boyfriend's Back
1784;Laughing Gas
1785;Rabbit Test
1786;Beowulf
1787;Resident Evil
1788;U.F.O.
1789;FahrenHYPE 9/11
179;Jaws
1790;KanaÅ
1791;The Hand That Rocks the Cradle
1792;Big Momma's House
1793;Amerika
1794;Ned Kelly
1795;My Dog Skip
1796;Black Sheep
1797;Blank Check
1798;Cecil B. Demented
1799;Heavy Weights
18;King Kong
180;Jazz on a Summer's Day
1800;Rikishi
1801;Stalingrad
1802;Batman Beyond: Return of the Joker
1803;Madhouse
1804;Cellular
1805;I â¥ Huckabees
1806;Abraham Lincoln
1807;Layer Cake
1808;Ocean's Twelve
1809;Dracula
181;King: a Filmed Record...Montgomery To Memphis
1810;Speed 2: Cruise Control
1811;Hot Shots!
1812;Dracula
1813;Black Sun
1814;MÃ¤nner wie wir
1815;Rollerball
1816;Rollerball
1817;She's All That
1818;Clean
1819;PokÃ©mon: Destiny Deoxys
182;The Last of the Mohicans
1820;Paper Moon
1821;History Is Made at Night
1822;Primal Fear
1823;Mike Bassett: England Manager
1824;Kurt & Courtney
1825;Cat People
1826;Bombay
1827;Gidget
1828;Bells Are Ringing
1829;Everyman's Feast
183;Laura
1830;Anna Karenina
1831;Good Morning
1832;Monsignor
1833;Deathtrap
1834;Morgan Stewart's Coming Home
1835;Rebirth of Fusion!! GokÅ« and Vegeta!!
1836;Woodstock
1837;Metroland
1838;Amadeus
1839;The Skulls
184;Let's All Go to the Lobby
1840;Je t'aime John Wayne
1841;P.S.
1842;The Island
1843;Mishima: A Life in Four Chapters
1844;Dead Zone
1845;Tales from the Crypt
1846;Shall We Dance?
1847;Radio Flyer
1848;Something Wild
1849;Scooby-Doo
185;The Life and Death of 9413: a Hollywood Extra
1850;Making Mr. Right
1851;Soul Food
1852;Phoenix
1853;L'Atlantide
1854;Oliver's Story
1855;The Three Marias
1856;Airport '77
1857;Mobile Suit Gundam SEED: Special Edition
1858;The Story of G.I. Joe
1859;The X Files
186;The Life and Time of Rosie the Riveter
1860;Once a Thief
1861;Samsara
1863;Don't Hang Up, Tough Guy!
1864;DÃ¼nyayÄ± Kurtaran Adam
1865;Quill
1866;The Mark of Zorro
1867;The Mark of Zorro
1868;The Draughtsman's Contract
1869;Turkish Delight
187;Manhattan
1870;Robin Hood
1871;SuperBabies: Baby Geniuses 2
1872;Revenge of the Nerds III: The Next Generation
1873;Revenge of the Nerds IV: Nerds in Love
1874;Scrooge
1875;Knots Landing: Back to the Cul-de-Sac
1876;Atlantis
1877;Atlantis: Milo's Return
1878;The Guru
1879;Alfie
188;March of Time: Inside Nazi Germany--1938
1880;Go
1881;I Confess
1882;Mr. Mike's Mondo Video
1883;The Rutles
1884;Bongwater
1885;Asoka
1886;Carrington V.C.
1887;Ring 0: Birthday
1888;Kung Pow! Enter the Fist
1889;Idiot's Delight
189;Marian Anderson: the Lincoln Memorial Concert
1890;The Last Command
1891;Let's Rock
1892;Don't Knock the Rock
1893;Enigma
1894;Killer's Kiss
1895;Brainstorm
1896;Marie Antoinette
1897;Birth
1898;Silsila
1899;Geronimo's Last Raid
19;LÃ©on
190;The Miracle of Morgan's Creek
1900;Kinsey
1901;Cliff 'em All
1902;Micki + Maude
1903;Police Academy 2: Their First Assignment
1904;Tanner '88
1905;Lone Star
1906;Augustin, King of Kung-Fu
1907;Contempt
1908;CÃ©line et Julie vont En Bateau
1909;Bedazzled
191;Modern Times
1910;Bulletproof
1911;Blackrock
1912;L'Amour fou
1913;Georgia
1914;The Grave
1915;Ãyle Bir KadÄ±n Ki
1916;Timeline
1917;Planet of the Apes
1919;Gold Diggers of '49
192;Morocco
1920;Bagdad
1921;Shock
1922;National Lampoon's Christmas Vacation
1923;Mr. Majestyk
1924;Unfaithful
1925;National Lampoon's Van Wilder
1926;Dragonfly
1927;What a Girl Wants
1928;Goodbye, Mr. Chips
1929;[[Japanese language|Japanese]]
193;Motion Painting No. 1
1930;The Great Escape II: The Untold Story
1931;A Sound of Thunder
1932;The Mother
1933;Paparazzi
1934;Willard
1935;Crossroads
1936;Thirteen Days
1937;Blade: Trinity
1938;Daredevil
1939;The Messenger: The Story of Joan of Arc
194;Suspicion
1940;Elektra
1941;Caravaggio
1942;Dead End
1943;It's a Very Merry Muppet Christmas Movie
1944;Around the World in Eighty Days
1945;Concrete
1947;The Misfits
1948;Some Kind of Monster
1949;Primer
195;Nashville
1950;Don't Let It Get You
1951;The Blue Lagoon
1952;The Secret Garden
1953;Pizza
1954;Yu Yu Hakusho: Poltergeist Report
1955;Alexander
1956;True Stories
1957;Come and Get It
1958;O
196;National Lampoon's Animal House
1960;Bonjour tristesse
1961;Henry: Portrait Of A Serial Killer
1962;The Green Berets
1963;Delgo
1964;Submission
1965;Me, Myself & Irene
1966;Industrial Symphony No. 1
1967;I'm A Juvenile Delinquent - Jail Me!
1968;Calamity Jane
1969;Ilsa: She-Wolf of the SS
197;A Night at the Opera
1970;Forbidden Forest
1971;Diner
1972;Fallen
1973;Antitrust
1974;Troll Bridge
1975;3: The Dale Earnhardt Story
1976;Tierra
1977;Universe
1978;Bridget Jones: The Edge of Reason
1979;Jud SÃ¼Ã
198;The Night of the Hunter
1980;King of the Hill
1981;Conspiracy
1982;What's Up, Doc?
1983;Pettin' in the Park
1984;Jackass: The Movie
1985;Closer
1986;K-9
1987;Tonite Let's All Make Love in London
1988;Road Trip
1989;Darkness Falls
199;Rope
1990;Identity
1991;Ginger Snaps 2: Unleashed
1992;Kiss the Girls
1993;All the King's Men
1994;Mifune's Last Song
1995;Mickey's Twice Upon a Christmas
1996;Stigmata
1997;Mimic
1998;Double Tap
1999;Goodbye, Mr. Chips
2;Batman
20;Manufacturing Consent: Noam Chomsky and the Media
200;Z
2000;Sink the Bismarck!
2001;[[Voodoo Academy]]
2002;Riding the Bullet
2003;The Way of All Flesh
2004;Scrooge
2005;Hero
2006;The Line, the Cross and the Curve
2007;Fahrenheit 9/11Â½
2008;Scratch
2009;The Enforcer
201;La Reine Margot
2010;Heart of Glass
2012;Override
2013;Teddy Bear
2014;The Shining
2015;Born in East L.A.
2016;Ecstasy
2017;The Big Bounce
2018;Book of Shadows: Blair Witch 2
2019;Intermission
202;Ran
2020;Presumed Innocent
2021;Imagining Argentina
2022;Hide and Seek
2023;Godzilla
2024;Wilde
2025;Robotech: The Shadow Chronicles
2026;CKY
2027;How to Kill Your Neighbor's Dog
2028;The Order
2029;The Order
203;Planet of the Apes
2030;Chicken Little
2031;Oliver Twist
2032;Domino
2033;Baywatch: Hawaiian Wedding
2034;Hype!
2035;2010: The Year We Make Contact
2036;Car Wash
2037;The Shining
2038;Rules of Engagement
2039;Aces High
204;Poor Little Rich Girl
2040;Bright Eyes
2041;Provocateur
2042;King Rat
2043;Jin-Roh: The Wolf Brigade
2044;King David
2045;Titanic
2046;Puss in Boots
2047;That Darn Cat!
2048;Trick... or Treat?
2049;"From Time to Time/""De Temps en Temps"""
205;The Producers
2050;I, Claudia
2051;Castaway
2052;The Fan
2053;The Broken Hearts Club: A Romantic Comedy
2054;High Voltage
2055;World War III
2056;The Testaments: Of One Fold and One Shepherd
2057;Look at Me
2058;Someone Like You
2059;Prey for Rock & Roll
206;Red River
2060;The Little Rascals
2061;Constantine
2062;Nu, pogodi!
2063;Queen Bee
2064;Geri's Game
2065;Gumshoe
2066;Homeward Bound: The Incredible Journey
2067;Weekend at Bernie's II
2068;Bagi, the Monster of Mighty Nature
2069;The Killing Fields
207;Regeneration
2070;Devil's Gate
2071;Oliver Twist
2072;Shogun
2073;Von Ryan's Express
2074;That's Entertainment!
2075;That's Entertainment III
2076;That's Dancing!
2077;Young Dr. Kildare
2078;Junior
2079;Tommy
208;The River
2080;Vincent
2081;Dunkirk
2082;Curdled
2083;My Best Friend's Birthday
2084;That Was Then... This Is Now
2085;Nowhere
2086;Face to Face
2087;Central do Brasil
2088;Pigskin Parade
2089;Topper
209;Safety Last!
2090;Beauty and the Beast
2091;Penn & Teller Get Killed
2092;No Retreat, No Surrender
2093;Silver City
2094;Lemony Snicket's A Series of Unfortunate Events
2095;All's Well, Ends Well Too
2096;Monkey Business
2097;Boundin'
2098;New York, New York
2099;Hellzapoppin'
21;Mulholland Drive
210;Salesman
2100;For Love of the Game
2101;Patch Adams
2102;Project X
2103;Sugar & Spice
2104;Uzumaki
2105;Twins
2106;Weekend at Bernie's
2107;Gettysburg
2108;Dumb & Dumberer
2109;Empire
211;SalomÃ©
2110;Blackmail
2111;Anne of Green Gables
2112;Anne of Avonlea
2113;Sweet Sweetback's Baadasssss Song
2114;BAADASSSSS!
2115;I'm All Right Jack
2116;Enigma
2117;Erin Brockovich
2118;Yu-Gi-Oh! The Movie: Pyramid of Light
2119;Tobruk
212;Scarface
2120;Les bons dÃ©barras
2121;Mockingbird Don't Sing
2122;Creep
2123;Heimat
2124;Batman & Mr. Freeze: SubZero
2125;Mary Shelley's Frankenstein
2126;Kahin to Hogaa
2127;Gray's Anatomy
2128;Knife in the Water
2129;Leo
213;The Searchers
2130;Foxfire
2131;Bottle Rocket
2132;Sneakers
2133;Godzilla, Mothra and King Ghidorah: Giant Monsters All-Out Attack
2134;Cursed
2135;Shivers
2136;Night of the Living Dead
2137;Thursday
2138;Scared Straight!
2139;Candyman
214;Shadows
2140;Nobody's Perfect
2141;Rebecca
2142;Agent Orange
2143;King of Kings
2144;Les MisÃ©rables
2145;Candy
2146;Fast Foods
2147;Hostage
2148;The Others
2149;East is East
215;Shaft
2150;L'Auberge espagnole
2151;Kwaidan
2152;Street Fighter
2153;Phantom of the Opera
2154;Polyester
2155;Contraband
2156;Gone to Earth
2157;The Tales of Hoffmann
2158;Oh... Rosalinda!!
2159;Spanglish
216;Sherlock, Jr.
2160;Cheech & Chong's Up in Smoke
2161;Patterns
2162;Cheech & Chong's Next Movie
2163;Vampire Hunter D: Bloodlust
2164;Oi! Warning
2165;Room Service
2166;Saps at Sea
2167;Anatomy
2168;Charlie and the Chocolate Factory
2169;See No Evil
217;Sherman's March
2170;Smilla's Sense of Snow
2171;Exiled: A Law & Order Movie
2172;In My Father's Den
2173;Free, White and 21
2174;Hell's Angels
2175;Pop 'im Pop
2176;Anne of Green Gables: The Continuing Story
2177;F/X
2178;Ballistic: Ecks vs. Sever
2179;Dreamscape
218;Show Boat
2180;Ollie Hopnoodle's Haven of Bliss
2181;Vanity Fair
2182;Booty Call
2183;NS-5
2184;Into the West
2185;Godzilla: Tokyo SOS
2186;Santa's Slay
2187;The Squawkin' Hawk
2188;Crossroads
2189;A Christmas Carol
219;Sky High
2190;Blue Skies
2191;M
2192;C.H.U.D.
2193;Edward II
2194;Island in the Sun
2195;Witchfinder General
2196;Sphere
2197;Don's Plum
2198;Legong: Dance of the Virgins
2199;Batoru rowaiaru II: Chinkonka
22;O Brother, Where Art Thou?
220;Snow White
2200;Raw Deal
2201;The Gift
2202;It's a Gift
2203;The 5,000 Fingers of Dr. T
2204;Clash!! 10,000,000,000 Powerful Warriors
2205;American Girl
2206;Crimson Tide
2207;Twilight Zone: The Movie
2208;Godzilla: Final Wars
221;Snow White and the Seven Dwarfs
2210;Shall We Dance
2211;Made
2212;Grande Ãcole
2213;Gremlins 2: The New Batch
2214;Merlin
2215;Mujhse Dosti Karoge!
2216;Cloak & Dagger
2217;Zameen
2218;1941
2219;Bananas
222;Sunset Boulevard
2220;Dr. Caligari
2221;Thief
2222;White Noise
2223;First Daughter
2224;Brave
2225;Exodus
2226;It's Impossible to Learn to Plow by Reading Books
2227;Sin City
2228;Warlock
2229;Backlash
223;Tabu
2230;Mandingo
2231;Birdy
2232;Godzilla 2000: Millennium
2233;Visitors
2234;Popeye
2235;Strange Days
2236;Flipper
2237;The Longest Day
2238;The Alamo
2239;The Alamo: Thirteen Days to Glory
224;The Tell-Tale Heart
2240;The Alamo
2241;The Alamo
2242;Fanny
2243;Ben-Hur
2244;Ben Hur
2245;Ben-Hur
2246;Ben Hur
2247;Don't Move
2248;Faust
2249;Kalapani
225;The Ten Commandments
2250;Algiers
2251;Richard III
2252;Othello
2253;Heist
2254;El Dorado
2255;The Kid
2256;The Kid
2257;The Kid
2258;Puppet Master
2259;Emma
226;The Thief of Bagdad
2260;Joan of Arc
2261;The Protector
2262;The Librarian
2263;Home Movies
2264;Porky's Hare Hunt
2265;A Doll's House
2266;The Chronicles of Riddick: Dark Fury
2267;The War at Home
2268;Das Testament des Dr. Mabuse
2269;King of Kings
227;The Thing
2270;Gregory's Girl
2271;BMX Bandits
2272;Ghost Ship
2273;The Pledge
2274;The Golden Compass
2275;Les liaisons dangereuses
2276;Homeboy
2277;Sabrina
2278;Sabrina
2279;Love Field
228;To Be or Not to Be
2280;H.G. Wells' The War of the Worlds
2281;Obsession
2282;Vanishing Point
2283;The Blue Light
2284;Rad
2285;Kentucky
2286;The Hurricane
2287;Tortilla Flat
2288;Sahara
2289;8mm
229;To Fly!
2290;Marat/Sade
2291;The Luck of the Irish
2292;My Cousin Rachel
2294;Trial
2295;Teacher's Pet
2296;The Brothers Karamazov
2297;Murder, Inc.
2298;Captain Newman, M.D.
2299;The Best Man
23;Original Sin
230;Topaz
2300;Bob & Carol & Ted & Alice
2301;Blueprint
2302;Cross Creek
2303;Greystoke - The Legend of Tarzan, Lord of the Apes
2304;Jagged Edge
2305;Little Dorrit
2306;Running on Empty
2307;Tucker: The Man and His Dream
2308;Mr. Saturday Night
2309;The Fog of War: Eleven Lessons from the Life of Robert S. McNamara
231;Twelve O'Clock High
2310;Juarez
2311;PiÃ±ero
2312;I Haven't Got a Hat
2313;The Stepfather
2314;Cul-de-Sac
2315;Celsius 41.11: The Temperature at Which the Brain... Begins to Die
2316;The Saint's Return
2317;The Fox and the Hound
2318;The Rebel
2319;Immortel
232;The Transformers: The Movie
2320;Darkness
2321;The Cheetah Girls
2322;Dirty Dancing
2323;My Family
2324;Levity
2325;Continental Divide
2326;Smallpox
2327;Out Cold
2328;Tom and Jerry: The Movie
2329;Silmido
233;It's a Mad, Mad, Mad, Mad World
2330;Georgia
2331;My Blue Heaven
2332;BÃ©bÃ©'s Kids
2333;The Pure Hell of St Trinian's
2334;The Belles of St Trinian's
2335;Blue Murder at St Trinian's
2336;The Great St Trinian's Train Robbery
2337;Private's Progress
2338;Whatever Happened to Harold Smith?
2339;Freedomland
234;Vertigo
2340;Pigs Is Pigs
2341;Category 6: Day of Destruction
2342;If I Were a Rich Man
2343;Under the Tuscan Sun
2344;Dude, Where's My Car?
2345;Wannabe
2346;Double Vision
2347;Basic
2348;Ned Kelly
2349;Our Town
235;What's Opera, Doc?
2350;Jezebel
2351;Key Largo
2352;Les HÃ©ritiers
2353;Spawn
2354;Roadkill
2355;Assault on Precinct 13
2356;Alexandra's Project
2357;Assault on Precinct 13
2358;Are We There Yet
2359;Brigham City
236;Where Are My Children?
2360;Max
2361;Groove
2362;Home
2363;Osama
2364;The Keep
2365;Swing Out, Sister
2366;Dick
2367;The Cruel Sea
2368;The R.M.
2369;The Rules of Attraction
237;Will Success Spoil Rock Hunter?
2370;Don't Look Now
2371;Fever Pitch
2372;Shatranj Ke Khiladi
2373;Game Over: Kasparov and the Machine
2374;Endgame
2375;Andrei Rublev
2376;The Navigator: A Medieval Odyssey
2377;Slap Shot
2378;Fat Albert
2379;Mephisto
2380;Zhou Yu's Train
2381;What's New Pussycat?
2382;Hot Shots! Part Deux
2383;The Incredible Mr. Limpet
2384;The Power and the Glory
2385;The Brothers
2386;Veronica Guerin
2387;Liberty!
2388;Who Is Harry Kellerman and Why Is He Saying Those Terrible Things About Me?
2389;Shaft's Big Score
239;Oklahoma
2390;The French as seen by...
2391;Martha, Meet Frank, Daniel and Laurence
2392;PrÃ¼fstand VII
2393;The Last of the Mohicans
2394;Kes
2395;Whisky Galore!
2396;Performance
2397;Distant Voices, Still Lives
2398;Small Faces
2399;Life Is Sweet
24;Psycho
240;The Pied Piper
2400;Genevieve
2401;Lorenzo
2402;Ryan
2403;L'ArrivÃ©e d'un train en gare de la Ciotat
2404;Hakuchi
2405;Committed
2406;Yesterday
2407;The Delinquents
2408;The Real McCoy
2409;Aftershock: Earthquake in New York
241;Wake Island
2410;Anjali
2411;Body Double
2412;Uprising
2413;Merlin's Shop of Mystical Wonders
2414;The Cruise
2415;Doug's 1st Movie
2416;Swing Kids
2418;A Brief History of Time
2419;Jim Henson's Muppet*Vision 3D
242;Heaven Can Wait
2420;John Carpenter's The Fog
2421;The Professionals
2422;Rappin'
2423;Cuckoo
2424;More
2425;Fever Pitch
2426;Robotix
2427;The Brave Little Toaster
2428;Point Blank
2429;Nothing Lasts Forever
243;Madame Curie
2430;Children of Dune
2431;Normal
2432;An American Tail: Fievel Goes West
2433;Digimon: Digital Monsters
2434;The Finest Hour
2435;The Clan of the Cave Bear
2436;Ulysses
2437;LimonÃ¡dovÃ½ Joe
2438;The Osterman Weekend
2439;The Running Jumping & Standing Still Film
244;The Song of Bernadette
2440;The Fiendish Plot of Dr. Fu Manchu
2441;Boogeyman
2442;Solaris
2443;Smoke Signals
2445;Rick
2446;Man of the House
2447;Meatballs
2448;McLintock!
2449;Sabretooth
245;Wayne's World
2450;Northwest Passage
2451;Underworld: Evolution
2452;Serendipity
2453;Floris
2454;Dirty Mary, Crazy Larry
2455;Flower & Garnet
2456;The Oil, the Baby and the Transylvanians
2457;Inchon
2458;The Great Waltz
2459;So Proudly We Hail!
246;Hans Christian Andersen
2460;Battle Cry
2461;Gunfight at the O.K. Corral
2462;Perfect Strangers
2463;Perfect Strangers
2464;Perfect Strangers
2465;The Mask
2466;RiÂ¢hie RiÂ¢h
2467;Diva
2468;Chain Reaction
2469;Eulogy
247;Mary Poppins
2470;Balto
2471;Lolita
2472;Killdozer
2473;PokÃ©mon: Legend Comes to Life
2474;Baby's Day Out
2475;Very Nice, Very Nice
2476;Red Planet
2477;The Crucible
2478;Lean on Me
2479;Boys Life 4:Four Play
248;Anchors Aweigh
2480;Patty
2481;Everything You Always Wanted to Know About Sex (But Were Afraid to Ask)
2482;Pooh's Heffalump Movie
2483;The Muppets' Wizard of Oz
2484;The Temptations
2485;Home Fries
2486;Rent
2487;Body and Soul
2488;Body and Soul
2489;Get Over It
249;The Bells of St. Mary's
2490;Babes in Toyland
2491;Hawmps!
2492;The Wash
2493;Billing
2494;Mostly Martha
2495;Hips, Hips, Hooray!
2496;Monument Ave.
2497;Rugrats in Paris: The Movie
2498;The Dreamer of Oz: The L. Frank Baum Story
2499;Fantastic Four
250;Johnny Mnemonic
2500;Sisters
2501;The Serpent's Egg
2502;Trinity
2503;Anthropophagous
2504;Sahara
2505;Sahara
2506;Hitch
2507;Dancin' Thru the Dark
2508;Ãnimas Trujano
2509;Lifeforce
251;Spellbound
2510;Deterrence
2511;Gamera vs. Guiron
2512;The Men Who Tread On the Tiger's Tail
2513;PCU
2514;Rock Star
2515;She's Having a Baby
2516;Holocaust
2517;Inferno
2518;Le DÃ©clin de l'empire amÃ©ricain
2519;Foxy Brown
252;Henry V
2520;PokÃ©mon: Jirachi Wishmaker
2521;Yours, Mine and Ours
2522;Vera Cruz
2523;Rabbits
2524;She's Gotta Have It
2525;Beat the Devil
2526;Heaven & Earth
2527;7:35 de la MaÃ±ana
2528;Herbie: Fully Loaded
2529;Hitler, Beast of Berlin
253;The Yearling
2530;Born into Brothels: Calcutta's Red Light Kids
2531;Faust
2532;Invasion U.S.A.
2533;Que Ã Isso, Companheiro?
2534;Dolphins
2535;Snake Eyes
2536;The Human Condition
2538;PokÃ©mon: Lucario and the Mystery of Mew
2539;Forever Young
254;The Bishop's Wife
2540;Detroit Rock City
2541;Manhattan Project
2542;Pump Up the Volume
2543;Burn Up!! A Close, Intense, Super-Fierce Battle
2544;The Saint
2545;Swept Away
2546;Salvador DalÃ­
2547;Care Bears Movie II: A New Generation
2548;The Set-Up
2549;The Hills Have Eyes
255;Hamlet
2550;Mr. & Mrs. Smith
2551;Eragon
2552;Mangal Pandey: The Rising
2553;Liebestraum
2554;The Jacksons: An American Dream
2555;I'm Gonna Git You Sucka
2556;Saboteur
2557;Red vs. Blue
256;Battleground
257;Father of the Bride
258;King Solomon's Mines
259;Rio Bravo
260;Julius Caesar
261;Witness
262;The Lady Vanishes
263;The Craft
264;Stand by Me
265;Halloween
266;Ferris Bueller's Day Off
267;Star Trek IV: The Voyage Home
268;China O'Brien
27;Star Trek: Generations
270;Dodge City
271;Out of Africa
272;Three Coins in the Fountain
273;Love Is a Many-Splendored Thing
274;Picnic
275;Friendly Persuasion
276;Giant
277;Heaven's Gate
278;Blow
279;Tom Jones
28;Star Trek: First Contact
280;Darling
281;The Swan
282;Roger & Me
283;The Russians Are Coming, the Russians Are Coming
284;The Sand Pebbles
285;Dogma
286;Doctor Dolittle
287;Romeo and Juliet
289;Speed
29;Star Trek II: The Wrath of Khan
290;Pearl Harbor
291;Patton
292;Airport
293;The French Connection
294;Cabin Boy
295;Party Girl
296;Hamlet
297;Hamlet
298;Hamlet
299;Network
3;Batman
30;Split screen
300;The English Patient
301;Michael Collins
302;That Thing You Do!
303;Heaven Can Wait
304;Midnight Express
305;Dead Men Don't Wear Plaid
306;Royal Space Force: The Wings of Honneamise
307;The Class of Nuke 'Em High
308;Tromeo & Juliet
309;Trainspotting
31;Stargate
311;Coal Miner's Daughter
312;The Elephant Man
313;Atlantic City
314;Missing
315;Mr. Magoo's Christmas Carol
316;Dragnet
317;A Soldier's Story
318;Prizzi's Honor
319;Platoon
32;The Rock
320;Scream
321;Topkapi
322;Uranus
323;Fail-Safe
324;Jailhouse Rock
326;Broadcast News
327;My Left Foot
328;Ghost
329;The Godfather Part III
33;Terminator 2: Judgment Day
330;Beauty and the Beast
331;Howards End
332;Poltergeist
333;Minority Report
334;A.I.
335;Groundhog Day
336;Apollo 13
337;Babe
338;Sense and Sensibility
339;Fargo
34;John Carpenter's The Thing
340;Shine
341;Elizabeth
342;The Thin Red Line
343;The Insider
344;Moulin Rouge!
345;Braindead
346;The Circus
347;Thunderbolt
348;Bulldog Drummond
349;Condemned
35;Trekkies
350;Thunderbolt
351;The War of the Worlds
353;The Boys from Brazil
354;Alphaville
355;Conspiracy Theory
356;Dr. Jekyll and Mr. Hyde
357;Star Trek V: The Final Frontier
358;The Face Behind the Mask
359;Abe Lincoln in Illinois
36;The Princess Bride
360;The Gospel According to St. Matthew
361;Darby O'Gill and the Little People
362;Spider-Man
363;Shoah
364;Laputa: Castle in the Sky
365;Wayne's World 2
366;Austin Powers: Goldmember
367;Austin Powers: International Man of Mystery
368;Donovan's Reef
369;Trent's Last Case
37;Tenchi Muyo!
370;Film
371;Les Diaboliques
372;It's the Great Pumpkin, Charlie Brown
373;Blue
374;Three Colors: Blue
375;Champion
376;Quo Vadis
377;Ocean's Eleven
378;Three Colors: White
379;Three Colors: Red
38;U-571
380;Heavy Metal
381;Blue
382;Blue
383;Time After Time
385;Baby Boy
386;Viva Zapata!
387;Star Trek Nemesis
388;Star Trek: Insurrection
389;Aguirre, der Zorn Gottes
39;Wild Strawberries
390;Bill & Ted's Excellent Adventure
391;You've Got Mail
392;Max Keeble's Big Move
393;High Fidelity
394;Star Trek VI: The Undiscovered Country
395;The Adventures of Robinson Crusoe
396;Love Me or Leave Me
397;Lust for Life
399;Days of Wine and Roses
4;Batman & Robin
400;Hud
401;The Fixer
402;Jerky Boys: The Movie
403;The Hostage
404;Sleuth
405;Ronin
406;Julia
407;Mobile Suit Gundam: Char's Counterattack
408;Give 'em Hell, Harry!
409;Percy
41;Waterloo
410;...And Justice for All
411;Tribute
412;Arthur
413;Love and Kisses
414;Reign of Fire
415;Lilo & Stitch
416;Hercules
417;The Black Stallion
418;Lady Windermere's Fan
419;Star Theatre
42;The War of the Roses
420;Theodore Case Sound Test: Gus Visser and his Singing Duck
421;Queer as Folk
422;In & Out
423;Victim
424;Spartacus
425;Men in Black
426;P.S. Your Cat Is Dead
427;Lady Caroline Lamb
429;Reuben, Reuben
43;2001: A Space Odyssey
430;Starman
431;Murphy's Romance
432;Runaway Train
433;Round Midnight
434;Mona Lisa
435;Salvador
436;Truly, Madly, Deeply
437;Friday the 13th
438;Friday
439;The Dam Busters
44;Traffic
440;Harvey
441;Henry V
442;Cape Fear
443;Cape Fear
444;Restoration
445;The Fisher King
446;Chaplin
447;What's Love Got to Do with It
448;Nobody's Fool
449;Mr. Holland's Opus
45;JFK
450;Nixon
451;The People vs. Larry Flynt
452;Ulee's Gold
453;Affliction
454;The Hurricane
455;Pollock
456;Ali
457;Coquette
458;Madame X
459;The Letter
46;Gentleman's Agreement
460;The Letter
461;Cobra
462;Fuji
463;The Lord of the Rings: The Fellowship of the Ring
464;The Lord of the Rings: The Two Towers
465;The Lord of the Rings: The Return of the King
466;Night and Fog
467;Oh! What a Lovely War
468;Willy Wonka & the Chocolate Factory
469;The Devil's Holiday
47;Crossfire
470;Anarchists
471;Human Remains
472;Romance
473;Holiday
474;Morning Glory
475;Dangerous
476;Becky Sharp
477;Labyrinth
478;Human Nature
479;Top Gun
48;Anywhere But Here
480;Ring
481;Three Comrades
482;Now, Voyager
483;Love Letters
484;Lady Jane
485;The Edge
486;ç«åãã®å¢
487;To Sir, with Love
488;SLC Punk!
489;The Urethra Chronicles II: Harder Faster Faster Harder
49;Chang
490;For Love or Country: The Arturo Sandoval Story
491;Hamam
492;Baraka
493;To Each His Own
494;The Farmer's Daughter
495;Possessed
496;Smash-Up, the Story of a Woman
497;Sorry, Wrong Number
498;My Foolish Heart
499;Edward, My Son
50;Gulliver's Travels
500;Paradise Lost 2: Revelations
501;Paradise Lost: The Child Murders at Robin Hood Hills
502;Iris
503;Happy Together
504;09-nov
505;Pinocchio
506;Come Back, Little Sheba
507;The Star
508;With a Song in My Heart
509;Rashomon
51;K-19: The Widowmaker
510;The Battle of the River Plate
511;Underground
512;Intolerance
513;Who Am I?
514;I'll Cry Tomorrow
515;Summertime
516;Anastasia
517;The Rainmaker
518;Three Kings
519;Heaven Knows, Mr. Allison
52;Lawrence of Arabia
520;I Want to Live!
521;Pillow Talk
522;The Flintstones
523;Superfly
524;NapolÃ©on
525;International Supervideos!
526;Chicago
527;Willow
528;Adaptation
529;Chicago
53;Heat
531;Romy and Michele's High School Reunion
532;Romeo + Juliet
533;Spy Kids 2: Island Of Lost Dreams
534;Starship Troopers
535;The League of Gentlemen
536;Notting Hill
537;You Don't Know What You're Doin'!
538;Jubilee
539;Long Day's Journey Into Night
54;American Beauty
540;Deliverance
541;Star Trek III: The Search for Spock
542;The Club
543;Point of No Return
544;Ghost of A Lovely Maiden
545;Gerry
547;Super Mario Bros.
548;Alice in Wonderland
549;Ragtime
55;San Francisco
550;DuckTales the Movie: Treasure of the Lost Lamp
551;Alien: Resurrection
552;AlienÂ³
553;No Man's Land
554;The Replacements
555;2046
556;Aliens
557;Morgan: A Suitable Case for Treatment
558;L'Ãge d'Or
56;Where the Heart Is
560;They Shoot Horses, Don't They?
561;Women in Love
562;Ryan's Daughter
563;Buffalo '66
564;The Blue Bird
565;Diamonds
566;The Pianist
567;The Pianist
568;Â¡Ãtame!
569;Twentieth Century
57;Green Card
570;Six O'Clock News
571;Mary, Queen of Scots
572;The Price of Milk
573;Summer Wishes, Winter Dreams
574;Alice Doesn't Live Here Anymore
575;Claudine
576;Hedda
577;Cousin, cousine
578;Terminator 3: Rise of the Machines
579;Purple Rain
58;Grand Hotel
580;Jason and the Argonauts
581;The Pleasure Garden
582;HÃ´tel Terminus: The Life and Times of Klaus Barbie
583;Peter's Friends
584;Predator
585;Commando
586;Richard III
587;Mickey's Christmas Carol
588;Sweet Home Alabama
589;Magnolia
590;Promises
591;South Park: Bigger, Longer & Uncut
592;Elephant
593;Equilibrium
594;The Orphan's Benefit
595;Don't Say a Word
596;Secretary
597;Cabaret
598;Crush
599;Paris, Texas
6;Cutaway
60;Animal Crackers
600;Tillie's Punctured Romance
602;Air Force One
603;D.O.A.
604;To Catch a Thief
605;Topaz
606;Starting Over
607;The Rose
608;Resurrection
609;Gloria
61;Incubus
610;Only When I Laugh
611;Battle of Britain
612;Amy Stiller's Breast
613;The Man Who Wasn't There
614;Weird Science
615;Pandemonium
616;Pandaemonium
617;Kid's Story
618;Austin Powers:The Spy Who Shagged Me
619;John Henry
62;Airplane!
620;Testament
621;The Diary of Anne Frank
622;My Old Kentucky Home
623;Halloween III: Season of the Witch
624;Caligula
625;Fanboys
626;Twin Peaks: Fire Walk With Me
627;Manos: The Hands of Fate
628;The Morning After
629;Prisoner
63;Metropolis
630;Wild at Heart
631;Sabotage
632;Dreams
633;Stingray
634;The Fast and the Furious
635;A Hard Day's Night
636;The Land Girls
637;Holiday Inn
638;Bound
639;Rabbit-Proof Fence
64;Lara Croft: Tomb Raider
640;Duel
641;Excalibur
642;Captain Corelli's Mandolin
643;King of Hearts
644;Black Jack
645;The Mummy
646;The Mummy
647;The Mummy
648;Bill & Ted's Bogus Journey
649;Hatter's Castle
65;X-Men
650;Charlie's Angels: Full Throttle
651;The American President
652;Strangers on a Train
654;Robin Hood: Prince of Thieves
655;An Alan Smithee Film: Burn Hollywood Burn
656;Mad Max 2: The Road Warrior
657;Ghost World
658;Hols: Prince of the Sun
659;Hackers
66;The Song Remains the Same
660;Marnie
661;Lifeboat
662;Utu
663;Schtonk!
664;Buena Vista Social Club
665;Scarface
666;Colossus: The Forbin Project
667;It
668;Tsubasa: Reservoir Chronicle
669;Faces
67;French Kiss
670;Dilwale Dulhaniy Le Jayenge
671;Selena
672;The Battle of the Somme
673;The Devil's Disciple
674;Mickey's Revue
675;Star Trek: The Motion Picture
676;My Best Friend's Wedding
677;There's Something About Mary
678;America's Sweethearts
679;Entrapment
68;Star Wars Episode VI: Return of the Jedi
680;Bulldog Drummond's Secret Police
681;Tomcats
682;Jesus
683;Sinbad: Legend of the Seven Seas
684;Medusa: Dare to Be Truthful
685;Anastasia
686;Porky's
687;Love & Pop
688;Stalker
689;Annie Get Your Gun
69;Star Wars Episode I: The Phantom Menace
690;Deep Impact
691;Lady and the Tramp II: Scamp's Adventure
692;Jude
693;Holy Smoke!
694;A Kid in King Arthur's Court
695;Trick or Treat
696;Rudy
697;The Lodger: A Story of the London Fog
698;The Firm
699;X2
70;Star Wars Episode II: Attack of the Clones
700;Shiri
701;Piglet's Big Movie
702;East of Eden
703;Passion
704;Longshot
705;Collateral Damage
706;Home Alone 2: Lost in New York
707;Stage Fright
708;ABBA - The Movie
709;Striptease
71;Breakfast at Tiffany's
710;L'homme du train
711;Love's Labour's Lost
712;11'9''01 September 11
713;The Cotton Club
714;IrrÃ©versible
715;Malcolm X
716;Kill Bill
717;The Little Mermaid
718;Ishtar
719;Twister
72;Titanic
720;Bed & Board
721;The Birds
722;Madagascar
723;Battle Royale
724;Problem Child
725;The Net
726;Return of the Living Dead
727;La Bamba
728;The Lion King II: Simba's Pride
729;Naked Lunch
73;Independence Day
730;Three Comrades
731;The Phantom of the Opera
732;The Phantom of the Opera
733;Interstella 5555: The 5tory of the 5ecret 5tar 5ystem
734;Les MisÃ©rables
735;Prince of Darkness
736;Life pornography
737;Batman: Mask of the Phantasm
738;The Good Son
739;House Party
74;Armageddon
740;Yojimbo
741;Tron
742;The Last Unicorn
743;Boys' Night Out
744;Mr. Baseball
745;Spanish Fly
746;The Score
747;Hobson's Choice
748;O Lucky Man!
749;Xanadu
75;Star Wars Episode IV: A New Hope
750;Hero
751;8Â½
752;Addicted to Love
753;Tadpole
754;Panic
755;Pirates of the Caribbean: The Curse of the Black Pearl
756;Troy
757;Arachnophobia
758;The Boys Next Door
759;October: Ten Days That Shook The World
76;Star Wars Episode V: The Empire Strikes Back
760;L'avventura
761;Trick
762;Pirates
763;Character
764;Romeo and Juliet
765;Who's That Girl?
766;The Decameron
767;Ace Ventura: Pet Detective
768;Grease
769;The Two Towers: The Purist Edit
77;Pulp Fiction
770;Snuff
771;Bram Stoker's Dracula
772;The Emperor's New Groove
773;Dating Do's and Don'ts
775;Splash
776;Ah, L'Amour
777;Simon, Simon
778;Charlie's Angels
779;Swingers
78;Star Wars Episode III: Revenge of the Sith
780;D.C. Sniper: 23 Days of Fear
781;Gift
782;Mackenna's Gold
783;Ghost in the Shell 2: Innocence
784;Wes Craven's New Nightmare
785;Garfield
786;Oliver & Company
787;Beethoven
788;Jetsons: The Movie
789;TÅi oÅÃ­Å¡ky pro popelku/Drei HaselnÃ¼sse fÃ¼r AschenbrÃ¶del
79;Miller's Crossing
790;The Vanishing
791;Fast, Cheap and Out of Control
792;Gallipoli
793;Second Skin
794;Kingdom of Heaven
795;Die Hard: With a Vengeance
796;The First $20 Million Is Always the Hardest
797;Class
798;Pete's Dragon
799;Dr. Who and the Daleks
8;Dr. Strangelove or: How I Learned to Stop Worrying and Love the Bomb
80;Sleepy Hollow
800;Entr'acte
801;Ladies and Gentlemen, The Fabulous Stains
802;Superman
803;Muriel's Wedding
805;Cowboy Bebop: The Movie
806;Donald's Cousin Gus
807;Ginger Snaps
808;Babes in Toyland
809;Atlantis: The Lost Empire
81;Casablanca
810;Gandhi
811;Lost in Translation
812;Young TÃ¶rless
813;Master and Commander: The Far Side of the World
814;Cube
816;The Party
817;Arrowsmith
818;Faust
819;Mickey's Polo Team
82;Tora! Tora! Tora!
820;The Civil War
821;Maverick
822;Lagaan: Once Upon a Time in India
823;Mother, Mother, Mother Pin a Rose on Me
824;Death, Deceit and Destiny Aboard the Orient Express
825;sex, lies and videotape
826;The Lion King 1Â½
827;The Fall of the Roman Empire
828;Alexander Nevsky
829;Barbershop
83;The Manchurian Candidate
830;Mr. Halpern and Mr. Johnson
831;Un Chant d'Amour
832;The Haunted Mansion
833;UHF
834;The Hire: The Follow
835;Louisiana Purchase
837;Jackie Brown
839;The Lord of the Rings
84;Wall Street
840;Cinderella
841;Pocahontas
842;Pocahontas
843;Derrida
844;Good bye, Lenin!
845;Black and White
846;It's All About Love
847;The Hunchback of Notre Dame
848;The Hunchback of Notre Dame
849;Pinky
85;The Good Earth
850;Run
851;Quintet
852;Ma vraie vie Ã  Rouen
853;The Crow
854;The Fast and the Furious
855;Rushmore
856;Hulk
857;Superman IV: The Quest For Peace
859;Dante's Peak
86;It's a Wonderful Life
860;Sniper
861;The Punisher
862;Ulzana's Raid
863;Taxi
864;Walker
865;Peeping Tom
866;Something's Gotta Give
867;XXX
868;Burgu i MÃ«rgimit 1
869;Day for Night
87;The Red Shoes
870;Amistad
871;Lancelot du Lac
872;What the Butler Saw
873;Brigham Young
874;Contact
875;Love Letter
876;The Super Dimension Fortress Macross: Do You Remember Love?
877;Der Fuehrer's Face
878;Chameli
879;The Best of Insomniac Uncensored
88;State Fair
880;Distance
881;Canada: A People's History
882;After Life
883;Blood: The Last Vampire
884;The Emperor's Club
885;Immortal Beloved
886;Touch
887;Pee-wee's Big Adventure
888;Bully
889;Broken
89;Wings
890;Tremors
892;Accident
893;×××¡× ××'×××¨
894;Hitler: The Last Ten Days
895;The Kiss
896;Benny & Joon
897;Romero
898;Live from Baghdad
899;Orange County
9;Fearless
90;Seventh Heaven
900;Blackadder: Back & Forth
901;Dungeons & Dragons
902;Mask
903;Lara Croft Tomb Raider: The Cradle of Life
904;Monster
905;Hook
906;Stella
907;Seabiscuit
908;Exotica
909;Lost Horizon
91;Skippy
910;Dirty Rotten Scoundrels
911;Sorcerer
912;Samson and Delilah
913;Legally Blonde 2: Red, White & Blonde
914;Class Action
915;Elf
916;The Little Mermaid II: Return to the Sea
917;Hay Fever
918;Tonight at 8:30
92;Trader Horn
920;Warlock
921;Panic Room
922;The Dead Zone
923;Delicatessen
924;AimÃ©e & Jaguar
925;Taxi
926;Taxi
927;Mission: Impossible II
928;The Killer
929;M. Butterfly
93;Shanghai Express
930;Godfather
931;Underworld
932;Elektra
933;...tick...tick...tick...
934;Masada
935;Cheaper by the Dozen
936;The Fly
937;The Makioka Sisters
938;Wishmaster
939;Pandora's Box
94;Smilin' Through
940;Pi
941;The Devils
942;Mystic River
943;A Bug's Life
944;City of God
945;Cold Mountain
946;Deep Throat
947;I'll Never Forget What's 'Isname
948;Impromptu
949;Bad News Bears
95;Cleopatra
950;Madigan's Millions
951;Miracle
952;Mandragora
953;Anger Management
954;Pink Floyd: Live at Pompeii
955;Mad Max 4: Fury Road
956;Philadelphia
957;Thirteen
958;Thunderbirds
959;Avalon
96;The Thin Man
960;Hardcore
961;Ghost Dog: The Way of the Samurai
963;It's My Body
964;Blade
965;Doctor Who
966;Tennessee's Partner
967;King Kong
968;Alice
969;Ramona
97;Viva Villa!
970;Wasabi
971;Justice
972;Laurel Canyon
973;Alex & Emma
974;Batman: Mystery of the Batwoman
975;æ®ºãã®çå°
976;Can't Hardly Wait
977;Psycho
978;At the End of the Day: The Sue Rodriguez Story
979;Eraser
98;The Patriot
980;Beauty and the Beast: The Enchanted Christmas
981;Kung Fu
982;The King of Comedy
983;Bent
984;The Adventures of Priscilla, Queen of the Desert
985;Point Break
986;MalÃ¨na
987;Miranda
988;Mortal Kombat: Annihilation
989;Jesus of Nazareth
99;The Big House
990;Dr. Phibes Rises Again
991;Rush Hour
992;Kiki's Delivery Service
993;Memories
994;Ace o Nerae!
995;Shiva
996;Doom
997;Jacob's Ladder
998;S.O.B.
999;Toys
